action,taxon_name,id,taxon_id,status,iucn_equivalent,authority,url,geoprivacy,place_id,username,description
UPDATE,Bellatorias obiri,152433,38633,endangered,Vulnerable, Territory Parks and Wildlife Conservation Act 1976,https://biodiversity.org.au/afd/taxa/2afc8501-f330-4973-84d9-94dc817d793c,obscured,9994,peggydnew,Listed as Threatened - refer to https://nt.gov.au/environment
UPDATE,Bellatorias obiri,152433,38633,endangered,Vulnerable, Territory Parks and Wildlife Conservation Act 1976,https://biodiversity.org.au/afd/taxa/2afc8501-f330-4973-84d9-94dc817d793c,obscured,9994,peggydnew,Listed as Threatened - refer to https://nt.gov.au/environment
UPDATE,Hipposideros inornatus,152434,74425,endangered,Vulnerable, Territory Parks and Wildlife Conservation Act 1976,https://biodiversity.org.au/afd/taxa/5d2dab40-ff9d-46d9-b31e-970b79bbc73b,obscured,9994,peggydnew,Listed as Threatened - refer to https://nt.gov.au/environment
UPDATE,Hipposideros stenotis,152436,40743,endangered,Vulnerable, Territory Parks and Wildlife Conservation Act 1976,https://biodiversity.org.au/afd/taxa/26fe0f53-6d66-4607-8fc6-55b99302992e,obscured,9994,peggydnew,Listed as Threatened - refer to https://nt.gov.au/environment
UPDATE,Macroderma gigas,152432,41326,endangered,Vulnerable, Territory Parks and Wildlife Conservation Act 1976,https://biodiversity.org.au/afd/taxa/63bc796a-5a85-45bc-b4bc-edecc931cc50,obscured,9994,peggydnew,Listed as Threatened - refer to https://nt.gov.au/environment
UPDATE,Pezoporus occidentalis,152431,73180,endangered,Vulnerable, Territory Parks and Wildlife Conservation Act 1976,https://biodiversity.org.au/afd/taxa/c630f3b0-528a-4686-a2a1-73113135f214,obscured,9994,peggydnew,Listed as Threatened - refer to https://nt.gov.au/environment
UPDATE,Pezoporus occidentalis,152431,73180,endangered,Vulnerable, Territory Parks and Wildlife Conservation Act 1976,https://biodiversity.org.au/afd/taxa/c630f3b0-528a-4686-a2a1-73113135f214,obscured,9994,peggydnew,Listed as Threatened - refer to https://nt.gov.au/environment
UPDATE,Polytelis alexandrae,152435,19250,endangered,Vulnerable, Territory Parks and Wildlife Conservation Act 1976,https://biodiversity.org.au/afd/taxa/be7a08f5-387f-4156-91e2-77f0d3d09d8c,obscured,9994,peggydnew,Listed as Threatened - refer to https://nt.gov.au/environment
UPDATE,Polytelis alexandrae,152435,19250,endangered,Vulnerable, Territory Parks and Wildlife Conservation Act 1976,https://biodiversity.org.au/afd/taxa/be7a08f5-387f-4156-91e2-77f0d3d09d8c,obscured,9994,peggydnew,Listed as Threatened - refer to https://nt.gov.au/environment
ADD,Acacia equisetifolia,,1253756,Threatened,Vulnerable, Territory Parks and Wildlife Conservation Act 1976,https://id.biodiversity.org.au/node/apni/2890781,obscured,9994,peggydnew,Listed as Threatened - refer to https://nt.gov.au/environment
ADD,Acacia latzii,,1254327,Threatened,Vulnerable, Territory Parks and Wildlife Conservation Act 1976,https://id.biodiversity.org.au/node/apni/2906346,obscured,9994,peggydnew,Listed as Threatened - refer to https://nt.gov.au/environment
ADD,Acacia peuce,,465191,Threatened,Vulnerable, Territory Parks and Wildlife Conservation Act 1976,https://id.biodiversity.org.au/node/apni/2906202,obscured,9994,peggydnew,Listed as Threatened - refer to https://nt.gov.au/environment
ADD,Acacia praetermissa,,1254561,Threatened,Vulnerable, Territory Parks and Wildlife Conservation Act 1976,https://id.biodiversity.org.au/node/apni/2894855,obscured,9994,peggydnew,Listed as Threatened - refer to https://nt.gov.au/environment
ADD,Acacia undoolyana,,1254884,Threatened,Vulnerable, Territory Parks and Wildlife Conservation Act 1976,https://id.biodiversity.org.au/node/apni/2891259,obscured,9994,peggydnew,Listed as Threatened - refer to https://nt.gov.au/environment
ADD,Acanthophis hawkei,,93063,Threatened,Vulnerable, Territory Parks and Wildlife Conservation Act 1976,https://biodiversity.org.au/afd/taxa/c280fedf-63f2-4c5d-a4b4-ad6263dcaeba,obscured,9994,peggydnew,Listed as Threatened - refer to https://nt.gov.au/environment
ADD,Actinotus schwarzii,,740066,Threatened,Vulnerable, Territory Parks and Wildlife Conservation Act 1976,https://id.biodiversity.org.au/node/apni/2911359,obscured,9994,peggydnew,Listed as Threatened - refer to https://nt.gov.au/environment
ADD,Adiantum capillus-veneris,,63916,Threatened,Vulnerable, Territory Parks and Wildlife Conservation Act 1976,https://id.biodiversity.org.au/node/apni/2887223,obscured,9994,peggydnew,Listed as Threatened - refer to https://nt.gov.au/environment
ADD,Amperea spicata,,1305013,Threatened,Vulnerable, Territory Parks and Wildlife Conservation Act 1976,https://id.biodiversity.org.au/node/apni/2902691,obscured,9994,peggydnew,Listed as Threatened - refer to https://nt.gov.au/environment
ADD,Amphidromus cognatus,,93912,Threatened,Vulnerable, Territory Parks and Wildlife Conservation Act 1976,https://biodiversity.org.au/afd/taxa/e7b52a3b-6575-495b-a2b3-e3f0e0e2fbc1,obscured,9994,peggydnew,Listed as Threatened - refer to https://nt.gov.au/environment
ADD,Amytornis dorotheae,,12120,Threatened,Vulnerable, Territory Parks and Wildlife Conservation Act 1976,https://biodiversity.org.au/afd/taxa/425c0e16-780d-44da-b916-e0c4cf9ecd1d,obscured,9994,peggydnew,Listed as Threatened - refer to https://nt.gov.au/environment
ADD,Amytornis modestus indulkanna,,713116,Threatened,Vulnerable, Territory Parks and Wildlife Conservation Act 1976,https://biodiversity.org.au/afd/taxa/1309cbb2-5187-4687-9045-042c371100f9,obscured,9994,peggydnew,Listed as Threatened - refer to https://nt.gov.au/environment
ADD,Amytornis modestus modestus,,713115,Threatened,Vulnerable, Territory Parks and Wildlife Conservation Act 1976,https://biodiversity.org.au/afd/taxa/8e0e9a30-6fc4-43fe-951f-0c6ca468e2ef,obscured,9994,peggydnew,Listed as Threatened - refer to https://nt.gov.au/environment
ADD,Amytornis woodwardi,,12125,Threatened,Vulnerable, Territory Parks and Wildlife Conservation Act 1976,https://biodiversity.org.au/afd/taxa/efee8cb8-20c0-4d35-84b5-c0e904723697,obscured,9994,peggydnew,Listed as Threatened - refer to https://nt.gov.au/environment
ADD,Angiopteris evecta,,122319,Threatened,Vulnerable, Territory Parks and Wildlife Conservation Act 1976,https://id.biodiversity.org.au/taxon/apni/51299822,obscured,9994,peggydnew,Listed as Threatened - refer to https://nt.gov.au/environment
ADD,Antechinus bellus,,40185,Threatened,Vulnerable, Territory Parks and Wildlife Conservation Act 1976,https://biodiversity.org.au/afd/taxa/b57ff121-94f2-4aaf-b29c-149c58a4fdc9,obscured,9994,peggydnew,Listed as Threatened - refer to https://nt.gov.au/environment
ADD,Atalaya brevialata,,881629,Threatened,Vulnerable, Territory Parks and Wildlife Conservation Act 1976,https://id.biodiversity.org.au/node/apni/2915822,obscured,9994,peggydnew,Listed as Threatened - refer to https://nt.gov.au/environment
ADD,Attacus wardi,,927639,Threatened,Vulnerable, Territory Parks and Wildlife Conservation Act 1976,https://biodiversity.org.au/afd/taxa/8a05008e-53e8-4773-855a-43ac29cc6056,obscured,9994,peggydnew,Listed as Threatened - refer to https://nt.gov.au/environment
ADD,Attacus wardi,,927639,Threatened,Vulnerable, Territory Parks and Wildlife Conservation Act 1976,https://biodiversity.org.au/afd/taxa/8a05008e-53e8-4773-855a-43ac29cc6056,obscured,9994,peggydnew,Listed as Threatened - refer to https://nt.gov.au/environment
ADD,Bettongia anhydra,,506174,Threatened,Vulnerable, Territory Parks and Wildlife Conservation Act 1976,https://biodiversity.org.au/afd/taxa/d0417599-c203-433a-876f-f407565328ea,obscured,9994,peggydnew,Listed as Threatened - refer to https://nt.gov.au/environment
ADD,Bettongia penicillata,,42998,Threatened,Vulnerable, Territory Parks and Wildlife Conservation Act 1976,https://biodiversity.org.au/afd/taxa/f0a35454-d304-42db-b3d9-b03a863e6223,obscured,9994,peggydnew,Listed as Threatened - refer to https://nt.gov.au/environment
ADD,Bolbitis quoyana,,490901,Threatened,Vulnerable, Territory Parks and Wildlife Conservation Act 1976,https://id.biodiversity.org.au/node/apni/2919667,obscured,9994,peggydnew,Listed as Threatened - refer to https://nt.gov.au/environment
ADD,Boronia quadrilata,,1252101,Threatened,Vulnerable, Territory Parks and Wildlife Conservation Act 1976,https://id.biodiversity.org.au/node/apni/2910582,obscured,9994,peggydnew,Listed as Threatened - refer to https://nt.gov.au/environment
ADD,Boronia viridiflora,,1252125,Threatened,Vulnerable, Territory Parks and Wildlife Conservation Act 1976,https://id.biodiversity.org.au/node/apni/2920323,obscured,9994,peggydnew,Listed as Threatened - refer to https://nt.gov.au/environment
ADD,Bothriembryon spenceri,,95905,Threatened,Vulnerable, Territory Parks and Wildlife Conservation Act 1976,https://biodiversity.org.au/afd/taxa/de87fc4c-e45e-4843-9012-857a70c0c5de,obscured,9994,peggydnew,Listed as Threatened - refer to https://nt.gov.au/environment
ADD,Calidris canutus,,3845,Threatened,Vulnerable, Territory Parks and Wildlife Conservation Act 1976,https://biodiversity.org.au/afd/taxa/e2b8086f-fb5a-41ac-9003-d9aed827dfe3,obscured,9994,peggydnew,Listed as Threatened - refer to https://nt.gov.au/environment
ADD,Calidris ferruginea,,3863,Threatened,Vulnerable, Territory Parks and Wildlife Conservation Act 1976,https://biodiversity.org.au/afd/taxa/e6ea1087-ce34-4cf8-be85-546a9d732965,obscured,9994,peggydnew,Listed as Threatened - refer to https://nt.gov.au/environment
ADD,Calidris tenuirostris,,3852,Threatened,Vulnerable, Territory Parks and Wildlife Conservation Act 1976,https://biodiversity.org.au/afd/taxa/3e9c17c9-270f-4a74-9ed8-7ccabd575be9,obscured,9994,peggydnew,Listed as Threatened - refer to https://nt.gov.au/environment
ADD,Calochilus caeruleus,,1255202,Threatened,Vulnerable, Territory Parks and Wildlife Conservation Act 1976,https://id.biodiversity.org.au/taxon/apni/51400202,obscured,9994,peggydnew,Listed as Threatened - refer to https://nt.gov.au/environment
ADD,Caretta caretta,,39665,Threatened,Vulnerable, Territory Parks and Wildlife Conservation Act 1976,https://biodiversity.org.au/afd/taxa/910b27e8-19c3-4194-b55a-fd95a80ccdf9,obscured,9994,peggydnew,Listed as Threatened - refer to https://nt.gov.au/environment
ADD,Carex fascicularis,,400418,Threatened,Vulnerable, Territory Parks and Wildlife Conservation Act 1976,https://id.biodiversity.org.au/node/apni/2911592,obscured,9994,peggydnew,Listed as Threatened - refer to https://nt.gov.au/environment
ADD,Chaeropus ecaudatus,,43279,Threatened,Vulnerable, Territory Parks and Wildlife Conservation Act 1976,https://biodiversity.org.au/afd/taxa/83f8084f-9d2a-4a75-8396-e2159d6f7691,obscured,9994,peggydnew,Listed as Threatened - refer to https://nt.gov.au/environment
ADD,Charadrius leschenaultii,,4812,Threatened,Vulnerable, Territory Parks and Wildlife Conservation Act 1976,https://biodiversity.org.au/afd/taxa/9aeef589-2845-4876-a57b-b62fcbc49275,obscured,9994,peggydnew,Listed as Threatened - refer to https://nt.gov.au/environment
ADD,Charadrius mongolus,,4785,Threatened,Vulnerable, Territory Parks and Wildlife Conservation Act 1976,https://biodiversity.org.au/afd/taxa/bc2f1f65-2844-4e3c-a07e-b60717967b78,obscured,9994,peggydnew,Listed as Threatened - refer to https://nt.gov.au/environment
ADD,Chlamydogobius japalpa,,529980,Threatened,Vulnerable, Territory Parks and Wildlife Conservation Act 1976,https://biodiversity.org.au/afd/taxa/6281d866-d484-41b3-84e5-03adf670a976,obscured,9994,peggydnew,Listed as Threatened - refer to https://nt.gov.au/environment
ADD,Clausena excavata,,345598,Threatened,Vulnerable, Territory Parks and Wildlife Conservation Act 1976,https://id.biodiversity.org.au/taxon/apni/51264674,obscured,9994,peggydnew,Listed as Threatened - refer to https://nt.gov.au/environment
ADD,Clematis decipiens,,791016,Threatened,Vulnerable, Territory Parks and Wildlife Conservation Act 1976,https://id.biodiversity.org.au/node/apni/2918065,obscured,9994,peggydnew,Listed as Threatened - refer to https://nt.gov.au/environment
ADD,Cleome insolata,,871318,Threatened,Vulnerable, Territory Parks and Wildlife Conservation Act 1976,https://id.biodiversity.org.au/node/apni/2907244,obscured,9994,peggydnew,Listed as Threatened - refer to https://nt.gov.au/environment
ADD,Conilurus penicillatus,,45615,Threatened,Vulnerable, Territory Parks and Wildlife Conservation Act 1976,https://biodiversity.org.au/afd/taxa/f2453962-1dcf-49f4-944a-dbad66765ca7,obscured,9994,peggydnew,Listed as Threatened - refer to https://nt.gov.au/environment
ADD,Crepidium marsupichilum,,1051426,Threatened,Vulnerable, Territory Parks and Wildlife Conservation Act 1976,https://id.biodiversity.org.au/taxon/apni/51403327,obscured,9994,peggydnew,Listed as Threatened - refer to https://nt.gov.au/environment
ADD,Cryptoblepharus gurrmul,,98709,Threatened,Vulnerable, Territory Parks and Wildlife Conservation Act 1976,https://biodiversity.org.au/afd/taxa/1ce6b1ce-3f76-4a3e-8b45-9a9894e01d8c,obscured,9994,peggydnew,Listed as Threatened - refer to https://nt.gov.au/environment
ADD,Cryptocarya hypospodia,,369533,Threatened,Vulnerable, Territory Parks and Wildlife Conservation Act 1976,https://id.biodiversity.org.au/node/apni/2888165,obscured,9994,peggydnew,Listed as Threatened - refer to https://nt.gov.au/environment
ADD,Cycas armstrongii,,136182,Threatened,Vulnerable, Territory Parks and Wildlife Conservation Act 1976,https://id.biodiversity.org.au/node/apni/2915194,obscured,9994,peggydnew,Listed as Threatened - refer to https://nt.gov.au/environment
ADD,Dasycercus cristicauda,,40222,Threatened,Vulnerable, Territory Parks and Wildlife Conservation Act 1976,https://biodiversity.org.au/afd/taxa/469d7c2a-05e8-4fe4-b8da-ce0db1a351fd,obscured,9994,peggydnew,Listed as Threatened - refer to https://nt.gov.au/environment
ADD,Dasyuroides byrnei,,40249,Threatened,Vulnerable, Territory Parks and Wildlife Conservation Act 1976,https://biodiversity.org.au/afd/taxa/c342ff42-9ee4-41f6-8365-62b15c4d27f2,obscured,9994,peggydnew,Listed as Threatened - refer to https://nt.gov.au/environment
ADD,Dasyurus geoffroii,,40169,Threatened,Vulnerable, Territory Parks and Wildlife Conservation Act 1976,https://biodiversity.org.au/afd/taxa/a2260672-36df-48be-8a9e-d85a77237ba5,obscured,9994,peggydnew,Listed as Threatened - refer to https://nt.gov.au/environment
ADD,Dasyurus hallucatus,,40170,Threatened,Vulnerable, Territory Parks and Wildlife Conservation Act 1976,https://biodiversity.org.au/afd/taxa/5d7aeda8-2ec1-4111-830e-847f34321f88,obscured,9994,peggydnew,Listed as Threatened - refer to https://nt.gov.au/environment
ADD,Dendromyza reinwardtiana,,1166688,Threatened,Vulnerable, Territory Parks and Wildlife Conservation Act 1976,https://id.biodiversity.org.au/node/apni/2894610,obscured,9994,peggydnew,Listed as Threatened - refer to https://nt.gov.au/environment
ADD,Dermochelys coriacea,,39677,Threatened,Vulnerable, Territory Parks and Wildlife Conservation Act 1976,https://biodiversity.org.au/afd/taxa/9b31383c-4745-4b8f-a3bd-8b9e91619e47,obscured,9994,peggydnew,Listed as Threatened - refer to https://nt.gov.au/environment
ADD,Divellomelon hillieri,,99484,Threatened,Vulnerable, Territory Parks and Wildlife Conservation Act 1976,https://biodiversity.org.au/afd/taxa/0db769ef-c73e-4eb9-9cae-75a00eb1092a,obscured,9994,peggydnew,Listed as Threatened - refer to https://nt.gov.au/environment
ADD,Epthianura crocea tunneyi,,723367,Threatened,Vulnerable, Territory Parks and Wildlife Conservation Act 1976,https://biodiversity.org.au/afd/taxa/ddbd8b01-aeed-404b-a198-fa2a9b25ae3e,obscured,9994,peggydnew,Listed as Threatened - refer to https://nt.gov.au/environment
ADD,Eretmochelys imbricata,,39672,Threatened,Vulnerable, Territory Parks and Wildlife Conservation Act 1976,https://biodiversity.org.au/afd/taxa/96133221-771a-40d0-8368-ad428a55aaaa,obscured,9994,peggydnew,Listed as Threatened - refer to https://nt.gov.au/environment
ADD,Erythrotriorchis radiatus,,5396,Threatened,Vulnerable, Territory Parks and Wildlife Conservation Act 1976,https://biodiversity.org.au/afd/taxa/390a23b8-0097-4a2c-b068-283d2d4bd21f,obscured,9994,peggydnew,Listed as Threatened - refer to https://nt.gov.au/environment
ADD,Falco hypoleucos,,4642,Threatened,Vulnerable, Territory Parks and Wildlife Conservation Act 1976,https://biodiversity.org.au/afd/taxa/4c73a934-63ae-417d-af40-56a82ae68371,obscured,9994,peggydnew,Listed as Threatened - refer to https://nt.gov.au/environment
ADD,Falco hypoleucos,,4642,Threatened,Vulnerable, Territory Parks and Wildlife Conservation Act 1976,https://biodiversity.org.au/afd/taxa/4c73a934-63ae-417d-af40-56a82ae68371,obscured,9994,peggydnew,Listed as Threatened - refer to https://nt.gov.au/environment
ADD,Fregata andrewsi,,4635,Threatened,Vulnerable, Territory Parks and Wildlife Conservation Act 1976,https://biodiversity.org.au/afd/taxa/a34dfb52-93d0-4e83-a8e6-470a98ba7d64,obscured,9994,peggydnew,Listed as Threatened - refer to https://nt.gov.au/environment
ADD,Freycinetia excelsa,,369692,Threatened,Vulnerable, Territory Parks and Wildlife Conservation Act 1976,https://id.biodiversity.org.au/node/apni/2910420,obscured,9994,peggydnew,Listed as Threatened - refer to https://nt.gov.au/environment
ADD,Freycinetia percostata,,840858,Threatened,Vulnerable, Territory Parks and Wildlife Conservation Act 1976,https://id.biodiversity.org.au/node/apni/2893718,obscured,9994,peggydnew,Listed as Threatened - refer to https://nt.gov.au/environment
ADD,Garcinia warrenii,,864783,Threatened,Vulnerable, Territory Parks and Wildlife Conservation Act 1976,https://id.biodiversity.org.au/node/apni/2898201,obscured,9994,peggydnew,Listed as Threatened - refer to https://nt.gov.au/environment
ADD,Geophaps smithii smithii,,724093,Threatened,Vulnerable, Territory Parks and Wildlife Conservation Act 1976,https://biodiversity.org.au/afd/taxa/71feaa45-8cd2-4d09-968a-94baf51cdad6,obscured,9994,peggydnew,Listed as Threatened - refer to https://nt.gov.au/environment
ADD,Glyphis garricki,,101509,Threatened,Vulnerable, Territory Parks and Wildlife Conservation Act 1976,https://biodiversity.org.au/afd/taxa/1359a50e-ae00-4a2a-9e59-772664b293cd,obscured,9994,peggydnew,Listed as Threatened - refer to https://nt.gov.au/environment
ADD,Glyphis glyphis,,101510,Threatened,Vulnerable, Territory Parks and Wildlife Conservation Act 1976,https://biodiversity.org.au/afd/taxa/0a55566b-830b-437e-8bc3-f9bc294bb47d,obscured,9994,peggydnew,Listed as Threatened - refer to https://nt.gov.au/environment
ADD,Grantiella picta,,12664,Threatened,Vulnerable, Territory Parks and Wildlife Conservation Act 1976,https://biodiversity.org.au/afd/taxa/6dad05af-065a-4b0f-ac18-ff00331a3f3e,obscured,9994,peggydnew,Listed as Threatened - refer to https://nt.gov.au/environment
ADD,Granulomelon grandituberculatum,,101802,Threatened,Vulnerable, Territory Parks and Wildlife Conservation Act 1976,https://biodiversity.org.au/afd/taxa/982fb884-7034-4503-806d-4c95ad9edf92,obscured,9994,peggydnew,Listed as Threatened - refer to https://nt.gov.au/environment
ADD,Granulomelon squamulosum,,781344,Threatened,Vulnerable, Territory Parks and Wildlife Conservation Act 1976,https://biodiversity.org.au/afd/taxa/d5078f1f-b697-4aa9-b8be-abe68eaab6c2,obscured,9994,peggydnew,Listed as Threatened - refer to https://nt.gov.au/environment
ADD,Habenaria rumphii,,1044347,Threatened,Vulnerable, Territory Parks and Wildlife Conservation Act 1976,https://id.biodiversity.org.au/taxon/apni/51406339,obscured,9994,peggydnew,Listed as Threatened - refer to https://nt.gov.au/environment
ADD,Hoya australis oramicola,,348421,Threatened,Vulnerable, Territory Parks and Wildlife Conservation Act 1976,https://id.biodiversity.org.au/node/apni/2900009,obscured,9994,peggydnew,Listed as Threatened - refer to https://nt.gov.au/environment
ADD,Intsia bijuga,,343875,Threatened,Vulnerable, Territory Parks and Wildlife Conservation Act 1976,https://id.biodiversity.org.au/node/apni/2893539,obscured,9994,peggydnew,Listed as Threatened - refer to https://nt.gov.au/environment
ADD,Isoodon auratus,,43297,Threatened,Vulnerable, Territory Parks and Wildlife Conservation Act 1976,https://biodiversity.org.au/afd/taxa/1be76afe-2bb9-4ef0-a5c2-6e1f944e0847,obscured,9994,peggydnew,Listed as Threatened - refer to https://nt.gov.au/environment
ADD,Lagorchestes asomatus,,42953,Threatened,Vulnerable, Territory Parks and Wildlife Conservation Act 1976,https://biodiversity.org.au/afd/taxa/c9421a1e-00a2-4b36-b8fd-2bd6462c4796,obscured,9994,peggydnew,Listed as Threatened - refer to https://nt.gov.au/environment
ADD,Lagorchestes hirsutus,,42951,Threatened,Vulnerable, Territory Parks and Wildlife Conservation Act 1976,ALA_DR656_1045,obscured,9994,peggydnew,Listed as Threatened - refer to https://nt.gov.au/environment
ADD,Leipoa ocellata,,2040,Threatened,Vulnerable, Territory Parks and Wildlife Conservation Act 1976,https://biodiversity.org.au/afd/taxa/c44c9098-c4fc-4f64-884c-e367389b194f,obscured,9994,peggydnew,Listed as Threatened - refer to https://nt.gov.au/environment
ADD,Lepidochelys olivacea,,39670,Threatened,Vulnerable, Territory Parks and Wildlife Conservation Act 1976,https://biodiversity.org.au/afd/taxa/9a977391-19d1-407a-b979-5d0fa4c49f32,obscured,9994,peggydnew,Listed as Threatened - refer to https://nt.gov.au/environment
ADD,Leporillus apicalis,,45508,Threatened,Vulnerable, Territory Parks and Wildlife Conservation Act 1976,https://biodiversity.org.au/afd/taxa/5ac0db97-0266-442f-86b3-f21c3f98f58a,obscured,9994,peggydnew,Listed as Threatened - refer to https://nt.gov.au/environment
ADD,Limosa lapponica baueri,,413488,Threatened,Vulnerable, Territory Parks and Wildlife Conservation Act 1976,https://biodiversity.org.au/afd/taxa/0ba19a99-7771-4774-a5fb-857cee1cc65f,obscured,9994,peggydnew,Listed as Threatened - refer to https://nt.gov.au/environment
ADD,Limosa lapponica menzbieri,,710904,Threatened,Vulnerable, Territory Parks and Wildlife Conservation Act 1976,https://biodiversity.org.au/afd/taxa/585f6243-c390-4f82-a844-f020c7b02675,obscured,9994,peggydnew,Listed as Threatened - refer to https://nt.gov.au/environment
ADD,Liopholis kintorei,,38622,Threatened,Vulnerable, Territory Parks and Wildlife Conservation Act 1976,https://biodiversity.org.au/afd/taxa/08ac895d-b350-43d6-8810-65459a59f072,obscured,9994,peggydnew,Listed as Threatened - refer to https://nt.gov.au/environment
ADD,Liopholis slateri,,38600,Threatened,Vulnerable, Territory Parks and Wildlife Conservation Act 1976,https://biodiversity.org.au/afd/taxa/0c067eab-4872-4eed-81d6-c9b0e18b764d,obscured,9994,peggydnew,Listed as Threatened - refer to https://nt.gov.au/environment
ADD,Lucasium occultum,,33203,Threatened,Vulnerable, Territory Parks and Wildlife Conservation Act 1976,https://biodiversity.org.au/afd/taxa/7d4bcf92-97c8-4908-bc94-7e97c9ae4960,obscured,9994,peggydnew,Listed as Threatened - refer to https://nt.gov.au/environment
ADD,Macrothelypteris torresiana,,165063,Threatened,Vulnerable, Territory Parks and Wildlife Conservation Act 1976,https://id.biodiversity.org.au/taxon/apni/51283745,obscured,9994,peggydnew,Listed as Threatened - refer to https://nt.gov.au/environment
ADD,Macrotis lagotis,,43325,Threatened,Vulnerable, Territory Parks and Wildlife Conservation Act 1976,https://biodiversity.org.au/afd/taxa/3814d122-c95f-467f-a3a2-2b269931b74f,obscured,9994,peggydnew,Listed as Threatened - refer to https://nt.gov.au/environment
ADD,Macrotis leucura,,43326,Threatened,Vulnerable, Territory Parks and Wildlife Conservation Act 1976,https://biodiversity.org.au/afd/taxa/284d8e3c-2ffe-4c46-a6f7-74d8c78dc9a9,obscured,9994,peggydnew,Listed as Threatened - refer to https://nt.gov.au/environment
ADD,Malurus coronatus coronatus,,713137,Threatened,Vulnerable, Territory Parks and Wildlife Conservation Act 1976,https://biodiversity.org.au/afd/taxa/13130ddb-b340-4197-a9e0-d565a63b4f2d,obscured,9994,peggydnew,Listed as Threatened - refer to https://nt.gov.au/environment
ADD,Mapania macrocephala,,1144548,Threatened,Vulnerable, Territory Parks and Wildlife Conservation Act 1976,https://id.biodiversity.org.au/node/apni/2894101,obscured,9994,peggydnew,Listed as Threatened - refer to https://nt.gov.au/environment
ADD,Melanodryas cucullata melvillensis,,726053,Threatened,Vulnerable, Territory Parks and Wildlife Conservation Act 1976,https://biodiversity.org.au/afd/taxa/2f2ceb96-42de-4259-8a84-a7733ffc14fb,obscured,9994,peggydnew,Listed as Threatened - refer to https://nt.gov.au/environment
ADD,Mesembriomys macrurus,,45811,Threatened,Vulnerable, Territory Parks and Wildlife Conservation Act 1976,https://biodiversity.org.au/afd/taxa/8884b130-b6cb-4b2e-87ed-98367734f02d,obscured,9994,peggydnew,Listed as Threatened - refer to https://nt.gov.au/environment
ADD,Mesodontrachia fitzroyana,,105630,Threatened,Vulnerable, Territory Parks and Wildlife Conservation Act 1976,https://biodiversity.org.au/afd/taxa/6ec7e2f6-df78-4609-86e9-c4b27e83674d,obscured,9994,peggydnew,Listed as Threatened - refer to https://nt.gov.au/environment
ADD,Minuria tridens,,1239555,Threatened,Vulnerable, Territory Parks and Wildlife Conservation Act 1976,https://id.biodiversity.org.au/node/apni/2893755,obscured,9994,peggydnew,Listed as Threatened - refer to https://nt.gov.au/environment
ADD,Mirafra javanica melvillensis,,726381,Threatened,Vulnerable, Territory Parks and Wildlife Conservation Act 1976,https://biodiversity.org.au/afd/taxa/9870b898-1858-464f-9a0f-39530a4a42ec,obscured,9994,peggydnew,Listed as Threatened - refer to https://nt.gov.au/environment
ADD,Mischocarpus stipitatus,,369306,Threatened,Vulnerable, Territory Parks and Wildlife Conservation Act 1976,https://id.biodiversity.org.au/taxon/apni/51389366,obscured,9994,peggydnew,Listed as Threatened - refer to https://nt.gov.au/environment
ADD,Myrmecobius fasciatus,,40262,Threatened,Vulnerable, Territory Parks and Wildlife Conservation Act 1976,https://biodiversity.org.au/afd/taxa/6c72d199-f0f1-44d3-8197-224a2f7cff5f,obscured,9994,peggydnew,Listed as Threatened - refer to https://nt.gov.au/environment
ADD,Notomys amplus,,45118,Threatened,Vulnerable, Territory Parks and Wildlife Conservation Act 1976,https://biodiversity.org.au/afd/taxa/a84b9233-458d-41ca-ace8-b77fbe9753ef,obscured,9994,peggydnew,Listed as Threatened - refer to https://nt.gov.au/environment
ADD,Notomys aquilo,,45115,Threatened,Vulnerable, Territory Parks and Wildlife Conservation Act 1976,https://biodiversity.org.au/afd/taxa/6ac36ddd-54f5-4ab4-9ad4-1a5405307c26,obscured,9994,peggydnew,Listed as Threatened - refer to https://nt.gov.au/environment
ADD,Notomys fuscus,,45114,Threatened,Vulnerable, Territory Parks and Wildlife Conservation Act 1976,https://biodiversity.org.au/afd/taxa/dbb2125e-bf71-4388-b129-562e4d7a8eb4,obscured,9994,peggydnew,Listed as Threatened - refer to https://nt.gov.au/environment
ADD,Notomys longicaudatus,,45113,Threatened,Vulnerable, Territory Parks and Wildlife Conservation Act 1976,https://biodiversity.org.au/afd/taxa/b90c3bf4-a12a-4123-9ae6-d798cb716380,obscured,9994,peggydnew,Listed as Threatened - refer to https://nt.gov.au/environment
ADD,Numenius madagascariensis,,3898,Threatened,Vulnerable, Territory Parks and Wildlife Conservation Act 1976,https://biodiversity.org.au/afd/taxa/5ff29bca-f02f-468f-9f96-9ae956015e01,obscured,9994,peggydnew,Listed as Threatened - refer to https://nt.gov.au/environment
ADD,Onychogalea lunata,,42958,Threatened,Vulnerable, Territory Parks and Wildlife Conservation Act 1976,https://biodiversity.org.au/afd/taxa/366e5d80-562e-48a3-8213-8182054cd90d,obscured,9994,peggydnew,Listed as Threatened - refer to https://nt.gov.au/environment
ADD,Ophidiocephalus taeniatus,,36975,Threatened,Vulnerable, Territory Parks and Wildlife Conservation Act 1976,https://biodiversity.org.au/afd/taxa/464d5453-faa9-44ed-b8b4-9e637e3966cd,obscured,9994,peggydnew,Listed as Threatened - refer to https://nt.gov.au/environment
ADD,Ordtrachia australis,,107862,Threatened,Vulnerable, Territory Parks and Wildlife Conservation Act 1976,https://biodiversity.org.au/afd/taxa/5b6f8a40-c263-4563-9063-2fc215b6eb5e,obscured,9994,peggydnew,Listed as Threatened - refer to https://nt.gov.au/environment
ADD,Ordtrachia septentrionalis,,107864,Threatened,Vulnerable, Territory Parks and Wildlife Conservation Act 1976,https://biodiversity.org.au/afd/taxa/1022fd12-0ad0-419c-8714-8ad319112b5a,obscured,9994,peggydnew,Listed as Threatened - refer to https://nt.gov.au/environment
ADD,Papasula abbotti,,3805,Threatened,Vulnerable, Territory Parks and Wildlife Conservation Act 1976,https://biodiversity.org.au/afd/taxa/98dbf46a-2d65-4d23-b1d1-e5f31efe94e0,obscured,9994,peggydnew,Listed as Threatened - refer to https://nt.gov.au/environment
ADD,Pedionomus torquatus,,4341,Threatened,Vulnerable, Territory Parks and Wildlife Conservation Act 1976,https://biodiversity.org.au/afd/taxa/30b4b2e5-0d5b-46cb-bddb-a2137a35fa2c,obscured,9994,peggydnew,Listed as Threatened - refer to https://nt.gov.au/environment
ADD,Perameles eremiana,,43307,Threatened,Vulnerable, Territory Parks and Wildlife Conservation Act 1976,https://biodiversity.org.au/afd/taxa/59459401-eaa5-4eb2-8192-2217b271ecf4,obscured,9994,peggydnew,Listed as Threatened - refer to https://nt.gov.au/environment
ADD,Petrogale concinna canescens,,1257952,Threatened,Vulnerable, Territory Parks and Wildlife Conservation Act 1976,https://biodiversity.org.au/afd/taxa/32e80463-95f8-4eb7-9f8e-fe75d58fb768,obscured,9994,peggydnew,Listed as Threatened - refer to https://nt.gov.au/environment
ADD,Phascogale calura,,40180,Threatened,Vulnerable, Territory Parks and Wildlife Conservation Act 1976,https://biodiversity.org.au/afd/taxa/36b436b1-3dc2-487d-8386-8bf3f3972e40,obscured,9994,peggydnew,Listed as Threatened - refer to https://nt.gov.au/environment
ADD,Phascogale pirata,,74865,Threatened,Vulnerable, Territory Parks and Wildlife Conservation Act 1976,https://biodiversity.org.au/afd/taxa/3a56cfa7-f2f1-4eb2-9f4b-33c0b57b5a4c,obscured,9994,peggydnew,Listed as Threatened - refer to https://nt.gov.au/environment
ADD,Pingalla lorentzi,,531025,Threatened,Vulnerable, Territory Parks and Wildlife Conservation Act 1976,https://biodiversity.org.au/afd/taxa/21f03177-b08e-45e0-a9bf-d550c592414b,obscured,9994,peggydnew,Listed as Threatened - refer to https://nt.gov.au/environment
ADD,Platysace saxatilis,,1410319,Threatened,Vulnerable, Territory Parks and Wildlife Conservation Act 1976,https://id.biodiversity.org.au/node/apni/2895508,obscured,9994,peggydnew,Listed as Threatened - refer to https://nt.gov.au/environment
ADD,Pristis clavata,,110378,Threatened,Vulnerable, Territory Parks and Wildlife Conservation Act 1976,https://biodiversity.org.au/afd/taxa/ff66381a-e641-437a-bd54-dcea9ee41a63,obscured,9994,peggydnew,Listed as Threatened - refer to https://nt.gov.au/environment
ADD,Pristis pristis,,110381,Threatened,Vulnerable, Territory Parks and Wildlife Conservation Act 1976,https://biodiversity.org.au/afd/taxa/4fc5aabd-2174-4c12-87ff-5e69007ecea2,obscured,9994,peggydnew,Listed as Threatened - refer to https://nt.gov.au/environment
ADD,Pristis zijsron,,110382,Threatened,Vulnerable, Territory Parks and Wildlife Conservation Act 1976,https://biodiversity.org.au/afd/taxa/6de028ef-6fca-4209-bb12-c67d5d4a3e09,obscured,9994,peggydnew,Listed as Threatened - refer to https://nt.gov.au/environment
ADD,Prostanthera schultzii,,1249849,Threatened,Vulnerable, Territory Parks and Wildlife Conservation Act 1976,https://id.biodiversity.org.au/node/apni/2897067,obscured,9994,peggydnew,Listed as Threatened - refer to https://nt.gov.au/environment
ADD,Pseudomys australis,,45205,Threatened,Vulnerable, Territory Parks and Wildlife Conservation Act 1976,https://biodiversity.org.au/afd/taxa/87497f45-a52b-4ee2-9472-8566cfdce22a,obscured,9994,peggydnew,Listed as Threatened - refer to https://nt.gov.au/environment
ADD,Pternandra coerulescens,,425772,Threatened,Vulnerable, Territory Parks and Wildlife Conservation Act 1976,https://id.biodiversity.org.au/node/apni/2899959,obscured,9994,peggydnew,Listed as Threatened - refer to https://nt.gov.au/environment
ADD,Ptychosperma macarthurii,,345560,Threatened,Vulnerable, Territory Parks and Wildlife Conservation Act 1976,https://id.biodiversity.org.au/node/apni/2889661,obscured,9994,peggydnew,Listed as Threatened - refer to https://nt.gov.au/environment
ADD,Rattus tunneyi,,44593,Threatened,Vulnerable, Territory Parks and Wildlife Conservation Act 1976,https://biodiversity.org.au/afd/taxa/ee8f37fd-7222-411a-bb00-c121dd894db1,obscured,9994,peggydnew,Listed as Threatened - refer to https://nt.gov.au/environment
ADD,Rostratula australis,,73358,Threatened,Vulnerable, Territory Parks and Wildlife Conservation Act 1976,https://biodiversity.org.au/afd/taxa/0e647393-fbcb-470a-994f-068aebecfceb,obscured,9994,peggydnew,Listed as Threatened - refer to https://nt.gov.au/environment
ADD,Santalum acuminatum,,488895,Threatened,Vulnerable, Territory Parks and Wildlife Conservation Act 1976,https://id.biodiversity.org.au/node/apni/2890993,obscured,9994,peggydnew,Listed as Threatened - refer to https://nt.gov.au/environment
ADD,Schoutenia ovata,,1063149,Threatened,Vulnerable, Territory Parks and Wildlife Conservation Act 1976,https://id.biodiversity.org.au/taxon/apni/51335951,obscured,9994,peggydnew,Listed as Threatened - refer to https://nt.gov.au/environment
ADD,Scortum neili,,531026,Threatened,Vulnerable, Territory Parks and Wildlife Conservation Act 1976,https://biodiversity.org.au/afd/taxa/76740795-e9bf-4292-ac10-3e9459d1137d,obscured,9994,peggydnew,Listed as Threatened - refer to https://nt.gov.au/environment
ADD,Sminthopsis butleri,,40215,Threatened,Vulnerable, Territory Parks and Wildlife Conservation Act 1976,https://biodiversity.org.au/afd/taxa/bb21f779-e593-4a8a-af2c-bde89ec2b944,obscured,9994,peggydnew,Listed as Threatened - refer to https://nt.gov.au/environment
ADD,Sminthopsis psammophila,,40198,Threatened,Vulnerable, Territory Parks and Wildlife Conservation Act 1976,https://biodiversity.org.au/afd/taxa/c8204326-242d-4c03-adf5-8c32d60cff6c,obscured,9994,peggydnew,Listed as Threatened - refer to https://nt.gov.au/environment
ADD,Sticherus flabellatus,,369383,Threatened,Vulnerable, Territory Parks and Wildlife Conservation Act 1976,https://id.biodiversity.org.au/node/apni/2899429,obscured,9994,peggydnew,Listed as Threatened - refer to https://nt.gov.au/environment
ADD,Stylidium ensatum,,864539,Threatened,Vulnerable, Territory Parks and Wildlife Conservation Act 1976,https://id.biodiversity.org.au/node/apni/2916606,obscured,9994,peggydnew,Listed as Threatened - refer to https://nt.gov.au/environment
ADD,Tarennoidea wallichii,,1126810,Threatened,Vulnerable, Territory Parks and Wildlife Conservation Act 1976,https://id.biodiversity.org.au/node/apni/2910947,obscured,9994,peggydnew,Listed as Threatened - refer to https://nt.gov.au/environment
ADD,Thrixspermum congestum,,1262109,Threatened,Vulnerable, Territory Parks and Wildlife Conservation Act 1976,https://id.biodiversity.org.au/taxon/apni/51414479,obscured,9994,peggydnew,Listed as Threatened - refer to https://nt.gov.au/environment
ADD,Trichosurus vulpecula vulpecula,,1196654,Threatened,Vulnerable, Territory Parks and Wildlife Conservation Act 1976,https://biodiversity.org.au/afd/taxa/a133593b-99d3-41dc-a7f6-43e70ec6ac35,obscured,9994,peggydnew,Listed as Threatened - refer to https://nt.gov.au/environment
ADD,Trochomorpha melvillensis,,114518,Threatened,Vulnerable, Territory Parks and Wildlife Conservation Act 1976,https://biodiversity.org.au/afd/taxa/effb2b37-f9cf-4dfc-ad11-cfd530a66e0b,obscured,9994,peggydnew,Listed as Threatened - refer to https://nt.gov.au/environment
ADD,Typhonium jonesii,,880595,Threatened,Vulnerable, Territory Parks and Wildlife Conservation Act 1976,https://id.biodiversity.org.au/node/apni/2904931,obscured,9994,peggydnew,Listed as Threatened - refer to https://nt.gov.au/environment
ADD,Typhonium praetermissum,,880594,Threatened,Vulnerable, Territory Parks and Wildlife Conservation Act 1976,https://id.biodiversity.org.au/node/apni/2896823,obscured,9994,peggydnew,Listed as Threatened - refer to https://nt.gov.au/environment
ADD,Tyto novaehollandiae kimberli,,732085,Threatened,Vulnerable, Territory Parks and Wildlife Conservation Act 1976,https://biodiversity.org.au/afd/taxa/d1a27333-c288-46d5-a034-f42920ddb1b8,obscured,9994,peggydnew,Listed as Threatened - refer to https://nt.gov.au/environment
ADD,Tyto novaehollandiae melvillensis,,732086,Threatened,Vulnerable, Territory Parks and Wildlife Conservation Act 1976,https://biodiversity.org.au/afd/taxa/b656fdb9-e0bc-4acb-ad99-5c6a57ae76a9,obscured,9994,peggydnew,Listed as Threatened - refer to https://nt.gov.au/environment
ADD,Uperoleia daviesae,,67254,Threatened,Vulnerable, Territory Parks and Wildlife Conservation Act 1976,https://biodiversity.org.au/afd/taxa/6a2cbc44-60bb-4178-bd20-ee7c2f868a5c,obscured,9994,peggydnew,Listed as Threatened - refer to https://nt.gov.au/environment
ADD,Utricularia dunstaniae,,866153,Threatened,Vulnerable, Territory Parks and Wildlife Conservation Act 1976,https://id.biodiversity.org.au/node/apni/2911169,obscured,9994,peggydnew,Listed as Threatened - refer to https://nt.gov.au/environment
ADD,Utricularia singeriana,,865339,Threatened,Vulnerable, Territory Parks and Wildlife Conservation Act 1976,https://id.biodiversity.org.au/node/apni/2890385,obscured,9994,peggydnew,Listed as Threatened - refer to https://nt.gov.au/environment
ADD,Varanus mertensi,,39445,Threatened,Vulnerable, Territory Parks and Wildlife Conservation Act 1976,https://biodiversity.org.au/afd/taxa/80775c81-177b-46f5-badb-1db904a06a21,obscured,9994,peggydnew,Listed as Threatened - refer to https://nt.gov.au/environment
ADD,Varanus mitchelli,,39444,Threatened,Vulnerable, Territory Parks and Wildlife Conservation Act 1976,https://biodiversity.org.au/afd/taxa/e95605b3-ef06-4a7e-9f58-f00196ba023f,obscured,9994,peggydnew,Listed as Threatened - refer to https://nt.gov.au/environment
ADD,Varanus panoptes,,39409,Threatened,Vulnerable, Territory Parks and Wildlife Conservation Act 1976,https://biodiversity.org.au/afd/taxa/fc42119f-8598-46ef-8d84-b2c5f80e819c,obscured,9994,peggydnew,Listed as Threatened - refer to https://nt.gov.au/environment
ADD,Vidumelon wattii,,114966,Threatened,Vulnerable, Territory Parks and Wildlife Conservation Act 1976,https://biodiversity.org.au/afd/taxa/3aedec6e-62ce-4644-b013-3bd55d50b6f5,obscured,9994,peggydnew,Listed as Threatened - refer to https://nt.gov.au/environment
ADD,Zeuxine oblonga,,369267,Threatened,Vulnerable, Territory Parks and Wildlife Conservation Act 1976,https://id.biodiversity.org.au/taxon/apni/51414589,obscured,9994,peggydnew,Listed as Threatened - refer to https://nt.gov.au/environment
ADD,Zyzomys maini,,45377,Threatened,Vulnerable, Territory Parks and Wildlife Conservation Act 1976,https://biodiversity.org.au/afd/taxa/3f638397-38b9-4bca-85f1-0c98430fdef4,obscured,9994,peggydnew,Listed as Threatened - refer to https://nt.gov.au/environment
ADD,Zyzomys palatalis,,75238,Threatened,Vulnerable, Territory Parks and Wildlife Conservation Act 1976,https://biodiversity.org.au/afd/taxa/54aa72cc-525b-4134-bf48-d9de4d905fa5,obscured,9994,peggydnew,Listed as Threatened - refer to https://nt.gov.au/environment
ADD,Zyzomys pedunculatus,,45374,Threatened,Vulnerable, Territory Parks and Wildlife Conservation Act 1976,https://biodiversity.org.au/afd/taxa/33ab483d-5bec-45a4-857a-f0a1bbd36bfe,obscured,9994,peggydnew,Listed as Threatened - refer to https://nt.gov.au/environment
