sourceOrigin,Species,authority,vernacularName,family,sourceStatus,epbcaStatus,class
end,Acacia axillaris,Benth.,midlands wattle,Fabaceae,v,VU,vascular
end,Acacia pataczekii,D.I.Morris,wallys wattle,Fabaceae,r,,vascular
,Acacia siculiformis,A.Cunn. ex Benth.,dagger wattle,Fabaceae,r,,vascular
,Acacia ulicifolia,(Salisb.) Court,juniper wattle,Fabaceae,r,,vascular
,Acacia uncifolia,(J.M.Black) O'Leary,coast wirilda,Fabaceae,r,,vascular
,Acrotriche cordata,(Labill.) R.Br.,coast groundberry,Ericaceae,v,,vascular
,Agrostis australiensis,Mez,southern bent,Poaceae,r,,vascular
end,Agrostis diemenica,D.I.Morris,flatleaf southern bent,Poaceae,r,,vascular
end,Allocasuarina crassa,L.A.S.Johnson,cape pillar sheoak,Casuarinaceae,r,,vascular
end,Allocasuarina duncanii,L.A.S.Johnson & D.I.Morris,conical sheoak,Casuarinaceae,r,,vascular
,Alternanthera denticulata,R.Br.,lesser joyweed,Amaranthaceae,e,,vascular
?i#,Amphibromus fluitans,Kirk,floating swampgrass,Poaceae,,VU,vascular
,Amphibromus macrorhinus,S.W.L.Jacobs & L.Lapinpuro,longnose swampgrass,Poaceae,e,,vascular
,Amphibromus neesii,Steud.,southern swampgrass,Poaceae,r,,vascular
,Anogramma leptophylla,(L.) Link,annual fern,Adiantaceae,v,,vascular
,Aphelia gracilis,Sond.,slender fanwort,Centrolepidaceae,r,,vascular
,Aphelia pumilio,F.Muell. ex Sond.,dwarf fanwort,Centrolepidaceae,r,,vascular
,Argyrotegium fordianum,(M.Gray) J.M.Ward & Breitw.,soft cottonleaf,Asteraceae,r,,vascular
,Argyrotegium nitidulum,(Hook.f.) J.M.Ward & Breitw.,shining cottonleaf,Asteraceae,v,VU,vascular
,Argyrotegium poliochlorum,(N.G.Walsh) J.M.Ward & Breitw.,greygreen cottonleaf,Asteraceae,r,,vascular
,Asperula minima,Hook.f.,mossy woodruff,Rubiaceae,r,,vascular
,Asperula scoparia subsp. scoparia,Hook.f.,prickly woodruff,Rubiaceae,r,,vascular
,Asperula subsimplex,Hook.f.,water woodruff,Rubiaceae,r,,vascular
,Asplenium hookerianum,Colenso,maidenhair spleenwort,Aspleniaceae,e,VU,vascular
,Asplenium trichomanes subsp. trichomanes,L.,dolerite spleenwort,Aspleniaceae,v,,vascular
,Atriplex suberecta,I.Verd.,sprawling saltbush,Amaranthaceae,v,,vascular
,Australina pusilla subsp. muelleri,(Wedd.) Friis & Wilmot-Dear,shade nettle,Urticaceae,r,,vascular
,Australopyrum velutinum,(Nees) B.K.Simon,velvet wheatgrass,Poaceae,r,,vascular
,Austrostipa bigeniculata,(Hughes) S.W.L.Jacobs & J.Everett ,doublejointed speargrass,Poaceae,r,,vascular
,Austrostipa blackii,(C.E.Hubb.) S.W.L.Jacobs & J.Everett ,crested speargrass,Poaceae,r,,vascular
eMI,Azorella macquariensis,Orchard,macquarie cushions,Apiaceae,e,CR,vascular
,Ballantinia antipoda,(F.Muell.) E.A.Shaw,southern shepherds purse,Brassicaceae,x,EN,vascular
,Banksia integrifolia subsp. integrifolia,L.f.,coast banksia,Proteaceae,x,,vascular
,Banksia serrata,L.f.,saw banksia,Proteaceae,r,,vascular
end,Barbarea australis,Hook.f.,riverbed wintercress,Brassicaceae,e,EN,vascular
,Baumea articulata,(R.Br.) S.T.Blake,jointed twigsedge,Cyperaceae,r,,vascular
,Baumea gunnii,(Hook.f.) S.T.Blake,slender twigsedge,Cyperaceae,r,,vascular
,Bedfordia arborescens,Hochr.,tree blanketleaf,Asteraceae,v,,vascular
end,Bertya tasmanica subsp. tasmanica,(Sond. & F.Muell.) Müll.Arg.,tasmanian bertya,Euphorbiaceae,e,EN,vascular
,Blechnum cartilagineum,Sw.,gristle fern,Blechnaceae,v,,vascular
,Blechnum neohollandicum,Christenh.,prickly raspfern,Blechnaceae,e,,vascular
,Blechnum spinulosum,Poir.,small raspfern,Blechnaceae,e,,vascular
,Bolboschoenus caldwellii,(V.J.Cook) Soják ,sea clubsedge,Cyperaceae,r,,vascular
,Bolboschoenus medianus,(V.J.Cook) Soják ,marsh clubsedge,Cyperaceae,r,,vascular
end,Boronia gunnii,Hook.f.,river boronia,Rutaceae,v,VU,vascular
end,Boronia hemichiton,Duretto,mt arthur boronia,Rutaceae,e,VU,vascular
end,Boronia hippopala,Duretto,velvet boronia,Rutaceae,v,VU,vascular
,Bossiaea heterophylla,Vent.,variable bossia,Fabaceae,e,,vascular
end,Bossiaea tasmanica,I.Thomps.,spiny bossia,Fabaceae,r,,vascular
,Botrychium australe,R.Br.,parsley fern,Ophioglossaceae,x,,vascular
,Brachyloma depressum,(F.Muell.) Benth.,spreading heath,Ericaceae,r,,vascular
,Brachyscome perpusilla,(Steetz) J.M.Black,tiny daisy,Asteraceae,r,,vascular
t,Brachyscome radicata,Hook.f.,spreading daisy,Asteraceae,r,,vascular
,Brachyscome rigidula,(DC.) G.L.Davis,cutleaf daisy,Asteraceae,v,,vascular
,Brunonia australis,Sm. ex R.Br.,blue pincushion,Goodeniaceae,r,,vascular
,Caesia calliantha,R.J.F.Hend.,blue grasslily,Hemerocallidaceae,r,,vascular
end,Caladenia anthracina,D.L.Jones,blacktip spider-orchid,Orchidaceae,e,CR,vascular
,Caladenia aurantiaca,(R.S.Rogers) Rupp,orangetip fingers,Orchidaceae,e,,vascular
,Caladenia australis,G.W.Carr,southern spider-orchid,Orchidaceae,e,,vascular
,Caladenia brachyscapa,G.W.Carr,short spider-orchid,Orchidaceae,e,EX,vascular
end,Caladenia campbellii,D.L.Jones,thickstem fairy fingers,Orchidaceae,e,CR,vascular
,Caladenia cardiochila,Tate,heartlip spider-orchid,Orchidaceae,x,,vascular
end,Caladenia caudata,Nicholls,tailed spider-orchid,Orchidaceae,v,VU,vascular
,Caladenia congesta,R.Br.,blacktongue finger-orchid,Orchidaceae,e,,vascular
end,Caladenia dienema,D.L.Jones,windswept spider-orchid,Orchidaceae,e,EN,vascular
,Caladenia filamentosa,R.Br.,daddy longlegs,Orchidaceae,r,,vascular
end,Caladenia lindleyana,(Rchb.f.) M.A.Clem. & D.L.Jones,lindleys spider-orchid,Orchidaceae,e,CR,vascular
end,Caladenia pallida,Lindl.,rosy spider-orchid,Orchidaceae,e,CR,vascular
,Caladenia patersonii,R.Br.,patersons spider-orchid,Orchidaceae,v,,vascular
,Caladenia prolata,D.L.Jones,white fingers,Orchidaceae,e,,vascular
,Caladenia pusilla,W.M.Curtis,tiny fingers,Orchidaceae,r,,vascular
end,Caladenia saggicola,D.L.Jones,sagg spider-orchid,Orchidaceae,e,CR,vascular
end,Caladenia sylvicola,D.L.Jones,forest fingers,Orchidaceae,e,CR,vascular
end,Caladenia tonellii,D.L.Jones,robust fingers,Orchidaceae,e,CR,vascular
,Calandrinia granulifera,Benth.,pygmy purslane,Portulacaceae,r,,vascular
,Callitriche sonderi,Hegelm.,matted waterstarwort,Plantaginaceae,r,,vascular
,Callitriche umbonata,Hegelm.,winged waterstarwort,Plantaginaceae,r,,vascular
end,Callitris oblonga subsp. oblonga,Rich.,south esk pine,Cupressaceae,v,EN,vascular
,Calocephalus citreus,Less.,lemon beautyheads,Asteraceae,r,,vascular
,Calocephalus lacteus,Less.,milky beautyheads,Asteraceae,r,,vascular
,Calochilus campestris,R.Br.,copper beard-orchid,Orchidaceae,e,,vascular
,Calystegia marginata,R.Br. ,forest bindweed,Convolvulaceae,e,,vascular
,Calystegia sepium subsp. sepium,(L.) R.Br.,swamp bindweed,Convolvulaceae,r,,vascular
,Calystegia soldanella,(L.) Roem. & Schult.,sea bindweed,Convolvulaceae,r,,vascular
,Carex capillacea,Boott,yellowleaf sedge,Cyperaceae,r,,vascular
,Carex cephalotes,F.Muell.,snow sedge,Cyperaceae,r,,vascular
,Carex gunniana,Boott,mountain sedge,Cyperaceae,r,,vascular
,Carex hypandra,F.Muell. ex Benth.,dark fen sedge,Cyperaceae,r,,vascular
,Carex longebrachiata,Boeck.,drooping sedge,Cyperaceae,r,,vascular
,Cassinia rugata,N.G.Walsh,wrinkled dollybush,Asteraceae,e,VU,vascular
,Caustis pentandra,R.Br.,thick twistsedge,Cyperaceae,r,,vascular
,Centipeda cunninghamii,(DC.) A.Braun & Asch.,erect sneezeweed,Asteraceae,r,,vascular
end,Centrolepis pedderensis,W.M.Curtis,pedder bristlewort,Centrolepidaceae,e,EN,vascular
end,Centrolepis strigosa subsp. pulvinata,(R.Br.) D.A.Cooke,bassian bristlewort,Centrolepidaceae,r,,vascular
end,Centropappus brunonis,Hook.f.,tasmanian daisytree,Asteraceae,r,,vascular
,Cheilanthes distans,(R.Br.) Mett.,bristly rockfern,Adiantaceae,e,,vascular
,Chenopodium erosum,R.Br. ,papery goosefoot,Amaranthaceae,x,,vascular
,Chiloglottis trapeziformis,Fitzg.,broadlip bird-orchid,Orchidaceae,e,,vascular
,Chiloglottis valida,D.L.Jones,large bird-orchid,Orchidaceae,e,,vascular
,Chorizandra enodis,Nees,black bristlesedge,Cyperaceae,e,,vascular
,Chrysocephalum baxteri,(A.Cunn. ex DC.) A.Anderb.,fringed everlasting,Asteraceae,r,,vascular
,Colobanthus curtisiae,J.G.West,grassland cupflower,Caryophyllaceae,r,VU,vascular
,Colobanthus pulvinatus,F.Muell.,cushion cupflower,Caryophyllaceae,r,,vascular
,Comesperma defoliatum,F.Muell.,leafless milkwort,Polygalaceae,r,,vascular
end,Conospermum hookeri,(Meisn.) E.M.Benn.,tasmanian smokebush,Proteaceae,v,VU,vascular
,Coopernookia barbata,(R.Br.) Carolin,purple native-primrose,Goodeniaceae,x,,vascular
end,Corunastylis brachystachya,(Lindl.) D.L.Jones & M.A.Clem.,shortspike midge-orchid,Orchidaceae,e,EN,vascular
end,Corunastylis firthii,(L.Cady) D.L.Jones & M.A.Clem.,firths midge-orchid,Orchidaceae,e,CR,vascular
,Corunastylis morrisii,(Nicholls) D.L.Jones & M.A.Clem.,bearded midge-orchid,Orchidaceae,e,,vascular
,Corunastylis nuda,(Hook.f.) D.L.Jones & M.A.Clem.,tiny midge-orchid,Orchidaceae,r,,vascular
end,Corunastylis nudiscapa,(Hook.f.) D.L.Jones & M.A.Clem.,bare midge-orchid,Orchidaceae,e,,vascular
eMI,Corybas dienemus,D.L.Jones,windswept helmet-orchid,Orchidaceae,v,CR,vascular
,Corybas fordhamii,(Rupp) Rupp,swamp pelican-orchid,Orchidaceae,e,,vascular
eMI,Corybas sulcatus,(M.A.Clem. & D.L.Jones) G.N.Backh.,grooved helmet-orchid,Orchidaceae,e,CR,vascular
,Cotula vulgaris var. australasica,J.H.Willis,slender buttons,Asteraceae,r,,vascular
end,Craspedia preminghana,Rozefelds,preminghana billybuttons,Asteraceae,e,EN,vascular
t,Crassula moschata,G.Forst.,musky stonecrop,Crassulaceae,r,,vascular
,Cryptandra amara,Sm.,pretty pearlflower,Rhamnaceae,e,,vascular
end,Cryptandra exilis,D.I.Morris,slender pearlflower,Rhamnaceae,e,,vascular
,Cryptostylis leptochila,F.Muell. ex Benth.,small tongue-orchid,Orchidaceae,e,,vascular
,Cullen microcephalum,(Rchb. ex Kunze) J.W.Grimes,dusky scurfpea ,Fabaceae,r,,vascular
,Cuscuta tasmanica,Engelm.,golden dodder,Convolvulaceae,r,,vascular
,Cyathea cunninghamii,Hook.f.,slender treefern,Cyatheaceae,e,,vascular
,Cyathea x marcescens,N.A.Wakef.,skirted treefern,Cyatheaceae,e,,vascular
end,Cyathodes platystoma,C.M.Weiller,tall cheeseberry,Ericaceae,r,,vascular
end,Cyphanthera tasmanica,Miers,tasmanian rayflower,Solanaceae,r,,vascular
,Cyrtostylis robusta,D.L.Jones & M.A.Clem.,large gnat-orchid,Orchidaceae,r,,vascular
,Damasonium minus,(R.Br.) Buchenau,starfruit,Alismataceae,r,,vascular
t,Deschampsia gracillima,Kirk,slender hairgrass,Poaceae,r,,vascular
,Desmodium gunnii,Benth. ex Hook.f.,southern ticktrefoil,Fabaceae,v,,vascular
,Desmodium varians,(Labill.) G.Don,slender ticktrefoil,Fabaceae,e,,vascular
end,Deyeuxia apsleyensis,D.I.Morris,apsley bentgrass,Poaceae,r,,vascular
,Deyeuxia brachyathera,(Stapf) Vickery,short bentgrass,Poaceae,r,,vascular
,Deyeuxia decipiens,(R.Br.) Vickery,trickery bentgrass,Poaceae,r,,vascular
end,Deyeuxia lawrencei,Vickery,lawrences bentgrass,Poaceae,x,EX,vascular
,Deyeuxia minor,F.Muell. ex Benth.,small bentgrass,Poaceae,r,,vascular
,Dianella amoena,G.W.Carr & P.F.Horsfall,grassland flaxlily,Hemerocallidaceae,r,EN,vascular
,Discaria pubescens,(Brongn.) Druce,spiky anchorplant,Rhamnaceae,e,,vascular
end,Diuris lanceolata,Lindl.,large golden moths,Orchidaceae,e,EN,vascular
,Diuris palustris,Lindl.,swamp doubletail,Orchidaceae,e,,vascular
,Drosera glanduligera,Lehm.,scarlet sundew,Droseraceae,r,,vascular
,Dryopoa dives,(F.Muell.) Vickery,tasmanian giant mountaingrass,Poaceae,r,,vascular
,Elaeocarpus reticulatus,Sm.,blueberry ash,Elaeocarpaceae,r,,vascular
end,Epacris apsleyensis,Crowden,apsley heath,Ericaceae,e,EN,vascular
end,Epacris barbata,Melville,bearded heath,Ericaceae,e,EN,vascular
end,Epacris curtisiae,Jarman,northwest heath,Ericaceae,r,,vascular
end,Epacris exserta,R.Br.,south esk heath,Ericaceae,e,EN,vascular
end,Epacris glabella,Jarman,smooth heath,Ericaceae,e,EN,vascular
end,Epacris grandis,Crowden,tall heath,Ericaceae,e,EN,vascular
end,Epacris graniticola,Crowden,granite heath,Ericaceae,v,CR,vascular
end,Epacris limbata,K.J.Williams & F.Duncan,bordered heath,Ericaceae,e,CR,vascular
end,Epacris moscaliana,Crowden,seepage heath,Ericaceae,r,,vascular
end,Epacris stuartii,Stapf,southport heath,Ericaceae,e,CR,vascular
end,Epacris virgata,Hook.f.,pretty heath,Ericaceae,v,EN (Beaconsfield only),vascular
,Epilobium willisii,P.H.Raven & Engelhorn,carpet willowherb,Onagraceae,r,,vascular
,Eryngium ovinum,A.Cunn.,blue devil,Apiaceae,v,,vascular
end,Eucalyptus barberi,L.A.S.Johnson & Blaxell,barbers gum,Myrtaceae,r,,vascular
,Eucalyptus globulus subsp. pseudoglobulus,(Naudin ex Maiden) J.B.Kirkp.,gippsland blue gum,Myrtaceae,r,,vascular
end,Eucalyptus gunnii subsp. divaricata,(McAulay & Brett) B.M.Potts,miena cider gum,Myrtaceae,e,EN,vascular
end,Eucalyptus morrisbyi,Brett,morrisbys gum,Myrtaceae,e,EN,vascular
,Eucalyptus perriniana,F.Muell. ex Rodway,spinning gum,Myrtaceae,r,,vascular
,Eucalyptus radiata subsp. radiata,Sieber ex DC.,forth river peppermint,Myrtaceae,r,,vascular
end,Eucalyptus risdonii,Hook.f.,risdon peppermint,Myrtaceae,r,,vascular
end,Euphrasia amphisysepala,W.R.Barker,shiny cliff-eyebright,Orobanchaceae,r,VU,vascular
end,Euphrasia amplidens,W.R.Barker,pieman eyebright,Orobanchaceae,e,,vascular
end,Euphrasia collina subsp. deflexifolia,(Gand.) W.R.Barker,eastern eyebright,Orobanchaceae,r,,vascular
end,Euphrasia collina subsp. gunnii,(Du Rietz) W.R.Barker ,gunns eyebright,Orobanchaceae,r,,vascular
,Euphrasia collina subsp. tetragona,(R.Br.) W.R.Barker ,northcoast eyebright,Orobanchaceae,e,,vascular
end,Euphrasia fragosa,W.R.Barker,shy eyebright,Orobanchaceae,e,CR,vascular
end,Euphrasia gibbsiae subsp. psilantherea,(F.Muell.) W.R.Barker,swamp eyebright,Orobanchaceae,e,CR,vascular
end,Euphrasia gibbsiae subsp. pulvinestris,W.R.Barker ,cushionplant eyebright,Orobanchaceae,r,,vascular
end,Euphrasia gibbsiae subsp. wellingtonensis,W.R.Barker,mt wellington eyebright,Orobanchaceae,r,,vascular
end,Euphrasia phragmostoma,W.R.Barker,hairy cliff-eyebright,Orobanchaceae,v,VU,vascular
,Euphrasia scabra,R.Br.,yellow eyebright,Orobanchaceae,e,,vascular
end,Euphrasia semipicta,W.R.Barker,peninsula eyebright,Orobanchaceae,e,EN,vascular
end,Euphrasia sp. Bivouac Bay,(W.R.Barker 7626 et al.) W.R. Barker,masked cliff-eyebright,Orobanchaceae,e,EN,vascular
,Eutaxia microphylla,(R.Br.) C.H.Wright & Dewar,spiny bushpea,Fabaceae,r,,vascular
,Frankenia pauciflora var. gunnii,Summerh.,southern seaheath,Frankeniaceae,r,,vascular
tmi,Galium antarcticum,Hook.f.,subantarctic bedstraw,Rubiaceae,e,CR,vascular
r,Geococcus pusillus,J.Drumm. ex Harv.,earth cress,Brassicaceae,e,,vascular
end,Geum talbotianum,W.M.Curtis,tasmanian snowrose,Rosaceae,r,,vascular
,Glossostigma elatinoides,(Benth.) Benth. ex Hook.f.,small mudmat,Phrymaceae,r,,vascular
,Glycine latrobeana,(Meisn.) Benth.,clover glycine,Fabaceae,v,VU,vascular
,Glycine microphylla,(Benth.) Tindale,small-leaf glycine,Fabaceae,v,,vascular
,Gompholobium ecostatum,Kuchel,dwarf wedgepea,Fabaceae,e,,vascular
,Goodenia geniculata,R.Br.,bent native-primrose,Goodeniaceae,e,,vascular
,Gratiola pubescens,R.Br.,hairy brooklime,Plantaginaceae,r,,vascular
,Gynatrix pulchella,(Willd.) Alef.,fragrant hempbush,Malvaceae,r,,vascular
,Gyrostemon thesioides,(Hook.f.) A.S.George,broom wheelfruit,Gyrostemonaceae,r,,vascular
,Hackelia latifolia,(R.Br.) Dimon & M.A.M.Renner,forest houndstongue,Boraginaceae,r,,vascular
,Hakea ulicina,R.Br.,furze needlebush,Proteaceae,v,,vascular
,Haloragis aspera,Lindl.,rough raspwort,Haloragaceae,v,,vascular
,Haloragis heterophylla,Brongn.,variable raspwort,Haloragaceae,r,,vascular
,Haloragis myriocarpa,Orchard,prickly raspwort,Haloragaceae,r,,vascular
,Hardenbergia violacea,(Schneev.) Stearn,purple coralpea,Fabaceae,e,,vascular
,Hedycarya angustifolia,A.Cunn.,australian mulberry,Monimiaceae,r,,vascular
end,Hibbertia basaltica,A.M.Buchanan & Schah.,basalt guineaflower,Dilleniaceae,e,EN,vascular
,Hibbertia calycina,(DC.) N.A.Wakef.,lesser guineaflower,Dilleniaceae,v,,vascular
,Hibbertia obtusifolia,DC.,grey guineaflower,Dilleniaceae,x,,vascular
,Hibbertia rufa,N.A.Wakef.,brown guineaflower,Dilleniaceae,r,,vascular
,Hibbertia virgata,R.Br. ex DC.,twiggy guineaflower,Dilleniaceae,r,,vascular
,Hovea corrickiae,J.H.Ross,glossy purplepea,Fabaceae,r,,vascular
,Hovea montana,(Hook.f.) J.H.Ross,mountain purplepea,Fabaceae,r,,vascular
end,Hovea tasmanica,I.Thomps. & J.H.Ross,rockfield purplepea,Fabaceae,r,,vascular
,Hyalosperma demissum,(A.Gray) Paul G.Wilson,moss sunray,Asteraceae,e,,vascular
,Hydrocotyle comocarpa,F.Muell.,fringefruit pennywort,Araliaceae,r,,vascular
,Hydrocotyle laxiflora,DC.,stinking pennywort,Araliaceae,e,,vascular
,Hydrorchis orbicularis,(R.S.Rogers) D.L.Jones & M.A.Clem.,swamp onion-orchid,Orchidaceae,r,,vascular
t,Hypolepis distans,Hook.,scrambling groundfern,Dennstaedtiaceae,e,EN,vascular
,Hypolepis muelleri,N.A.Wakef.,harsh groundfern,Dennstaedtiaceae,r,,vascular
,Isoetes drummondii subsp. drummondii,A.Braun,plain quillwort,Isoetaceae,r,,vascular
end,Isoetes elatior,F.Muell. ex A.Braun,tall quillwort,Isoetaceae,r,,vascular
end,Isoetes humilior,F.Muell. ex A.Braun,veiled quillwort,Isoetaceae,r,,vascular
end,Isoetes sp. Maxwell River,(S.J.Jarman HO314082) Tas. Herbarium,limestone quillwort,Isoetaceae,r,,vascular
,Isoetopsis graminifolia,Turcz.,grass cushion,Asteraceae,v,,vascular
,Isolepis habra,(Edgar) Soják ,wispy clubsedge,Cyperaceae,r,,vascular
,Isolepis stellata,(C.B.Clarke) K.L.Wilson,star clubsedge,Cyperaceae,r,,vascular
,Isopogon ceratophyllus,R.Br.,horny conebush,Proteaceae,v,,vascular
,Juncus fockei,Buchenau,slender jointleaf rush,Juncaceae,r,,vascular
,Juncus prismatocarpus,R.Br.,branching rush,Juncaceae,r,,vascular
,Juncus vaginatus,R.Br.,clustered rush,Juncaceae,r,,vascular
end,Lachnagrostis billardierei subsp. tenuiseta,(D.I.Morris) S.W.L.Jacobs,small-awn blowngrass,Poaceae,r,,vascular
,Lachnagrostis punicea subsp. filifolia,(Vickery) S.W.L.Jacobs,narrowleaf blowngrass,Poaceae,r,,vascular
,Lachnagrostis punicea subsp. punicea,(A.J.Br. & N.G.Walsh) S.W.L.Jacobs,bristle blowngrass,Poaceae,r,,vascular
,Lachnagrostis robusta,(Vickery) S.W.L.Jacobs,tall blowngrass,Poaceae,r,,vascular
,Lasiopetalum baueri,Steetz,slender velvetbush,Malvaceae,r,,vascular
,Lasiopetalum discolor,Hook.,coast velvetbush,Malvaceae,r,,vascular
end,Lasiopetalum micranthum,Hook.f.,tasmanian velvetbush,Malvaceae,r,,vascular
t,Lepidium flexicaule,Kirk,springy peppercress,Brassicaceae,r,,vascular
,Lepidium hyssopifolium,Desv.,soft peppercress,Brassicaceae,e,EN,vascular
,Lepidosperma forsythii,A.A.Hamilton,stout rapiersedge,Cyperaceae,r,,vascular
,Lepidosperma tortuosum,F.Muell.,twisting rapiersedge,Cyperaceae,r,,vascular
,Lepidosperma viscidum,R.Br.,sticky swordsedge,Cyperaceae,r,,vascular
,Lepilaena australis,J.Drumm. ex Harv.,southern watermat,Potomogetonaceae,x,,vascular
,Lepilaena marina,E.L.Robertson,sea watermat,Potomogetonaceae,r,,vascular
,Lepilaena patentifolia,E.L.Robertson,spreading watermat,Potomogetonaceae,r,,vascular
,Lepilaena preissii,(Lehm.) F.Muell.,slender watermat,Potomogetonaceae,r,,vascular
,Leptorhynchos elongatus,DC.,lanky buttons,Asteraceae,e,,vascular
,Leucochrysum albicans subsp. tricolor ,(DC.) N.G.Walsh,grassland paperdaisy,Asteraceae,e,EN,vascular
,Leucopogon affinis,R.Br.,lanceleaf beardheath,Ericaceae,r,,vascular
,Leucopogon esquamatus,R.Br.,swamp beardheath,Ericaceae,r,,vascular
,Leucopogon virgatus var. brevifolius,Benth.,shortleaf beardheath,Ericaceae,r,,vascular
,Levenhookia dubia,Sond.,hairy stylewort,Stylidiaceae,x,,vascular
,Limonium australe var. australe,(R.Br.) Kuntze,yellow sea-lavender,Plumbaginaceae,r,,vascular
end,Limonium australe var. baudinii,(Lincz.) A.M.Gray,tasmanian sea-lavender,Plumbaginaceae,v,VU,vascular
,Liparophyllum exaltatum,(Sol. ex Sims) Tippery & Les,erect marshwort,Menyanthaceae,r,,vascular
,Lobelia pratioides,Benth.,poison lobelia,Campanulaceae,v,,vascular
,Lobelia rhombifolia,de Vriese,tufted lobelia,Campanulaceae,r,,vascular
end,Lomatia tasmanica,W.M.Curtis,kings lomatia,Proteaceae,e,CR,vascular
,Lotus australis,Andrews,australian trefoil,Fabaceae,r,,vascular
,Luzula atrata,Edgar,slender woodrush,Juncaceae,r,,vascular
,Lycopus australis,R.Br.,australian gypsywort,Lamiaceae,e,,vascular
,Lythrum salicaria,L.,purple loosestrife,Lythraceae,v,,vascular
end,Melaleuca pustulata,Hook.f.,warty paperbark,Myrtaceae,r,,vascular
,Mentha australis,R.Br.,river mint,Lamiaceae,e,,vascular
end,Micrantheum serpentinum,Orchard,western tridentbush,Picrodendraceae,r,,vascular
,Microtidium atratum,(Lindl.) D.L.Jones & M.A.Clem.,yellow onion-orchid ,Orchidaceae,r,,vascular
end,Milligania johnstonii,F.Muell. ex Benth.,shortleaf milligania,Asteliaceae,r,,vascular
end,Milligania longifolia,Hook.f.,longleaf milligania,Asteliaceae,r,,vascular
,Millotia muelleri,(Sond.) P.S.Short,clustered bowflower,Asteraceae,e,,vascular
,Mirbelia oxylobioides,F.Muell.,sandstone bushpea,Fabaceae,v,,vascular
end,Monotoca submutica var. autumnalis,Jarman ,roundleaf broomheath,Ericaceae,r,,vascular
,Muehlenbeckia axillaris,(Hook.f.) Endl.,matted lignum,Polygonaceae,r,,vascular
,Myoporum parvifolium,R.Br.,creeping boobialla,Scrophulariaceae,v,,vascular
,Myosurus australis,F.Muell.,southern mousetail,Ranunculaceae,e,,vascular
,Myriophyllum glomeratum,Schindl.,clustered watermilfoil,Haloragaceae,x,,vascular
,Myriophyllum integrifolium,(Hook.f.) Hook.f.,tiny watermilfoil,Haloragaceae,v,,vascular
,Myriophyllum muelleri,Sond.,hooded watermilfoil,Haloragaceae,r,,vascular
end,Odixia achlaena,(D.I.Morris) Orchard,golden everlastingbush,Asteraceae,r,,vascular
end,Olearia hookeri,(Sond.) Benth.,crimsontip daisybush,Asteraceae,r,,vascular
end,Orites milliganii,Meisn.,toothed orites,Proteaceae,r,,vascular
,Orthoceras strictum,R.Br.,horned orchid,Orchidaceae,r,,vascular
end,Ozothamnus floribundus,de Salas & Schmidt-Leb.,flowery everlastingbush,Asteraceae,e,,vascular
end,Ozothamnus lycopodioides,Hook.f.,clubmoss everlastingbush,Asteraceae,r,,vascular
end,Ozothamnus reflexifolius,K.Leeson & Rozefelds,reflexed everlastingbush,Asteraceae,v,VU,vascular
end,Ozothamnus selaginoides,Sond. & F.Muell.,table mountain everlastingbush,Asteraceae,x,EX,vascular
,Pandorea pandorana,(Andrews) Steenis,wonga vine,Bignoniaceae,r,,vascular
,Parietaria debilis,G.Forst.,shade pellitory,Urticaceae,r,,vascular
,Pellaea calidirupium,Brownsey & Lovis,hotrock fern,Adiantaceae,r,,vascular
end,Pentachondra ericifolia,Hook.f.,fine frillyheath,Ericaceae,r,,vascular
,Persicaria decipiens,(R.Br.) K.L.Wilson,slender waterpepper,Polygonaceae,v,,vascular
,Persicaria subsessilis,(R.Br.) K.L.Wilson,bristly waterpepper,Polygonaceae,e,,vascular
end,Persoonia moscalii,Orchard,creeping geebung,Proteaceae,r,,vascular
end,Persoonia muelleri subsp. angustifolia,(Benth.) L.A.S.Johnson & P.H.Weston,narrowleaf geebung,Proteaceae,r,,vascular
end,Phebalium daviesii,Hook.f.,davies waxflower,Rutaceae,e,CR,vascular
end,Pherosphaera hookeriana,W.Archer bis,drooping pine,Podocarpaceae,v,,vascular
end,Philotheca freyciana,Rozefelds,freycinet waxflower,Rutaceae,e,EN,vascular
,Phyllangium distylis,(F.Muell.) Dunlop ,tiny mitrewort,Loganiaceae,r,,vascular
,Phyllangium divergens,(Hook.f.) Dunlop,wiry mitrewort,Loganiaceae,v,,vascular
,Phylloglossum drummondii,Kunze,pygmy clubmoss,Lycopodiaceae,r,,vascular
,Pilularia novae-hollandiae,A.Braun,australian pillwort,Marsileaceae,r,,vascular
,Pimelea axiflora subsp. axiflora,F.Muell. ex Meisn.,bootlace bush,Thymelaeaceae,e,,vascular
,Pimelea curviflora var. gracilis,(R.Br.) Threlfall,slender curved riceflower,Thymelaeaceae,r,,vascular
,Pimelea curviflora var. sericea,Benth.,silky curved riceflower,Thymelaeaceae,r,,vascular
,Pimelea flava subsp. flava,R.Br.,yellow riceflower,Thymelaeaceae,r,,vascular
end,Pimelea milliganii,Meisn.,silver riceflower,Thymelaeaceae,r,,vascular
,Pimelea sp. Tunbridge,(A.Moscal 9026) Tas Herbarium,grassland riceflower,Thymelaeaceae,e,,vascular
end,Planocarpa nitida,(Jarman) C.M.Weiller,black cheeseberry,Ericaceae,r,,vascular
end,Planocarpa sulcata,(Mihaich) C.M.Weiller,grooved cheeseberry,Ericaceae,r,,vascular
,Plantago debilis,R.Br.,shade plantain,Plantaginaceae,r,,vascular
,Plantago glacialis,"B.G.Briggs, Carolin & Pulley",small star plantain,Plantaginaceae,r,,vascular
,Pneumatopteris pennigera,(G.Forst.) Holttum,lime fern,Thelypteridaceae,e,,vascular
sa,Poa cookii,(Hook.f.) Hook.f. ,cooks tussockgrass,Poaceae,e,,vascular
,Poa halmaturina,J.M.Black,dune tussockgrass,Poaceae,r,,vascular
end,Poa mollis,Vickery,soft tussockgrass,Poaceae,r,,vascular
,Podotheca angustifolia,(Labill.) Less.,sticky longheads,Asteraceae,x,,vascular
,Polyscias sp. Douglas-Denison,(R.B.Schahinger HO 526133) Tas. Herbarium,ferny panax,Araliaceae,e,,vascular
tmi,Polystichum vestitum,(G.Forst.) C.Presl,prickly shieldfern,Dryopteridaceae,e,,vascular
,Pomaderris elachophylla,F.Muell.,small-leaf dogwood,Rhamnaceae,v,,vascular
,Pomaderris intermedia,Sieber ex DC.,lemon dogwood,Rhamnaceae,r,,vascular
,Pomaderris oraria subsp. oraria,F.Muell. ex Reissek,bassian dogwood,Rhamnaceae,r,,vascular
,Pomaderris paniculosa subsp. paralia,N.G.Walsh ,shining dogwood,Rhamnaceae,r,,vascular
,Pomaderris phylicifolia subsp. ericoides,(Maiden & Betche) N.G.Walsh & Coates,revolute narrowleaf dogwood,Rhamnaceae,r,,vascular
,Pomaderris phylicifolia subsp. phylicifolia,Lodd. ex Link,narrowleaf dogwood,Rhamnaceae,r,,vascular
end,Pomaderris pilifera subsp. talpicutica,A.M.Gray & M.Wapstra,moleskin dogwood,Rhamnaceae,v,VU,vascular
end,Poranthera petalifera,(Orchard & J.B.Davies) Halford & R.J.F.Hend.,mountain poranthera,Phyllanthaceae,v,VU,vascular
end,Prasophyllum abblittiorum,P.A.Collier,pallid leek-orchid,Orchidaceae,e,,vascular
end,Prasophyllum amoenum,D.L.Jones,dainty leek-orchid,Orchidaceae,v,EN,vascular
end,Prasophyllum apoxychilum,D.L.Jones,tapered leek-orchid,Orchidaceae,v,EN,vascular
end,Prasophyllum atratum,D.L.Jones,three hummock leek-orchid,Orchidaceae,e,CR,vascular
end,Prasophyllum castaneum,D.L.Jones,chestnut leek-orchid,Orchidaceae,e,CR,vascular
end,Prasophyllum crebriflorum,D.L.Jones,crowded leek-orchid,Orchidaceae,e,EN,vascular
end,Prasophyllum favonium,D.L.Jones,western leek-orchid,Orchidaceae,e,CR,vascular
end,Prasophyllum incorrectum,D.L.Jones,golfers leek-orchid,Orchidaceae,e,CR,vascular
end,Prasophyllum limnetes,D.L.Jones,marsh leek-orchid,Orchidaceae,e,CR,vascular
end,Prasophyllum milfordense,D.L.Jones,milford leek-orchid,Orchidaceae,e,CR,vascular
end,Prasophyllum olidum,D.L.Jones,pungent leek-orchid,Orchidaceae,e,CR,vascular
end,Prasophyllum perangustum,D.L.Jones,knocklofty leek-orchid,Orchidaceae,e,CR,vascular
end,Prasophyllum pulchellum,D.L.Jones,pretty leek-orchid,Orchidaceae,e,CR,vascular
end,Prasophyllum robustum,(Nicholls) M.A. Clem. & D.L.Jones,robust leek-orchid,Orchidaceae,e,CR,vascular
end,Prasophyllum secutum,D.L.Jones,northern leek-orchid,Orchidaceae,e,EN,vascular
end,Prasophyllum sp. Arthurs Lake,(R.Smith DLJ11363) Tas Herbarium,mountain leek-orchid,Orchidaceae,e,,vascular
end,Prasophyllum stellatum,D.L.Jones,ben lomond leek-orchid,Orchidaceae,e,CR,vascular
,Prasophyllum tadgellianum,R.S.Rogers,tadgells leek-orchid,Orchidaceae,r,,vascular
end,Prasophyllum taphanyx,D.L.Jones,graveside leek-orchid,Orchidaceae,e,CR,vascular
end,Prasophyllum tunbridgense,D.L.Jones,tunbridge leek-orchid,Orchidaceae,e,EN,vascular
,Prostanthera cuneata,Benth.,alpine mintbush,Lamiaceae,x,,vascular
,Prostanthera rotundifolia,R.Br.,roundleaf mintbush,Lamiaceae,v,,vascular
end,Pterostylis atriola,D.L.Jones,snug greenhood,Orchidaceae,r,,vascular
end,Pterostylis commutata,D.L.Jones,midlands greenhood,Orchidaceae,e,CR,vascular
,Pterostylis cucullata subsp. cucullata,R.Br.,leafy greenhood,Orchidaceae,e,VU,vascular
,Pterostylis falcata,R.S.Rogers,sickle greenhood,Orchidaceae,e,,vascular
,Pterostylis grandiflora,R.Br.,superb greenhood,Orchidaceae,r,,vascular
,Pterostylis lustra,D.L.Jones,small sickle greenhood,Orchidaceae,e,,vascular
end,Pterostylis pratensis,D.L.Jones,liawenee greenhood,Orchidaceae,v,VU,vascular
end,Pterostylis rubenachii,D.L.Jones,arthur river greenhood,Orchidaceae,e,EN,vascular
,Pterostylis sanguinea,D.L.Jones & M.A.Clem.,banded greenhood,Orchidaceae,r,,vascular
,Pterostylis squamata,R.Br.,ruddy greenhood,Orchidaceae,v,,vascular
,Pterostylis tunstallii,D.L.Jones & M.A.Clem.,tunstalls greenhood,Orchidaceae,e,,vascular
end,Pterostylis wapstrarum,D.L.Jones,fleshy greenhood,Orchidaceae,e,CR,vascular
end,Pterostylis ziegeleri,D.L.Jones,grassland greenhood,Orchidaceae,v,VU,vascular
,Puccinellia perlaxa,(Stapf ex N.G.Walsh) N.G.Walsh & A.R.Williams,spreading saltmarshgrass,Poaceae,r,,vascular
,Pultenaea humilis,Benth. ex Hook.f.,dwarf bushpea,Fabaceae,v,,vascular
,Pultenaea mollis,Lindl.,soft bushpea,Fabaceae,v,,vascular
,Pultenaea prostrata,Benth. ex Hook.f.,silky bushpea,Fabaceae,v,,vascular
,Pultenaea sericea,(Benth.) Corrick,chaffy bushpea,Fabaceae,v,,vascular
t,Ranunculus acaulis,Banks & Sol. ex DC.,dune buttercup,Ranunculaceae,r,,vascular
end,Ranunculus collicola,Menadue,lake augusta buttercup,Ranunculaceae,r,,vascular
,Ranunculus diminutus,B.G.Briggs,brackish buttercup,Ranunculaceae,e,,vascular
end,Ranunculus jugosus,Menadue,twinned buttercup,Ranunculaceae,r,,vascular
end,Ranunculus prasinus,Menadue,midlands buttercup,Ranunculaceae,e,EN,vascular
,Ranunculus pumilio var. pumilio,R.Br. ex DC.,ferny buttercup,Ranunculaceae,r,,vascular
,Rhodanthe anthemoides,(Spreng.) Paul G.Wilson,chamomile sunray,Asteraceae,r,,vascular
,Rhytidosporum inconspicuum,"L.W.Cayzer, Crisp & I.Telford ",alpine appleberry,Pittosporaceae,e,,vascular
,Rumex bidens,R.Br.,mud dock,Polygonaceae,v,,vascular
,Ruppia megacarpa,R.Mason,largefruit seatassel,Ruppiaceae,r,,vascular
,Ruppia tuberosa,J.S.Davis & Toml.,tuberous seatassel,Ruppiaceae,r,,vascular
end,Rytidosperma remotum,(D.I.Morris) A.M.Humphreys & H.P.Linder,remote wallabygrass,Poaceae,r,,vascular
end,Sagina diemensis,L.G.Adams,tasmanian pearlwort,Caryophyllaceae,e,EN,vascular
,Scaevola aemula,R.Br.,fairy fanflower,Goodeniaceae,e,,vascular
,Scaevola albida,(Sm.) Druce,pale fanflower,Goodeniaceae,v,,vascular
,Schenkia australis,(R.Br.) G.Mans.,spike centaury,Gentianaceae,r,,vascular
,Schoenoplectus tabernaemontani,(C.C.Gmel.) Palla,river clubsedge,Cyperaceae,r,,vascular
,Schoenus brevifolius,R.Br.,zigzag bogsedge,Cyperaceae,r,,vascular
,Schoenus latelaminatus,Kük.,medusa bog sedge,Cyperaceae,e,,vascular
,Scleranthus diander,R.Br.,tufted knawel,Caryophyllaceae,v,,vascular
,Scleranthus fasciculatus,(R.Br.) Hook.f.,spreading knawel,Caryophyllaceae,v,,vascular
,Scutellaria humilis,R.Br.,dwarf scullcap,Lamiaceae,r,,vascular
,Senecio campylocarpus,I.Thomps.,bulging fireweed,Asteraceae,v,,vascular
,Senecio extensus,I.Thomps.,subalpine fireweed,Asteraceae,e,,vascular
,Senecio georgianus,DC.,grey groundsel,Asteraceae,x,EX,vascular
,Senecio longipilus,I.Thomps.,longhair fireweed,Asteraceae,v,,vascular
,Senecio macrocarpus,Belcher,largefruit fireweed,Asteraceae,x,VU,vascular
,Senecio psilocarpus,Belcher & Albr.,swamp fireweed,Asteraceae,e,VU,vascular
,Senecio squarrosus,A.Rich.,leafy fireweed,Asteraceae,r,,vascular
end,Senecio tasmanicus,I.Thomps.,tasmanian fireweed,Asteraceae,x,,vascular
,Sicyos australis,Endl.,star cucumber,Cucurbitaceae,r,,vascular
,Siloxerus multiflorus,Nees,small wrinklewort,Asteraceae,r,,vascular
,Solanum opacum,A.Braun & Bouché,greenberry nightshade,Solanaceae,e,,vascular
,Sowerbaea juncea,Andrews,purple rushlily,Laxmanniaceae,v,,vascular
,Spyridium eriocephalum var. eriocephalum,Fenzl,heath dustymiller,Rhamnaceae,e,,vascular
end,Spyridium lawrencei,(Hook.f.) Benth.,small-leaf dustymiller,Rhamnaceae,v,EN,vascular
end,Spyridium obcordatum,(Hook.f.) W.M.Curtis,creeping dustymiller,Rhamnaceae,v,VU,vascular
end,Spyridium parvifolium var. molle,(Hook.f.) Benth. ,soft dustymiller,Rhamnaceae,r,,vascular
,Spyridium parvifolium var. parvifolium,(Hook.) F.Muell.,coast dustymiller,Rhamnaceae,r,,vascular
,Spyridium vexilliferum var. vexilliferum,(Hook.) Reissek,helicopter bush,Rhamnaceae,r,,vascular
,Stackhousia pulvinaris,F.Muell.,alpine candles,Celastraceae,v,,vascular
,Stackhousia subterranea,W.R.Barker,grassland candles,Celastraceae,e,,vascular
,Stellaria multiflora subsp. nebulosa,C.H.Mill. & J.G.West,nebulous rayless starwort,Caryophyllaceae,r,,vascular
end,Stenanthemum pimeleoides,(Hook.f.) Benth.,propellor plant,Rhamnaceae,v,VU,vascular
,Stenopetalum lineare,R.Br. ex DC.,narrow threadpetal,Brassicaceae,e,,vascular
end,Stonesiella selaginoides,(Hook.f.) Crisp & P.H.Weston,clubmoss bushpea,Fabaceae,e,EN,vascular
,Stuckenia pectinata,(L.) Börner,fennel pondweed,Potamogetonaceae,r,,vascular
,Stylidium beaugleholei,J.H.Willis,blushing triggerplant,Stylidiaceae,r,,vascular
,Stylidium despectum,R.Br.,small triggerplant,Stylidiaceae,r,,vascular
,Stylidium perpusillum,Hook.f.,tiny triggerplant,Stylidiaceae,r,,vascular
,Taraxacum aristum,Hagl. & Markl.,mountain dandelion,Asteraceae,r,,vascular
,Taraxacum cygnorum,Hand.-Maz.,coast dandelion,Asteraceae,,VU,vascular
,Tetratheca ciliata,Lindl.,northern pinkbells,Elaeocarpaceae,r,,vascular
end,Tetratheca gunnii,Hook.f.,shy pinkbells,Elaeocarpaceae,e,CR,vascular
,Teucrium corymbosum,R.Br.,forest germander,Lamiaceae,r,,vascular
,Thelymitra antennifera,(Lindl.) Hook.f.,rabbit ears,Orchidaceae,e,,vascular
,Thelymitra atronitida,Jeanes,blackhood sun-orchid,Orchidaceae,e,,vascular
,Thelymitra benthamiana,Rchb.f.,blotched sun-orchid,Orchidaceae,e,,vascular
,Thelymitra bracteata,J.Z.Weber ex Jeanes,leafy sun-orchid,Orchidaceae,e,,vascular
,Thelymitra holmesii,Nicholls,bluestar sun-orchid,Orchidaceae,r,,vascular
,Thelymitra improcera,D.L.Jones & M.A.Clem.,coast sun-orchid,Orchidaceae,e,,vascular
,Thelymitra inflata,Jeanes,inflated sun-orchid,Orchidaceae,e,,vascular
end,Thelymitra jonesii,Jeanes,skyblue sun-orchid,Orchidaceae,e,EN,vascular
,Thelymitra lucida,Jeanes,glistening sun-orchid,Orchidaceae,e,,vascular
,Thelymitra malvina,"M.A.Clem., D.L.Jones & Molloy",mauvetuft sun-orchid,Orchidaceae,e,,vascular
,Thelymitra mucida,Fitzg.,plum sun-orchid,Orchidaceae,e,,vascular
,Thesium australe,R.Br.,southern toadflax,Santalaceae,x,VU,vascular
,Thryptomene micrantha,Hook.f.,ribbed heathmyrtle,Myrtaceae,v,,vascular
,Thynninorchis huntiana,(F.Muell.) D.L.Jones & M.A.Clem.,elbow orchid,Orchidaceae,x,,vascular
end,Thynninorchis nothofagicola,(D.L.Jones) D.L.Jones & M.A.Clem.,myrtle elbow orchid,Orchidaceae,e,CR,vascular
,Tmesipteris parva,N.A.Wakef.,small forkfern,Psilotaceae,v,,vascular
,Tricoryne elatior,R.Br.,yellow rushlily,Hemerocallidaceae,v,,vascular
,Tricostularia pauciflora,(F.Muell.) Benth.,needle bogsedge,Cyperaceae,r,,vascular
,Triglochin minutissima,F.Muell.,tiny arrowgrass,Juncaginaceae,r,,vascular
,Triglochin mucronata,R.Br.,prickly arrowgrass,Juncaginaceae,e,,vascular
,Triptilodiscus pygmaeus,Turcz.,dwarf sunray,Asteraceae,v,,vascular
,Trithuria submersa,Hook.f.,submerged watertuft,Hydatellaceae,r,,vascular
t,Uncinia elegans,(Kük.) Hamlin,handsome hooksedge,Cyperaceae,r,,vascular
,Utricularia australis,R.Br.,yellow bladderwort,Lentibulariaceae,r,,vascular
,Utricularia tenella,R.Br.,pink bladderwort,Lentibulariaceae,r,,vascular
,Utricularia violacea,R.Br.,violet bladderwort,Lentibulariaceae,r,,vascular
,Vallisneria australis,S.W.L.Jacobs & Les,river ribbons,Hydrocharitaceae,r,,vascular
,Velleia paradoxa,R.Br.,spur velleia,Goodeniaceae,v,,vascular
t,Veronica ciliolata subsp. fiordensis,(Ashwin) Meudt,ben lomond cushionplant,Plantaginaceae,v,VU,vascular
,Veronica notabilis,F.Muell. ex Benth.,forest speedwell,Plantaginaceae,e,,vascular
end,Veronica novae-hollandiae,Poir.,coast speedwell,Plantaginaceae,v,,vascular
,Veronica plebeia,R.Br.,trailing speedwell,Plantaginaceae,r,,vascular
,Viminaria juncea,(Schrad. & J.Wendl.) Hoffmanns.,golden spray,Fabaceae,e,,vascular
,Viola caleyana,G.Don,swamp violet,Violaceae,r,,vascular
t,Viola cunninghamii,Hook.f.,alpine violet,Violaceae,r,,vascular
end,Viola curtisiae,(L.G.Adams) K.R.Thiele,montane ivyleaf violet,Violaceae,r,,vascular
,Vittadinia australasica var. oricola,N.T.Burb.,coast new-holland-daisy,Asteraceae,e,,vascular
end,Vittadinia burbidgeae,A.M.Gray & Rozefelds,smooth new-holland-daisy,Asteraceae,r,,vascular
,Vittadinia cuneata var. cuneata,DC.,fuzzy new-holland-daisy,Asteraceae,r,,vascular
,Vittadinia gracilis,(Hook.f.) N.T.Burb.,woolly new-holland-daisy,Asteraceae,r,,vascular
,Vittadinia muelleri,N.T.Burb.,narrowleaf new-holland-daisy,Asteraceae,r,,vascular
end,Westringia angustifolia,R.Br.,narrowleaf westringia,Lamiaceae,r,,vascular
,Wilsonia humilis,R.Br.,silky wilsonia,Convolvulaceae,r,,vascular
,Wilsonia rotundifolia,Hook.,roundleaf wilsonia,Convolvulaceae,r,,vascular
,Wurmbea latifolia subsp. vanessae,R.J.Bates,broadleaf early nancy,Colchicaceae,e,,vascular
end,Xanthorrhoea arenaria,D.J.Bedford,sand grasstree,Xanthorrhoeaceae,v,VU,vascular
end,Xanthorrhoea bracteata,R.Br.,shiny grasstree,Xanthorrhoeaceae,v,EN,vascular
,Xerochrysum bicolor,(Lindl.) R.J.Bayer,eastcoast paperdaisy,Asteraceae,r,,vascular
,Xerochrysum palustre,(Flann) R.J.Bayer,swamp paperdaisy,Asteraceae,v,VU,vascular
,Zieria littoralis,J.A.Armstr.,downy zieria,Rutaceae,r,,vascular
,Zieria veronicea subsp. veronicea,(F.Muell.) Benth.,pink zieria,Rutaceae,e,,vascular
,Zygophyllum billardierei,DC.,coast twinleaf,Zygophyllaceae,r,,vascular
end,Ambuchanania leucobryoides,"(Yamaguchi, Seppelt, Iwatsuki & Buchanan) Seppelt & Crum",daisy pan moss,Ambuchananiaceae,r,,non-vascular
,Austromelanelixia piliferella,"(Essl.) Divakar, Crespo & Lumbsch ",,Parmeliaceae,v,,non-vascular
end,Austroparmelina pallida,(Elix & Kantvilas) Kantvilas & Divakar,,Parmeliaceae,e,,non-vascular
end,Austroparmelina whinrayi,(Elix) Kantvilas & Divakar,,Parmeliaceae,r,,non-vascular
t,Bunodophoron notatum,(Tibell) Wedin,,Sphaerophoraceae,e,,non-vascular
t,Calycidium cuneatum,Stirt.,,Calycidiaceae,r,,non-vascular
t,Calycidium polycarpum,(Colenso) Wedin,,Calycidiaceae,r,,non-vascular
,Cetraria islandica subsp. antarctica,Kärnefelt,,Parmeliaceae,r,,non-vascular
,Erioderma sorediatum,D.J.Galloway & P.M.Jørg.,,Pannariaceae,e,,non-vascular
,Hypotrachyna immaculata,(Kurok.) Hale,,Parmeliaceae,r,,non-vascular
t,Hypotrachyna laevigata,(Sm.) Hale,,Parmeliaceae,v,,non-vascular
end,Menegazzia minuta,P.James & Kantvilas,,Parmeliaceae,e,,non-vascular
,Parmeliopsis ambigua,(Wulf.) Nyl.,,Parmeliaceae,r,,non-vascular
t,Parmeliopsis hyperopta,(Ach.) Arnold,,Parmeliaceae,r,,non-vascular
,Parmotrema crinitum,(Ach.) M.Choisy,,Parmeliaceae,r,,non-vascular
,Pseudocephalozia paludicola,R.M.Schuster,liverwort,Lepidoziaceae,,VU,non-vascular
,Punctelia subflava,(Taylor) Elix & J.Johnst.,,Parmeliaceae,x,,non-vascular
t,Roccellinastrum neglectum,Henssen & Vobis,,Roccellinastraceae,e,,non-vascular
,Sirophysalis trinodis,(Forsskal) Kutzing,three-node seaweed,Sargassaceae,r,,non-vascular
,Teloschistes flavicans,(Sw.) Norm. ,golden-hair lichen,Teloschistaceae,r,,non-vascular
,Xanthoparmelia amphixantha,(Müll.Arg.) Hale ,,Parmeliaceae,e,,non-vascular
end,Xanthoparmelia graniticola,"(Elix & Kantvilas) O.Blanco, A.Crespo, Elix, D.Hawksw. & Lumbsch",,Parmeliaceae,r,,non-vascular
end,Xanthoparmelia jarmaniae,Elix & Kantvilas,,Parmeliaceae,v,,non-vascular
,Xanthoparmelia mannumensis,(Elix) Elix & J.Johnst. ,,Parmeliaceae,v,,non-vascular
,Xanthoparmelia microphyllizans,Elix ,,Parmeliaceae,r,,non-vascular
,Xanthoparmelia molliuscula,(Ach.) Hale,,Parmeliaceae,e,,non-vascular
,Xanthoparmelia oleosa,(Elix & P.Armstr.) Elix & T.H.Nash ,,Parmeliaceae,r,,non-vascular
,Xanthoparmelia subloxodella,"(Elix & Kantvilas) O.Blanco, A.Crespo, Elix, D.Hawksw. & Lumbsch",,Parmeliaceae,e,,non-vascular
end,Xanthoparmelia vicaria,Elix & J.Johnst.,,Parmeliaceae,r,,non-vascular
end,Xanthoparmelia vicariella,Elix & Kantvilas,,Parmeliaceae,r,,non-vascular
,Xanthoparmelia willisii,(Kurok. & Filson) Elix & J.Johnst.,,Parmeliaceae,e,,non-vascular
end,Allanaspides hickmani ,"Swain, Wilson & Ong",Hickman's Pigmy Mountain Shrimp,Syncarida,r,,invertebrate
end,Amelora acontistica ,Turner,Chevron Looper Moth,Lepidoptera,v,,invertebrate
end,Ammoniropa vigens,(Legrand),Ammonite Pinwheel Snail,Eupulmonata,e,CR,invertebrate
end,Antipodia chaostola leucophaea,Couchman,Tasmanian Chaostola Skipper,Lepidoptera,e,EN,invertebrate
end,Astacopsis gouldi ,Clark,Giant Freshwater Crayfish,Decapoda,v,VU,invertebrate
end,Attenborougharion rubicundus,(Dartnall and Kershaw),Burgundy Snail,Sigmurethra,r,,invertebrate
,Austrorhytida lamproides ,(Cox),Keeled Carnivorous Snail,Sigmurethra,r,,invertebrate
end,Beddomeia angulata ,Ponder & Clark,Rapid River Freshwater Snail,Mesogastropoda,r,,invertebrate
end,Beddomeia averni ,Ponder & Clark,Hydrobiid Snail (West Gawler),Mesogastropoda,e,,invertebrate
end,Beddomeia bellii ,Petterd,Bells Freshwater Snail,Mesogastropoda,r,,invertebrate
end,Beddomeia bowryensis ,Ponder & Clark,Hydrobiid Snail (Bowry Creek),Mesogastropoda,r,,invertebrate
end,Beddomeia briansmithi ,Ponder & Clark,Hydrobiid Snail (Fern Creek),Mesogastropoda,v,,invertebrate
end,Beddomeia camensis ,Ponder & Clark,Hydrobiid Snail (Cam River),Mesogastropoda,e,,invertebrate
end,Beddomeia capensis ,Ponder & Clark,Hydrobiid Snail (Table Cape),Mesogastropoda,e,,invertebrate
end,Beddomeia fallax ,Ponder & Clark,Hydrobiid Snail (Heathcote Creek),Mesogastropoda,r,,invertebrate
end,Beddomeia forthensis ,Ponder & Clark,Forth River Freshwater Snail,Mesogastropoda,r,,invertebrate
end,Beddomeia franklandensis ,Ponder & Clark,Hydrobiid Snail (Frankland River ),Mesogastropoda,r,,invertebrate
end,Beddomeia fromensis ,Ponder & Clark,Hydrobiid Snail (Frome River),Mesogastropoda,e,,invertebrate
end,Beddomeia fultoni ,Ponder & Clark,Hydrobiid Snail (Farnhams Creek),Mesogastropoda,e,,invertebrate
end,Beddomeia gibba ,Ponder & Clark,Hydrobiid Snail (Salmon River Road),Mesogastropoda,r,,invertebrate
end,Beddomeia hallae ,Ponder & Clark,Hydrobiid Snail (Buttons Rivulet),Mesogastropoda,e,,invertebrate
end,Beddomeia hermansi ,Ponder & Clark,Hydrobiid Snail (Viking Creek),Mesogastropoda,e,,invertebrate
end,Beddomeia hullii ,Petterd,Hulls Freshwater Snail,Mesogastropoda,r,,invertebrate
end,Beddomeia inflata ,Ponder & Clark,Upper Castra Freshwater Snail,Mesogastropoda,r,,invertebrate
end,Beddomeia kershawi ,Ponder & Clark,Hydrobiid Snail (Macquarie River),Mesogastropoda,e,,invertebrate
end,Beddomeia krybetes ,Ponder & Clark,Hydrobiid Snail (St. Pauls River),Mesogastropoda,v,,invertebrate
end,Beddomeia launcestonensis ,Johnston,Hydrobiid Snail (Cataract Gorge),Mesogastropoda,e,,invertebrate
end,Beddomeia lodderae ,Petterd,Castra Rivulet Freshwater Snail,Mesogastropoda,v,,invertebrate
end,Beddomeia mesibovi ,Ponder & Clark,Hydrobiid Snail (Arthur River),Mesogastropoda,r,,invertebrate
end,Beddomeia minima ,Petterd,Hydrobiid Snail (Scottsdale),Mesogastropoda,r,,invertebrate
end,Beddomeia petterdi ,Ponder & Clark,Blythe River Freshwater Snail,Mesogastropoda,e,,invertebrate
end,Beddomeia phasianella ,Ponder & Clark,Hydrobiid Snail (Keddies Creek),Mesogastropoda,v,,invertebrate
end,Beddomeia protuberata ,Ponder & Clark,Hydrobiid Snail (Emu River),Mesogastropoda,r,,invertebrate
end,Beddomeia ronaldi ,Ponder & Clark,Hydrobiid Snail (St. Patricks River),Mesogastropoda,e,,invertebrate
end,Beddomeia salmonis ,Ponder & Clark,Hydrobiid Snail (Salmon River),Mesogastropoda,r,,invertebrate
end,Beddomeia tasmanica ,Tenison-Woods,Hydrobiid Snail (Terrys Creek),Mesogastropoda,r,,invertebrate
end,Beddomeia topsiae ,Ponder & Clark,Hydrobiid Snail (Williamson Creek),Mesogastropoda,r,,invertebrate
end,Beddomeia trochiformis ,Ponder & Clark,Savage River Mine Freshwater Snail,Mesogastropoda,r,,invertebrate
end,Beddomeia tumida,Petterd,Hydrobiid Snail (Great Lake),Mesogastropoda,e,,invertebrate
end,Beddomeia turnerae ,Ponder & Clark,Hydrobiid Snail (Minnow River),Mesogastropoda,r,,invertebrate
end,Beddomeia waterhouseae ,Ponder & Clark,Claytons Rivulet Freshwater Snail,Mesogastropoda,e,,invertebrate
end,Beddomeia wilmotensis ,Ponder & Clark,Wilmot River Freshwater Snail,Mesogastropoda,r,,invertebrate
end,Beddomeia wiseae ,Ponder & Clark,Hydrobiid Snail (Blizzards Creek),Mesogastropoda,v,,invertebrate
end,Beddomeia zeehanensis ,Ponder & Clark,Zeehan Freshwater Snail,Mesogastropoda,r,,invertebrate
end,Benthodorbis pawpela ,Winston Ponder,Great Lake Glacidorbid Snail,Mesogastropoda,r,,invertebrate
end,Castiarina insculpta,(Carter),Miena Jewel Beetle,Coleoptera,e,,invertebrate
,Catadromus lacordairei ,Boisduval,Green-lined Ground Beetle,Coleoptera,v,,invertebrate
end,Cavernotettix craggiensis,Richards,Craggy Island Cave Cricket,Orthoptera,r,,invertebrate
end,"Charopidae ""Skemps""",,Skemps Snail,Sigmurethra,r,,invertebrate
,Chloritobadistes victoriae ,(Cox),Southern Hairy Red Snail,Eupulmonata,v,,invertebrate
,Chrysolarentia decisaria ,Walker,Tunbridge Looper Moth,Lepidoptera,e,,invertebrate
end,Costora iena ,Mosely,Caddis Fly (Great Lakes),Trichoptera,x,,invertebrate
end,Dasybela achroa ,Lower,Saltmarsh Looper Moth,Lepidoptera,v,,invertebrate
end,Dasyurotaenia robusta,Beddard,Tapeworm (Tasmanian Devil),Cyclophyllideae,r,,invertebrate
end,Echinodillo cavaticus ,Green,Flinders Island Cave Slater,Isopoda,r,,invertebrate
end,Ecnomina vega ,Neboiss,Caddis Fly (Macquarie River),Trichoptera,r,,invertebrate
end,Enchymus sp. nov. ,Zimmerman,Weldborough Forest Weevil,Coleoptera,r,,invertebrate
end,Engaeus granulatus ,Horwitz,Central North Burrowing Crayfish,Decapoda,e,EN,invertebrate
end,Engaeus martigener,Horwitz,Furneaux Burrowing Crayfish,Decapoda,v,EN,invertebrate
end,Engaeus orramakunna,Horwitz,Mt. Arthur Burrowing Crayfish,Decapoda,v,VU,invertebrate
end,Engaeus spinicaudatus ,Horwitz,Scottsdale Burrowing Crayfish,Decapoda,e,EN,invertebrate
end,Engaeus yabbimunna ,Horwitz,Burrowing Crayfish (Burnie) ,Decapoda,v,VU,invertebrate
end,Exquisitiropa agnewi,(Legrand),Silky Pinhead Snail,Sigmurethra,r,,invertebrate
,Gazameda gunnii,(Reeve),Gunn's Screw Shell,Mesogastropoda,v,,invertebrate
end,Goedetrechus mendumae ,Moore,Cave Beetle (Ida Bay),Coleoptera,v,,invertebrate
end,Goedetrechus parallelus,Moore,Cave Beetle (Junee-Florentine),Coleoptera,v,,invertebrate
end,Hadronyche pulvinator ,Hickman,Cascade Funnel-web Spider,Araneae,x,,invertebrate
,Haloniscus searlei ,Chilton,Salt Lake Slater,Isopoda,e,,invertebrate
end,Hickmanoxyomma cavaticum ,Hickman,Ida Bay Cave Harvestman,Opilionida,r,,invertebrate
end,Hickmanoxyomma gibbergunyar ,Hunt,Cave Harvestman,Opilionida,r,,invertebrate
end,Hoplogonus bornemisszai ,Bartoluzzi,Bornemisszas Stag Beetle,Coleoptera,e,CR,invertebrate
end,Hoplogonus simsoni ,Parry,Simsons Stag Beetle,Coleoptera,v,VU,invertebrate
end,Hoplogonus vanderschoori ,Bartoluzzi,Vanderschoors Stag Beetle,Coleoptera,v,VU,invertebrate
end,Hydrobiosella sagitta ,Neboiss,Caddis Fly (St. Columba Falls),Trichoptera,r,,invertebrate
end,Hydroptila scamandra ,Neboiss,Caddis Fly (Upper Scamander River),Trichoptera,r,,invertebrate
end,Hypolimnus pedderensis ,(Jamieson),Lake Pedder Earthworm,Haplotaxida,x,EX,invertebrate
end,Idacarabus cordicollis ,Moore,Cave Beetle (Hastings Cave),Coleoptera,r,,invertebrate
end,Idacarabus troglodytes ,Lea,Ida Bay Cave Beetle,Coleoptera,r,,invertebrate
end,Leucopatus anophthalmus ,"(Ruhberg, Mesibov, Briscoe & Tait)",Blind Velvet Worm,Onychophora,e,,invertebrate
end,Lissotes latidens ,Westwood,Broad-toothed Stag Beetle,Coleoptera,e,EN,invertebrate
end,Lissotes menalcas ,Westwood,Mount Mangana Stag Beetle,Coleoptera,r,,invertebrate
end,Mesacanthotelson setosus ,Nicholls,Isopod (Great Lake),Isopoda,r,,invertebrate
end,Mesacanthotelson tasmaniae ,Thomson,Isopod (Great Lake),Isopoda,r,,invertebrate
end,Micropathus kiernani ,Richards,Southern Sandstone Cave Cricket,Orthoptera,e,CR,invertebrate
end,Migas plomleyi ,Raven and Churchill,Spider (Cataract Gorge),Araneae,e,,invertebrate
end,Miselaoma weldii,(Tenison-Woods),Stanley Pinhead Snail,Sigmurethra,e,,invertebrate
end,Oecetis gilva ,Neboiss,Caddis Fly (South Esk River),Trichoptera,r,,invertebrate
end,Olgania excavata ,Hickman,Cave Spider (Bubs Hill Cave),Araneae,r,,invertebrate
end,Onchotelson brevicaudatus ,Smith,Isopod (Great Lake & Shannon Lagoon),Isopoda,r,,invertebrate
end,Onchotelson spatulatus ,Nicholls,Isopod (Great Lake),Isopoda,e,,invertebrate
end,Oreisplanus munionga larana ,Olliff ,Marrawah Skipper,Lepidoptera,e,VU,invertebrate
end,Oreixenica ptunarra ,Couchman,Ptunarra Brown Butterfly,Lepidoptera,e,EN,invertebrate
,Orphninotrichia maculata ,Mosley,Caddis Fly (Wedge River),Trichoptera,r,,invertebrate
,Orthotrichia adornata ,Wells,Caddis Fly (Derwent River),Trichoptera,r,,invertebrate
end,Oxyethira mienica ,Wells,Caddis Fly (Ouse River),Trichoptera,r,,invertebrate
end,Parvotettix rangaensis ,Richards,Cave Cricket,Orthoptera,r,,invertebrate
end,Parvotettix whinrayi ,Richards,Whinray's Cave Cricket,Orthoptera,r,,invertebrate
end,Parvulastra vivipara ,(Dartnall),Live-bearing Seastar,Asterinidae,v,VU,invertebrate
end,Pasmaditta jungermanniae ,Petterd,Cataract Gorge Pinhead Snail,Sigmurethra,v,,invertebrate
end,Patiriella littoralis,(Dartnell),Derwent River Seastar,Asterinidae,e,CR,invertebrate
end,Phrantela annamurrayae ,Ponder & Clark,Warratah Road Hydrobiid Snail,Mesogastropoda,r,,invertebrate
end,Phrantela conica ,Ponder & Clark,Little Henty River Hydrobiid Snail,Mesogastropoda,r,,invertebrate
end,Phrantela marginata ,Petterd,Heazlewood River Hydrobiid Snail,Mesogastropoda,r,,invertebrate
end,Phrantela pupiformis ,Ponder & Clark,Tyenna River Freshwater Snail,Mesogastropoda,r,,invertebrate
end,Plesiothele fentoni ,Hickman,Lake Fenton Trapdoor Spider,Araneae,e,,invertebrate
end,Pseudalmenus chlorinda myrsilus,Couchman,Tasmanian Hairstreak (butterfly),Lepidoptera,r,,invertebrate
end,Pseudotyrannochthonius typhlus ,Dartnall,Cave Pseudoscorpion (Mole Creek),Pseudoscorpionida,r,,invertebrate
end,Ramiheithrus kocinus ,Neboiss,Caddis Fly (Corinna),Trichoptera,r,,invertebrate
end,Schayera baiulus,Erichson,Schayer's Grasshopper,Orthoptera,e,,invertebrate
end,Smilasterias tasmaniae ,O'Loughlin and O'Hara,Bruny Island Seastar,Asterinidae,e,,invertebrate
end,Stenopsychodes lineata ,Neboiss,Caddis Fly (Bluff Hill Creek),Trichoptera,r,,invertebrate
end,Tasimia drepana ,Neboiss,Caddis Fly (Huon & Picton Rivers),Trichoptera,r,,invertebrate
end,Taskiria mccubbini ,Neboiss,Caddis Fly (Lake Pedder),Trichoptera,e,,invertebrate
end,Taskiropsyche lacustris ,Neboiss,Caddis Fly (Lake Pedder),Trichoptera,e,,invertebrate
end,Tasmanipatus barretti ,Ruhberg,Giant Velvet Worm,Onychophora,r,,invertebrate
end,Tasmanotrechus cockerilli ,Moore,Cave Beetle (Mole Creek),Coleoptera,r,,invertebrate
end,Tasniphargus tyleri ,Williams & Barnard,Amphipod (Great Lake),Amphipoda,r,,invertebrate
end,Theclinesthes serpentata lavara,(Herrich-Schäffer),Chequered blue,Lepidoptera,r,,invertebrate
end,Uramphisopus pearsoni ,Nicholls,Isopod (Great Lake),Isopoda,r,,invertebrate
end,Acanthiza pusilla archibaldi,Mathews,King Island Brown Thornbill,Birds,e,EN,vertebrate
end,Acanthornis magna greeniana,Schodde & Mason,King Island Scrubtit,Birds,e,CR,vertebrate
,Accipiter novaehollandiae ,Gmelin,Grey Goshawk,Birds,e,,vertebrate
end,Antechinus vandycki,"Baker, Mutton, Mason & Gray",Tasman Peninsula Dusky Antechinus,Mammals,v,,vertebrate
end,Aquila audax fleayi ,Latham,Wedge-tailed Eagle,Birds,e,EN,vertebrate
,Arctocephalus forsteri ,Lesson,New Zealand Fur Seal,Mammals,r,,vertebrate
,Arctocephalus tropicalis,Gray,Subantarctic Fur Seal,Mammals,e,EN,vertebrate
mig,Balaenoptera borealis,Lesson,Sei Whale,Mammals,,VU,vertebrate
mig,Balaenoptera musculus,Linnaeus,Blue Whale,Mammals,e,EN,vertebrate
mig,Balaenoptera physalus,Linnaeus,Fin Whale,Mammals,v,VU,vertebrate
,Botaurus poiciloptilus,(Wagler) ,Australasian Bittern,Birds,,EN,vertebrate
end,Brachiopsilus dianthus,"Last and Gledhill, Fish",pink handfish,Fish,e,EN,vertebrate
end,Brachionichthys hirsutus,Lacepede,Spotted Handfish,Fish,e,CR,vertebrate
end,Brachiopsilus ziebelli,Last & Gledhill,Ziebell's Handfish,Fish,e,VU,vertebrate
,Calidris canutus,(Linnaeus),Red Knot,Birds,,EN,vertebrate
,Calidris ferruginea,(Pontoppidan),Curlew Sandpiper,Birds,,CR,vertebrate
,Calidris tenuirostris,(Horsfield),Great Knot,Birds,,CR,vertebrate
,Carcharodon carcharias,Linnaeus,Great White Shark,Fish,v,VU,vertebrate
,Caretta caretta ,Linnaeus,Loggerhead Turtle,Reptiles,e,EN,vertebrate
end,Carinascincus palfreymani,(Rawlinson),Pedra Branca Skink,Reptiles,e,VU,vertebrate
,Centrophorus harrissoni,McCulloch,Harrisson's Deepsea Dogfish,Fish,,CD,vertebrate
,Centrophorus zeehaani,"White, Ebert & Compagno",Southern Dogfish,Fish,,CD,vertebrate
,Ceyx azureus diemenensis,(Gould),Tasmanian Azure Kingfisher,Birds,e,EN,vertebrate
,Charadrius leschenaultii,Lesson,Greater Sand Plover,Birds,,VU,vertebrate
,Charadrius mongolus,Pallas,Lesser Sand Plover,Birds,,EN,vertebrate
,Chelonia mydas ,Linnaeus,Green Turtle,Reptiles,v,VU,vertebrate
,Cyanoramphus novaezelandiae erythrotis ,Wagler,Macquarie Island Parakeet,Birds,x,EX,vertebrate
,Dasyurus maculatus maculatus,(Kerr),Spotted-tail Quoll,Mammals,r,VU,vertebrate
,Dasyurus viverrinus,(Shaw),Eastern Quoll,Mammals,,EN,vertebrate
,Dermochelys coriacea,Linnaeus,Leathery Turtle,Reptiles,v,VU,vertebrate
,Diomedea amsterdamensis,"Roux, Jouventin, Mougin, Stahl & Weimerskirch",Amsterdam Albatross,Birds,*,EN,vertebrate
,Diomedea antipodensis,Robertson & Warham,Antipodean Albatross,Birds,*,VU,vertebrate
,Diomedea antipodensis gibsoni,Robertson & Warham,Gibson's Albatross,Birds,*,VU,vertebrate
,Diomedea epomophora (sensu stricto),Lesson,Southern Royal Albatross,Birds,,VU,vertebrate
,Diomedea exulans,Linnaeus,Wandering Albatross,Birds,e,VU (sensu lato),vertebrate
,Diomedea dabbenena,Matthews,Tristan Albatross,Birds,*,EN,vertebrate
,Diomedea sanfordi,Murphy,Northern Royal Albatross,Birds,,EN,vertebrate
,Dromaius ater,Vieillot,King Island Emu,Birds,x,EX,vertebrate
,Dromaius novaehollandiae diemenensis,Le Souef,Tasmanian Emu,Birds,x,EX,vertebrate
,Eretmochelys imbricata ,Linnaeus,Hawksbill Turtle,Reptiles,v,VU,vertebrate
mig,Eubalaena australis,Desmoulins,Southern Right Whale,Mammals,e,EN,vertebrate
end,Galaxias auratus ,Johnston,Golden Galaxias,Fish,r,EN,vertebrate
end,Galaxias fontanus ,Fulton,Swan Galaxias,Fish,e,EN,vertebrate
end,Galaxias johnstoni ,Scott,Clarence Galaxias,Fish,e,EN,vertebrate
end,Galaxias parvus ,Frankenburg,Swamp Galaxias,Fish,v,VU,vertebrate
end,Galaxias pedderensis,Frankenberg,Pedder Galaxias,Fish,e,EW,vertebrate
end,Galaxias tanycephalus ,Fulton,Saddled Galaxias,Fish,v,VU,vertebrate
,Galaxiella pusilla ,Mack,Dwarf Galaxias,Fish,v,VU,vertebrate
,Galeorhinus galeus,,School Shark,Fish,,CD,vertebrate
eMI,Gallirallus philippensis macquariensis,Hutton,Macquarie Island Rail,Birds,x,EX,vertebrate
,Haliaeetus leucogaster,(Gmelin),White-bellied Sea-Eagle,Birds,v,,vertebrate
,Halobaena caerulea,Gmelin,Blue Petrel,Birds,v,VU,vertebrate
,Hirundapus caudacutus,Latham,White-throated Needletail,Birds,,VU,vertebrate
,Hoplostethus atlanticus,Collett,"Orange Roughy, Deep-sea Perch, Red Roughy",Fish,,CD,vertebrate
br end,Lathamus discolor,Shaw ,Swift Parrot,Birds,e,CR,vertebrate
,Leucocarbo atriceps purpurascens,Brant,Macquarie Island Shag,Birds,v,VU,vertebrate
,Limnodynastes peroni,Dumeril & Bibron,Striped Marsh Frog,Amphibians,e,,vertebrate
,Limosa lapponica baueri,Naumann,Western Alaskan Bar-tailed Godwit,Birds,,VU,vertebrate
,Limosa lapponica menzbieri,Portenko,Northern Siberian Bar-tailed Godwit,Birds,,CR,vertebrate
,Litoria raniformis ,Keferstein,Green and Gold Frog,Amphibians,v,VU,vertebrate
,Macronectes giganteus,Gmelin,Southern Giant Petrel,Birds,v,EN,vertebrate
,Macronectes halli,Mathews,Northern Giant Petrel,Birds,r,VU,vertebrate
mig,Megaptera novaeangliae,Borowski,Humpback Whale,Mammals,e,VU,vertebrate
,Mirounga leonina,Gray,Southern Elephant Seal,Mammals,e,VU,vertebrate
br end,Neophema chrysogaster,Latham,Orange-bellied Parrot,Birds,e,CR,vertebrate
,Numenius madagascariensis,Linnaeus,Eastern Curlew,Birds,e,CR,vertebrate
,Oceanites oceanicus ,Kuhl,Wilson's Storm Petrel,Birds,r,,vertebrate
,Pachyptila turtur subantarctica ,Kuhl,Southern Fairy Prion,Birds,e,VU,vertebrate
end,Paragalaxias dissimilis,Regan,Shannon Paragalaxias,Fish,v,VU,vertebrate
end,Paragalaxias eleotroides ,McDowall and Fulton,Great Lake Paragalaxias,Fish,v,VU,vertebrate
end,Paragalaxias julianus ,McDowall and Fulton,Western Paragalaxias,Fish,r,,vertebrate
end,Paragalaxias mesotes ,McDowall and Fulton,Arthurs Paragalaxias,Fish,e,EN,vertebrate
end,Pardalotus quadragintus ,Gould,Forty-spotted Pardalote,Birds,e,EN,vertebrate
,Perameles gunnii gunnii ,,Eastern-barred bandicoot,Mammals,,VU,vertebrate
,Phoebetria fusca ,Hilsenberg,Sooty Albatross,Birds,r,VU,vertebrate
,Phoebetria palpebrata ,Forster,Light-mantled Albatross,Birds,v,,vertebrate
end,Platycercus caledonicus brownii,(Kuhl),King Island Green Rosella,Birds,v,VU,vertebrate
,Podiceps cristatus,Linne,Great Crested Grebe,Birds,v,,vertebrate
,Procellaria cinerea,Gmelin,Grey Petrel,Birds,e,,vertebrate
,Prototroctes maraena,Gunther,Australian Grayling,Fish,v,VU,vertebrate
,Pseudemoia pagenstecheri ,Lindholm,Tussock Skink,Reptiles,v,,vertebrate
,Pseudemoia rawlinsoni ,Hutchinson & Donnellan,Glossy Grass Skink,Reptiles,r,,vertebrate
,Pseudomys novaehollandiae,Waterhouse,New Holland Mouse,Mammals,e,VU,vertebrate
,Pterodroma lessonii ,Garnot,White-headed Petrel,Birds,v,,vertebrate
,Pterodroma mollis ,Gould,Soft-plumaged Petrel,Birds,e,VU,vertebrate
,Rexea solandri (eastern Australian population),Cuvier,Eastern Gemfish,Fish,,CD,vertebrate
,Rhincodon typus,(Smith),Whale Shark,Fish,,VU,vertebrate
end,Sarcophilus harrisii,(Thomas),Tasmanian Devil,Mammals,e,EN,vertebrate
,Seriolella brama,(Günther),Blue Warehou,Fish,,CD,vertebrate
,Sterna striata ,Gmelin,White-fronted Tern,Birds,v,,vertebrate
,Sterna vittata bethunei ,Buller,Antarctic Tern,Birds,e,EN,vertebrate
,Sternula albifrons sinensis ,Gmelin,Little Tern,Birds,e,,vertebrate
,Sternula nereis nereis,Gould,Fairy Tern,Birds,v,VU,vertebrate
,Strepera fuliginosa colei,Mathews,Black Currawong (King Island),Birds,,VU,vertebrate
,Thalassarche bulleri,(Rothschild) ,"Buller's Albatross, Pacific Albatross ",Birds,,VU,vertebrate
,Thalassarche bulleri platei,(Reichenow) ,"Northern Buller's Albatross, Pacific Albatross",Birds,,VU,vertebrate
,Thalassarche cauta,Gould,Shy Albatross,Birds,v,EN (sensu stricto),vertebrate
,Thalassarche steadi,(Falla),White-capped Albatross,Birds,*,VU,vertebrate
,Thalassarche chrysostoma,Forster,Grey-headed Albatross,Birds,e,EN,vertebrate
,Thalassarche eremita,Chatham  Albatross,Chatham  Albatross,Birds,*,EN,vertebrate
,Thalassarche impavida,Mathews ,Campbell Albatross,Birds,*,VU,vertebrate
,Thalassarche melanophris,(Temminck),Black-browed Albatross,Birds,e,VU,vertebrate
,Thalassarche salvini,(Rothschild) ,Salvin's Albatross,Birds,*,VU,vertebrate
,Thinornis rubricollis rubricollis ,(Gmelin)  ,Hooded Plover (eastern),Birds,,VU,vertebrate
,Thunnus maccoyii,Castelnau,Southern Bluefin Tuna,Fish,,CD,vertebrate
end,Thylacinus cynocephalus ,Harris,Thylacine,Mammals,x,EX,vertebrate
end,Thymichthys politus,(Richardson),Red Handfish,Fish,e,CR,vertebrate
end,Tyto novaehollandiae castanops,(Gould),Masked Owl,Birds,e,VU,vertebrate
,Vombatus ursinus ursinus,,Bass Strait Wombat,Mammals,,VU,vertebrate
end,Zearaja maugeana,Last & Gledhill,Maugean Skate,Fish,e,EN,vertebrate
