id,name,commonName,scientificName,lsid,dataResourceUid,kvpValues,generalisation,category
4395106,Callocephalon fimbriatum,Gang-gang Cockatoo,Callocephalon fimbriatum,https://biodiversity.org.au/afd/taxa/6c646af8-06fb-40ae-83aa-3dd001cc4ea6,dr487,"[{'key': 'generalisation', 'value': '1km'}, {'key': 'category', 'value': 'Category 3'}]",1km,Category 3
4395175,Anthochaera phrygia,Regent Honeyeater,Anthochaera (Xanthomyza) phrygia,https://biodiversity.org.au/afd/taxa/31869a0e-2ce5-40be-b6f6-c0231a48b414,dr487,"[{'key': 'generalisation', 'value': '10km'}, {'key': 'category', 'value': 'Category 2'}]",10km,Category 2
4395225,Ninox strenua,Powerful Owl,Ninox (Rhabdoglaux) strenua,https://biodiversity.org.au/afd/taxa/d1c5dee0-0de6-487c-bf10-9fc5188ab671,dr487,"[{'key': 'generalisation', 'value': '1km'}, {'key': 'category', 'value': 'Category 3'}]",1km,Category 3
4395150,Tyto tenebricosa,Sooty Owl,Tyto tenebricosa,https://biodiversity.org.au/afd/taxa/645b287c-e547-4602-9275-ad3f972328bb,dr487,"[{'key': 'generalisation', 'value': '1km'}, {'key': 'category', 'value': 'Category 3'}]",1km,Category 3
4395160,Ninox connivens,Barking Owl,Ninox (Hieracoglaux) connivens,https://biodiversity.org.au/afd/taxa/bd332ca4-dab5-4fda-8d68-04b678ffcdb4,dr487,"[{'key': 'generalisation', 'value': '1km'}, {'key': 'category', 'value': 'Category 3'}]",1km,Category 3
4395126,Hoplocephalus bungaroides,Broad-headed Snake,Hoplocephalus bungaroides,https://biodiversity.org.au/afd/taxa/f579a6fc-ae01-4338-ba3c-16cdc4e53246,dr487,"[{'key': 'generalisation', 'value': '10km'}, {'key': 'category', 'value': 'Category 2'}]",10km,Category 2
4395197,Neophema chrysogaster,Orange-bellied Parrot,Neophema (Neonanodes) chrysogaster,https://biodiversity.org.au/afd/taxa/88653999-1e2f-47d1-87fa-1f6d3e47ffb8,dr487,"[{'key': 'generalisation', 'value': '1km'}, {'key': 'category', 'value': 'Category 3'}]",1km,Category 3
4395250,Glossopsitta porphyrocephala,Purple-crowned Lorikeet,Parvipsitta porphyrocephala,https://biodiversity.org.au/afd/taxa/a2399fe3-c90f-4fb1-a710-fe81643ff56e,dr487,"[{'key': 'generalisation', 'value': '1km'}, {'key': 'category', 'value': 'Category 3'}]",1km,Category 3
4395099,Philoria loveridgei,Loveridge's Frog,Philoria loveridgei,https://biodiversity.org.au/afd/taxa/f1e8b187-acbb-472d-89e7-a1900b4acdc7,dr487,"[{'key': 'generalisation', 'value': '10km'}, {'key': 'category', 'value': 'Category 2'}]",10km,Category 2
4395089,Dasyornis brachypterus,Eastern Bristlebird,Dasyornis (Dasyornis) brachypterus,https://biodiversity.org.au/afd/taxa/5a760ca8-e6c7-4465-a113-3eaf26b170cb,dr487,"[{'key': 'generalisation', 'value': '10km'}, {'key': 'category', 'value': 'Category 2'}]",10km,Category 2
4395144,Hamirostra melanosternon,Black-breasted Buzzard,Hamirostra melanosternon,https://biodiversity.org.au/afd/taxa/96e35cba-e86c-47dd-848e-056377227209,dr487,"[{'key': 'generalisation', 'value': '1km'}, {'key': 'category', 'value': 'Category 3'}]",1km,Category 3
4395151,Neophema pulchella,Turquoise Parrot,Neophema (Neophema) pulchella,https://biodiversity.org.au/afd/taxa/e9cc09f0-bfc4-40a1-8b5b-a7f4beb3271d,dr487,"[{'key': 'generalisation', 'value': '1km'}, {'key': 'category', 'value': 'Category 3'}]",1km,Category 3
4395142,Tyto novaehollandiae,Masked Owl,Tyto novaehollandiae,https://biodiversity.org.au/afd/taxa/f1c0ca04-8d30-40f4-ab25-103c74f430d2,dr487,"[{'key': 'generalisation', 'value': '1km'}, {'key': 'category', 'value': 'Category 3'}]",1km,Category 3
4395103,Cyclopsitta diophthalma coxeni,Coxen's Fig-parrot,Cyclopsitta diophthalma coxeni,https://biodiversity.org.au/afd/taxa/2c0e502e-f6ae-4efb-a023-d068a7955879,dr487,"[{'key': 'generalisation', 'value': '10km'}, {'key': 'category', 'value': 'Category 2'}]",10km,Category 2
4395114,Lophoictinia isura,Square-tailed Kite,Lophoictinia isura,https://biodiversity.org.au/afd/taxa/715a2874-1942-4762-866c-1194990e7a91,dr487,"[{'key': 'generalisation', 'value': '1km'}, {'key': 'category', 'value': 'Category 3'}]",1km,Category 3
4395164,Erythrotriorchis radiatus,Red Goshawk,Erythrotriorchis radiatus,https://biodiversity.org.au/afd/taxa/390a23b8-0097-4a2c-b068-283d2d4bd21f,dr487,"[{'key': 'generalisation', 'value': '10km'}, {'key': 'category', 'value': 'Category 2'}]",10km,Category 2
4395087,Lophochroa leadbeateri,Major Mitchell's Cockatoo,Lophochroa leadbeateri,https://biodiversity.org.au/afd/taxa/5815e99d-01cd-4a92-99ba-36f480c4834d,dr487,"[{'key': 'generalisation', 'value': '10km'}, {'key': 'category', 'value': 'Category 2'}]",10km,Category 2
4395266,Calyptorhynchus lathami,Glossy Black-cockatoo,Calyptorhynchus (Calyptorhynchus) lathami,https://biodiversity.org.au/afd/taxa/2b3630b3-6e95-47b8-ad3f-e3f46fa797dc,dr487,"[{'key': 'generalisation', 'value': '10km'}, {'key': 'category', 'value': 'Category 2'}]",10km,Category 2
4395223,Mixophyes balbus,Stuttering Frog,Mixophyes balbus,https://biodiversity.org.au/afd/taxa/7e478d81-8ec8-49ae-a51f-b838bbe05c77,dr487,"[{'key': 'generalisation', 'value': '10km'}, {'key': 'category', 'value': 'Category 2'}]",10km,Category 2
4395184,Mixophyes fleayi,Fleay's Barred Frog,Mixophyes fleayi,https://biodiversity.org.au/afd/taxa/289e1b7c-1323-473a-8c2b-a674324c102e,dr487,"[{'key': 'generalisation', 'value': '10km'}, {'key': 'category', 'value': 'Category 2'}]",10km,Category 2
4395097,Polytelis anthopeplus monarchoides,Regent Parrot (eastern Subspecies),Polytelis anthopeplus monarchoides,https://biodiversity.org.au/afd/taxa/1958a1ff-0233-4257-9f8c-032dcadb6fea,dr487,"[{'key': 'generalisation', 'value': '1km'}, {'key': 'category', 'value': 'Category 3'}]",1km,Category 3
4395109,Philoria kundagungan,Mountain Frog,Philoria kundagungan,https://biodiversity.org.au/afd/taxa/fcb2e700-8046-4556-94bd-78d188dadd9c,dr487,"[{'key': 'generalisation', 'value': '10km'}, {'key': 'category', 'value': 'Category 2'}]",10km,Category 2
4395214,Mixophyes iteratus,Giant Barred Frog,Mixophyes iteratus,https://biodiversity.org.au/afd/taxa/9eef5215-a3d4-4435-b82c-9284d730f002,dr487,"[{'key': 'generalisation', 'value': '10km'}, {'key': 'category', 'value': 'Category 2'}]",10km,Category 2
4395256,Falco hypoleucos,Grey Falcon,Falco (Hierofalco) hypoleucos,https://biodiversity.org.au/afd/taxa/4c73a934-63ae-417d-af40-56a82ae68371,dr487,"[{'key': 'generalisation', 'value': '10km'}, {'key': 'category', 'value': 'Category 2'}]",10km,Category 2
4395275,Pseudophryne corroboree,Southern Corroboree Frog,Pseudophryne corroboree,https://biodiversity.org.au/afd/taxa/1a3bc394-a748-4755-a6b8-98dd42da48db,dr487,"[{'key': 'generalisation', 'value': '10km'}, {'key': 'category', 'value': 'Category 2'}]",10km,Category 2
4395277,Polytelis swainsonii,Superb Parrot,Polytelis swainsonii,https://biodiversity.org.au/afd/taxa/46fca72f-4a32-44c5-a67c-770bd5333f55,dr487,"[{'key': 'generalisation', 'value': '1km'}, {'key': 'category', 'value': 'Category 3'}]",1km,Category 3
4395245,Pedionomus torquatus,Plains-wanderer,Pedionomus torquatus,https://biodiversity.org.au/afd/taxa/30b4b2e5-0d5b-46cb-bddb-a2137a35fa2c,dr487,"[{'key': 'generalisation', 'value': '1km'}, {'key': 'category', 'value': 'Category 3'}]",1km,Category 3
4395153,Pterostylis oreophila,Blue-tongued Orchid,Pterostylis oreophila,https://id.biodiversity.org.au/taxon/apni/51412246,dr487,"[{'key': 'generalisation', 'value': '10km'}, {'key': 'category', 'value': 'Category 2'}]",10km,Category 2
4395281,Genoplesium baueri,Yellow Gnat-orchid,Genoplesium baueri,https://id.biodiversity.org.au/taxon/apni/51405989,dr487,"[{'key': 'generalisation', 'value': '10km'}, {'key': 'category', 'value': 'Category 2'}]",10km,Category 2
4395101,Banksia conferta,,Banksia conferta,https://id.biodiversity.org.au/node/apni/9597877,dr487,"[{'key': 'generalisation', 'value': '10km'}, {'key': 'category', 'value': 'Category 2'}]",10km,Category 2
4395205,Diuris tricolor,Spotted-throat Cowslip,Diuris tricolor,https://id.biodiversity.org.au/taxon/apni/51404361,dr487,"[{'key': 'generalisation', 'value': '10km'}, {'key': 'category', 'value': 'Category 2'}]",10km,Category 2
4395276,Cryptostylis hunteriana,Leafless Tongue Orchid,Cryptostylis hunteriana,https://id.biodiversity.org.au/taxon/apni/51401155,dr487,"[{'key': 'generalisation', 'value': '10km'}, {'key': 'category', 'value': 'Category 2'}]",10km,Category 2
4395105,Peristeranthus hillii,Brown Fairy-chain Orchid,Peristeranthus hillii,https://id.biodiversity.org.au/taxon/apni/51407834,dr487,"[{'key': 'generalisation', 'value': '10km'}, {'key': 'category', 'value': 'Category 2'}]",10km,Category 2
4395273,Thelymitra epipactoides,Metallic Sun Orchid,Thelymitra epipactoides,https://id.biodiversity.org.au/taxon/apni/51414274,dr487,"[{'key': 'generalisation', 'value': '10km'}, {'key': 'category', 'value': 'Category 2'}]",10km,Category 2
4395148,Arthropteris palisotii,Lesser Creeping Fern,Arthropteris palisotii,https://id.biodiversity.org.au/node/apni/8496980,dr487,"[{'key': 'generalisation', 'value': '1km'}, {'key': 'category', 'value': 'Category 3'}]",1km,Category 3
4395147,Lindsaea fraseri,Fraser's Screw Fern,Lindsaea fraseri,https://id.biodiversity.org.au/node/apni/2906676,dr487,"[{'key': 'generalisation', 'value': '1km'}, {'key': 'category', 'value': 'Category 3'}]",1km,Category 3
4395201,Callistemon linearifolius,Netted Bottle Brush,Callistemon linearifolius,https://id.biodiversity.org.au/node/apni/2897309,dr487,"[{'key': 'generalisation', 'value': '1km'}, {'key': 'category', 'value': 'Category 3'}]",1km,Category 3
4395226,Drynaria rigidula,Basket Fern,Drynaria rigidula,https://id.biodiversity.org.au/node/apni/2904164,dr487,"[{'key': 'generalisation', 'value': '1km'}, {'key': 'category', 'value': 'Category 3'}]",1km,Category 3
4395119,Lindsaea incisa,Slender Screw Fern,Lindsaea incisa,https://id.biodiversity.org.au/node/apni/2892259,dr487,"[{'key': 'generalisation', 'value': '1km'}, {'key': 'category', 'value': 'Category 3'}]",1km,Category 3
4395138,Prostanthera marifolia,Seaforth Mintbush,Prostanthera marifolia,https://id.biodiversity.org.au/node/apni/2897722,dr487,"[{'key': 'generalisation', 'value': '1km'}, {'key': 'category', 'value': 'Category 3'}]",1km,Category 3
4395243,Chiloglottis platyptera,Barrington Tops Ant Orchid,Chiloglottis platyptera,https://id.biodiversity.org.au/taxon/apni/51400612,dr487,"[{'key': 'generalisation', 'value': '10km'}, {'key': 'category', 'value': 'Category 2'}]",10km,Category 2
4395130,Euphrasia scabra,Yellow Eyebright,Euphrasia scabra,https://id.biodiversity.org.au/node/apni/2903366,dr487,"[{'key': 'generalisation', 'value': '1km'}, {'key': 'category', 'value': 'Category 3'}]",1km,Category 3
4395169,Diuris praecox,Rough Doubletail,Diuris praecox,https://id.biodiversity.org.au/taxon/apni/51404309,dr487,"[{'key': 'generalisation', 'value': '10km'}, {'key': 'category', 'value': 'Category 2'}]",10km,Category 2
4395152,Allocasuarina portuensis,Nielsen Park She-oak,Allocasuarina portuensis,https://id.biodiversity.org.au/node/apni/2891101,dr487,"[{'key': 'generalisation', 'value': '1km'}, {'key': 'category', 'value': 'Category 3'}]",1km,Category 3
4395092,Elaeocarpus williamsianus,Hairy Quandong,Elaeocarpus williamsianus,https://id.biodiversity.org.au/node/apni/2906669,dr487,"[{'key': 'generalisation', 'value': '1km'}, {'key': 'category', 'value': 'Category 3'}]",1km,Category 3
4395137,Eucalyptus imlayensis,Mount Imlay Mallee,Eucalyptus imlayensis,https://id.biodiversity.org.au/node/apni/2899202,dr487,"[{'key': 'generalisation', 'value': '1km'}, {'key': 'category', 'value': 'Category 3'}]",1km,Category 3
4395230,Indigofera efoliata,Leafless Indigo,Indigofera efoliata,https://id.biodiversity.org.au/node/apni/2899952,dr487,"[{'key': 'generalisation', 'value': '1km'}, {'key': 'category', 'value': 'Category 3'}]",1km,Category 3
4395122,Hakea pulvinifera,Lake Keepit Hakea,Hakea pulvinifera,https://id.biodiversity.org.au/node/apni/2917559,dr487,"[{'key': 'generalisation', 'value': '10km'}, {'key': 'category', 'value': 'Category 2'}]",10km,Category 2
4395238,Rhizanthella slateri,Eastern Australian Underground Orchid,Rhizanthella slateri,https://id.biodiversity.org.au/taxon/apni/51412992,dr487,"[{'key': 'generalisation', 'value': '10km'}, {'key': 'category', 'value': 'Category 2'}]",10km,Category 2
4395188,Gentiana bredboensis,Bredbo Gentian,Gentiana bredboensis,https://id.biodiversity.org.au/node/apni/2900971,dr487,"[{'key': 'generalisation', 'value': '10km'}, {'key': 'category', 'value': 'Category 2'}]",10km,Category 2
4395181,Sarcochilus dilatatus,Brown Sarcochilus,Sarcochilus dilatatus,https://id.biodiversity.org.au/taxon/apni/51413227,dr487,"[{'key': 'generalisation', 'value': '10km'}, {'key': 'category', 'value': 'Category 2'}]",10km,Category 2
4395248,Diuris venosa,Veined Doubletail,Diuris venosa,https://id.biodiversity.org.au/taxon/apni/51404365,dr487,"[{'key': 'generalisation', 'value': '10km'}, {'key': 'category', 'value': 'Category 2'}]",10km,Category 2
4395155,Bulbophyllum globuliforme,Miniature Moss-orchid,Bulbophyllum globuliforme,https://id.biodiversity.org.au/taxon/apni/51396335,dr487,"[{'key': 'generalisation', 'value': '10km'}, {'key': 'category', 'value': 'Category 2'}]",10km,Category 2
4395262,Gentiana wingecarribiensis,Wingecarribee Gentian,Gentiana wingecarribiensis,https://id.biodiversity.org.au/node/apni/2915610,dr487,"[{'key': 'generalisation', 'value': '1km'}, {'key': 'category', 'value': 'Category 3'}]",1km,Category 3
4395131,Pterostylis cobarensis,Greenhood Orchid,Pterostylis cobarensis,https://id.biodiversity.org.au/taxon/apni/51412068,dr487,"[{'key': 'generalisation', 'value': '10km'}, {'key': 'category', 'value': 'Category 2'}]",10km,Category 2
4395203,Sarcochilus weinthalii,Blotched Sarcochilus,Sarcochilus weinthalii,https://id.biodiversity.org.au/taxon/apni/51413251,dr487,"[{'key': 'generalisation', 'value': '10km'}, {'key': 'category', 'value': 'Category 2'}]",10km,Category 2
4395239,Sarcochilus fitzgeraldii,Ravine Orchid,Sarcochilus fitzgeraldii,https://id.biodiversity.org.au/taxon/apni/51413233,dr487,"[{'key': 'generalisation', 'value': '10km'}, {'key': 'category', 'value': 'Category 2'}]",10km,Category 2
4395189,Phaius australis,Southern Swamp Orchid,Phaius australis,https://id.biodiversity.org.au/taxon/apni/51407850,dr487,"[{'key': 'generalisation', 'value': '10km'}, {'key': 'category', 'value': 'Category 2'}]",10km,Category 2
4395240,Diploglottis campbellii,Small-leaved Tamarind,Diploglottis campbellii,https://id.biodiversity.org.au/node/apni/2906814,dr487,"[{'key': 'generalisation', 'value': '10km'}, {'key': 'category', 'value': 'Category 2'}]",10km,Category 2
4395178,Sarcochilus hartmannii,Waxy Sarcochilus,Sarcochilus hartmannii,https://id.biodiversity.org.au/taxon/apni/51413235,dr487,"[{'key': 'generalisation', 'value': '10km'}, {'key': 'category', 'value': 'Category 2'}]",10km,Category 2
4395134,Chiloglottis anaticeps,Bird Orchid,Chiloglottis anaticeps,https://id.biodiversity.org.au/taxon/apni/51400590,dr487,"[{'key': 'generalisation', 'value': '10km'}, {'key': 'category', 'value': 'Category 2'}]",10km,Category 2
4395115,Diuris pedunculata,Small Snake Orchid,Diuris pedunculata,https://id.biodiversity.org.au/taxon/apni/51404295,dr487,"[{'key': 'generalisation', 'value': '10km'}, {'key': 'category', 'value': 'Category 2'}]",10km,Category 2
4395221,Grevillea mollis,Soft Grevillea,Grevillea mollis,https://id.biodiversity.org.au/node/apni/2890447,dr487,"[{'key': 'generalisation', 'value': '1km'}, {'key': 'category', 'value': 'Category 3'}]",1km,Category 3
4395102,Grevillea iaspicula,Wee Jasper Grevillea,Grevillea iaspicula,https://id.biodiversity.org.au/node/apni/2897239,dr487,"[{'key': 'generalisation', 'value': '10km'}, {'key': 'category', 'value': 'Category 2'}]",10km,Category 2
4395098,Lastreopsis hispida,Bristly Shield Fern,Lastreopsis hispida,https://id.biodiversity.org.au/node/apni/2907135,dr487,"[{'key': 'generalisation', 'value': '1km'}, {'key': 'category', 'value': 'Category 3'}]",1km,Category 3
4395108,Prasophyllum fuscum,Slaty Leek Orchid,Prasophyllum fuscum,https://id.biodiversity.org.au/taxon/apni/51409769,dr487,"[{'key': 'generalisation', 'value': '10km'}, {'key': 'category', 'value': 'Category 2'}]",10km,Category 2
4395244,Angiopteris evecta,Giant Fern,Angiopteris evecta,https://id.biodiversity.org.au/taxon/apni/51299822,dr487,"[{'key': 'generalisation', 'value': '10km'}, {'key': 'category', 'value': 'Category 2'}]",10km,Category 2
4395173,Pterostylis alpina,Alpine Greenhood,Pterostylis alpina,https://id.biodiversity.org.au/taxon/apni/51412006,dr487,"[{'key': 'generalisation', 'value': '10km'}, {'key': 'category', 'value': 'Category 2'}]",10km,Category 2
4395206,Prasophyllum affine,Jervis Bay Leek Orchid,Prasophyllum affine,https://id.biodiversity.org.au/taxon/apni/51409681,dr487,"[{'key': 'generalisation', 'value': '10km'}, {'key': 'category', 'value': 'Category 2'}]",10km,Category 2
4395255,Pterostylis pulchella,Waterfall Greenhood,Pterostylis pulchella,https://id.biodiversity.org.au/taxon/apni/51412286,dr487,"[{'key': 'generalisation', 'value': '10km'}, {'key': 'category', 'value': 'Category 2'}]",10km,Category 2
4395196,Platyzoma microphyllum,Braid Fern,Platyzoma microphyllum,https://id.biodiversity.org.au/node/apni/2916514,dr487,"[{'key': 'generalisation', 'value': '1km'}, {'key': 'category', 'value': 'Category 3'}]",1km,Category 3
4395125,Genoplesium rhyoliticum,Rhyolite Midge Orchid,Genoplesium rhyoliticum,https://id.biodiversity.org.au/taxon/apni/51406051,dr487,"[{'key': 'generalisation', 'value': '10km'}, {'key': 'category', 'value': 'Category 2'}]",10km,Category 2
4395170,Pilularia novae-hollandiae,Austral Pillwort,Pilularia novae-hollandiae,https://id.biodiversity.org.au/node/apni/2905369,dr487,"[{'key': 'generalisation', 'value': '1km'}, {'key': 'category', 'value': 'Category 3'}]",1km,Category 3
4395229,Geodorum densiflorum,Pink Nodding Orchid,Geodorum densiflorum,https://id.biodiversity.org.au/taxon/apni/51406097,dr487,"[{'key': 'generalisation', 'value': '10km'}, {'key': 'category', 'value': 'Category 2'}]",10km,Category 2
4395180,Lindsaea brachypoda,Short-footed Screw Fern,Lindsaea brachypoda,https://id.biodiversity.org.au/node/apni/2902961,dr487,"[{'key': 'generalisation', 'value': '1km'}, {'key': 'category', 'value': 'Category 3'}]",1km,Category 3
4395176,Zieria adenophora,Araluen Zieria,Zieria adenophora,https://id.biodiversity.org.au/node/apni/2905804,dr487,"[{'key': 'generalisation', 'value': '10km'}, {'key': 'category', 'value': 'Category 2'}]",10km,Category 2
4395204,Cymbidium canaliculatum,Tiger Orchid,Cymbidium canaliculatum,https://id.biodiversity.org.au/taxon/apni/51401317,dr487,"[{'key': 'generalisation', 'value': '10km'}, {'key': 'category', 'value': 'Category 2'}]",10km,Category 2
4395140,Eucalyptus copulans,,Eucalyptus copulans,https://id.biodiversity.org.au/node/apni/2891931,dr487,"[{'key': 'generalisation', 'value': '1km'}, {'key': 'category', 'value': 'Category 3'}]",1km,Category 3
4395268,Pterostylis nigricans,Dark Greenhood,Pterostylis nigricans,https://id.biodiversity.org.au/taxon/apni/51412236,dr487,"[{'key': 'generalisation', 'value': '10km'}, {'key': 'category', 'value': 'Category 2'}]",10km,Category 2
4395227,Trachymene scapigera,Mountain Trachymene,Trachymene scapigera,https://id.biodiversity.org.au/node/apni/2903508,dr487,"[{'key': 'generalisation', 'value': '1km'}, {'key': 'category', 'value': 'Category 3'}]",1km,Category 3
4395265,Diuris disposita,Willawarrin Doubletail,Diuris disposita,https://id.biodiversity.org.au/taxon/apni/51404211,dr487,"[{'key': 'generalisation', 'value': '10km'}, {'key': 'category', 'value': 'Category 2'}]",10km,Category 2
4395154,Psilotum complanatum,Flat Fork Fern,Psilotum complanatum,https://id.biodiversity.org.au/node/apni/2914286,dr487,"[{'key': 'generalisation', 'value': '1km'}, {'key': 'category', 'value': 'Category 3'}]",1km,Category 3
4395171,Myriophyllum implicatum,,Myriophyllum implicatum,https://id.biodiversity.org.au/node/apni/2889355,dr487,"[{'key': 'generalisation', 'value': '10km'}, {'key': 'category', 'value': 'Category 2'}]",10km,Category 2
4395192,Caladenia arenaria,Sand-hill Spider-orchid,Caladenia arenaria,https://id.biodiversity.org.au/taxon/apni/51398785,dr487,"[{'key': 'generalisation', 'value': '10km'}, {'key': 'category', 'value': 'Category 2'}]",10km,Category 2
4395112,Lysimachia vulgaris var. davurica,Yellow Loosestrife,Lysimachia vulgaris var. davurica,https://id.biodiversity.org.au/node/apni/2901512,dr487,"[{'key': 'generalisation', 'value': '1km'}, {'key': 'category', 'value': 'Category 3'}]",1km,Category 3
4395208,Diuris bracteata,,Diuris bracteata,https://id.biodiversity.org.au/taxon/apni/51404173,dr487,"[{'key': 'generalisation', 'value': '10km'}, {'key': 'category', 'value': 'Category 2'}]",10km,Category 2
4395096,Diuris aequalis,Buttercup Doubletail,Diuris aequalis,https://id.biodiversity.org.au/taxon/apni/51404157,dr487,"[{'key': 'generalisation', 'value': '10km'}, {'key': 'category', 'value': 'Category 2'}]",10km,Category 2
4395149,Gyrostemon thesioides,Broom Wheelfruit,Gyrostemon thesioides,https://id.biodiversity.org.au/node/apni/2898598,dr487,"[{'key': 'generalisation', 'value': '1km'}, {'key': 'category', 'value': 'Category 3'}]",1km,Category 3
4395235,Oberonia complanata,Yellow-flowered King Of The Fairies,Oberonia complanata,https://id.biodiversity.org.au/taxon/apni/51406761,dr487,"[{'key': 'generalisation', 'value': '10km'}, {'key': 'category', 'value': 'Category 2'}]",10km,Category 2
4395082,Leucopogon confertus,Torrington Beard-heath,Leucopogon confertus,https://id.biodiversity.org.au/node/apni/2895126,dr487,"[{'key': 'generalisation', 'value': '1km'}, {'key': 'category', 'value': 'Category 3'}]",1km,Category 3
4395228,Grevillea divaricata,,Grevillea divaricata,https://id.biodiversity.org.au/node/apni/2919387,dr487,"[{'key': 'generalisation', 'value': '1km'}, {'key': 'category', 'value': 'Category 3'}]",1km,Category 3
4395260,Grevillea beadleana,Beadle's Grevillea,Grevillea beadleana,https://id.biodiversity.org.au/node/apni/2900555,dr487,"[{'key': 'generalisation', 'value': '1km'}, {'key': 'category', 'value': 'Category 3'}]",1km,Category 3
4395177,Diuris flavescens,Pale Yellow Doubletail,Diuris flavescens,https://id.biodiversity.org.au/taxon/apni/51404227,dr487,"[{'key': 'generalisation', 'value': '10km'}, {'key': 'category', 'value': 'Category 2'}]",10km,Category 2
4395207,Prostanthera staurophylla,Tenterfield Mint-bush,Prostanthera staurophylla,https://id.biodiversity.org.au/node/apni/2909925,dr487,"[{'key': 'generalisation', 'value': '10km'}, {'key': 'category', 'value': 'Category 2'}]",10km,Category 2
4395124,Pterostylis chaetophora,,Pterostylis chaetophora,https://id.biodiversity.org.au/taxon/apni/51412056,dr487,"[{'key': 'generalisation', 'value': '10km'}, {'key': 'category', 'value': 'Category 2'}]",10km,Category 2
4395139,Persoonia hirsuta,Hairy Geebung,Persoonia hirsuta,https://id.biodiversity.org.au/node/apni/2902498,dr487,"[{'key': 'generalisation', 'value': '1km'}, {'key': 'category', 'value': 'Category 3'}]",1km,Category 3
4395224,Caladenia tessellata,Thick Lip Spider Orchid,Caladenia tessellata,https://id.biodiversity.org.au/taxon/apni/51399404,dr487,"[{'key': 'generalisation', 'value': '10km'}, {'key': 'category', 'value': 'Category 2'}]",10km,Category 2
4395190,Dendrobium melaleucaphilum,Spider Orchid,Dendrobium melaleucaphilum,https://id.biodiversity.org.au/taxon/apni/51402880,dr487,"[{'key': 'generalisation', 'value': '10km'}, {'key': 'category', 'value': 'Category 2'}]",10km,Category 2
4395167,Acacia dangarensis,,Acacia dangarensis,https://id.biodiversity.org.au/node/apni/2915433,dr487,"[{'key': 'generalisation', 'value': '1km'}, {'key': 'category', 'value': 'Category 3'}]",1km,Category 3
4395090,Isotoma fluviatilis subsp. fluviatilis,,Isotoma fluviatilis subsp. fluviatilis,https://id.biodiversity.org.au/node/apni/2897543,dr487,"[{'key': 'generalisation', 'value': '1km'}, {'key': 'category', 'value': 'Category 3'}]",1km,Category 3
4395263,Fontainea oraria,Coastal Fontainea,Fontainea oraria,https://id.biodiversity.org.au/node/apni/2917992,dr487,"[{'key': 'generalisation', 'value': '10km'}, {'key': 'category', 'value': 'Category 2'}]",10km,Category 2
4395193,Pterostylis foliata,Slender Greenhood,Pterostylis foliata,https://id.biodiversity.org.au/taxon/apni/51412140,dr487,"[{'key': 'generalisation', 'value': '10km'}, {'key': 'category', 'value': 'Category 2'}]",10km,Category 2
4395195,Pimelea venosa,Bolivia Hill Rice-flower,Pimelea venosa,https://id.biodiversity.org.au/node/apni/2891541,dr487,"[{'key': 'generalisation', 'value': '1km'}, {'key': 'category', 'value': 'Category 3'}]",1km,Category 3
4395183,Oberonia titania,Norfolk Island Oberonia,Oberonia titania,https://id.biodiversity.org.au/taxon/apni/51406765,dr487,"[{'key': 'generalisation', 'value': '10km'}, {'key': 'category', 'value': 'Category 2'}]",10km,Category 2
4395257,Pterostylis gibbosa,Illawarra Greenhood,Pterostylis gibbosa,https://id.biodiversity.org.au/taxon/apni/51412148,dr487,"[{'key': 'generalisation', 'value': '10km'}, {'key': 'category', 'value': 'Category 2'}]",10km,Category 2
4395194,Grevillea caleyi,Caley's Grevillea,Grevillea caleyi,https://id.biodiversity.org.au/node/apni/2912335,dr487,"[{'key': 'generalisation', 'value': '1km'}, {'key': 'category', 'value': 'Category 3'}]",1km,Category 3
4395159,Caladenia concolor,Crimson Spider Orchid,Caladenia concolor,https://id.biodiversity.org.au/taxon/apni/51398911,dr487,"[{'key': 'generalisation', 'value': '10km'}, {'key': 'category', 'value': 'Category 2'}]",10km,Category 2
4395135,Caladenia rosella,Little Pink Spider-orchid,Caladenia rosella,https://id.biodiversity.org.au/taxon/apni/51399335,dr487,"[{'key': 'generalisation', 'value': '10km'}, {'key': 'category', 'value': 'Category 2'}]",10km,Category 2
4395191,Cheilanthes sieberi subsp. pseudovellea,,Cheilanthes sieberi subsp. pseudovellea,https://id.biodiversity.org.au/node/apni/2907348,dr487,"[{'key': 'generalisation', 'value': '1km'}, {'key': 'category', 'value': 'Category 3'}]",1km,Category 3
4395210,Grammitis stenophylla,Narrow-leaf Finger Fern,Grammitis stenophylla,https://id.biodiversity.org.au/node/apni/2894545,dr487,"[{'key': 'generalisation', 'value': '1km'}, {'key': 'category', 'value': 'Category 3'}]",1km,Category 3
4395136,Grevillea masonii,Mason's Grevillea,Grevillea masonii,https://id.biodiversity.org.au/node/apni/2913810,dr487,"[{'key': 'generalisation', 'value': '1km'}, {'key': 'category', 'value': 'Category 3'}]",1km,Category 3
4395107,Prasophyllum petilum,Tarengo Leek Orchid,Prasophyllum petilum,https://id.biodiversity.org.au/taxon/apni/51409851,dr487,"[{'key': 'generalisation', 'value': '10km'}, {'key': 'category', 'value': 'Category 2'}]",10km,Category 2
4395254,Pterostylis sp. Botany Bay,Botany Bay Bearded Orchid,Pterostylis sp. Botany Bay,ALA_DR487_111,dr487,"[{'key': 'generalisation', 'value': '10km'}, {'key': 'category', 'value': 'Category 2'}]",10km,Category 2
4395220,Viola cleistogamoides,Hidden Violet,Viola cleistogamoides,https://id.biodiversity.org.au/node/apni/2892487,dr487,"[{'key': 'generalisation', 'value': '1km'}, {'key': 'category', 'value': 'Category 3'}]",1km,Category 3
4395085,Zieria buxijugum,Box Range Zieria,Zieria buxijugum,https://id.biodiversity.org.au/node/apni/2905774,dr487,"[{'key': 'generalisation', 'value': '10km'}, {'key': 'category', 'value': 'Category 2'}]",10km,Category 2
4395182,Zieria formosa,Shapely Zieria,Zieria formosa,https://id.biodiversity.org.au/node/apni/2911487,dr487,"[{'key': 'generalisation', 'value': '10km'}, {'key': 'category', 'value': 'Category 2'}]",10km,Category 2
4395162,Zieria parrisiae,Parris' Zieria,Zieria parrisiae,https://id.biodiversity.org.au/node/apni/2919089,dr487,"[{'key': 'generalisation', 'value': '10km'}, {'key': 'category', 'value': 'Category 2'}]",10km,Category 2
4395158,Genoplesium superbum,Superb Midge Orchid,Genoplesium superbum,https://id.biodiversity.org.au/taxon/apni/51406077,dr487,"[{'key': 'generalisation', 'value': '10km'}, {'key': 'category', 'value': 'Category 2'}]",10km,Category 2
4395280,Microtis angusii,Angus's Onion Orchid,Microtis angusii,https://id.biodiversity.org.au/taxon/apni/51406608,dr487,"[{'key': 'generalisation', 'value': '10km'}, {'key': 'category', 'value': 'Category 2'}]",10km,Category 2
4395269,Micromyrtus grandis,Severn River Heath-myrtle,Micromyrtus grandis,https://id.biodiversity.org.au/node/apni/2898424,dr487,"[{'key': 'generalisation', 'value': '1km'}, {'key': 'category', 'value': 'Category 3'}]",1km,Category 3
4395120,Pterostylis saxicola,Sydney Plains Greenhood,Pterostylis saxicola,https://id.biodiversity.org.au/taxon/apni/51412318,dr487,"[{'key': 'generalisation', 'value': '10km'}, {'key': 'category', 'value': 'Category 2'}]",10km,Category 2
4395253,Cyclodomorphus praealtus,Alpine She-oak Skink,Cyclodomorphus praealtus,https://biodiversity.org.au/afd/taxa/91f49257-08dd-4515-b26d-6cdeeada1a70,dr487,"[{'key': 'generalisation', 'value': '10km'}, {'key': 'category', 'value': 'Category 2'}]",10km,Category 2
4395110,Pseudophryne pengilleyi,Northern Corroboree Frog,Pseudophryne pengilleyi,https://biodiversity.org.au/afd/taxa/cc5315bf-6682-44d9-809c-139afaddf7c8,dr487,"[{'key': 'generalisation', 'value': '10km'}, {'key': 'category', 'value': 'Category 2'}]",10km,Category 2
4395156,Genoplesium plumosum,Tallong Midge Orchid,Genoplesium plumosum,https://id.biodiversity.org.au/taxon/apni/51406045,dr487,"[{'key': 'generalisation', 'value': '10km'}, {'key': 'category', 'value': 'Category 2'}]",10km,Category 2
4395249,Angophora exul,,Angophora bakeri subsp. bakeri,https://id.biodiversity.org.au/node/apni/2913071,dr487,"[{'key': 'generalisation', 'value': '1km'}, {'key': 'category', 'value': 'Category 3'}]",1km,Category 3
4395161,Eucalyptus dissita,Narrow-leaved Sally,Eucalyptus moorei subsp. moorei,https://id.biodiversity.org.au/node/apni/2890966,dr487,"[{'key': 'generalisation', 'value': '1km'}, {'key': 'category', 'value': 'Category 3'}]",1km,Category 3
4395100,Baeckea kandos,A Shrub,Baeckea kandos,https://id.biodiversity.org.au/node/apni/2886411,dr487,"[{'key': 'generalisation', 'value': '1km'}, {'key': 'category', 'value': 'Category 3'}]",1km,Category 3
4395094,Pomaderris adnata,Sublime Point Pomaderris,Pomaderris adnata,https://id.biodiversity.org.au/node/apni/2896205,dr487,"[{'key': 'generalisation', 'value': '1km'}, {'key': 'category', 'value': 'Category 3'}]",1km,Category 3
4395217,Prostanthera palustris,Swamp Mint-bush,Prostanthera palustris,https://id.biodiversity.org.au/node/apni/2918112,dr487,"[{'key': 'generalisation', 'value': '1km'}, {'key': 'category', 'value': 'Category 3'}]",1km,Category 3
4395251,Pimelea axiflora subsp. pubescens,Bungonia Rice-flower,Pimelea axiflora subsp. pubescens,https://id.biodiversity.org.au/node/apni/8328266,dr487,"[{'key': 'generalisation', 'value': '10km'}, {'key': 'category', 'value': 'Category 2'}]",10km,Category 2
4395172,Pterostylis elegans,Elegant Greenhood,Pterostylis elegans,https://id.biodiversity.org.au/taxon/apni/51412114,dr487,"[{'key': 'generalisation', 'value': '10km'}, {'key': 'category', 'value': 'Category 2'}]",10km,Category 2
4395242,Pterostylis metcalfei,Metcalfe's Greenhood,Pterostylis metcalfei,https://id.biodiversity.org.au/taxon/apni/51412218,dr487,"[{'key': 'generalisation', 'value': '10km'}, {'key': 'category', 'value': 'Category 2'}]",10km,Category 2
4395083,Eucalyptus pachycalyx subsp. banyabba,Banyabba Shiny-barked Gum,Eucalyptus pachycalyx subsp. banyabba,https://id.biodiversity.org.au/node/apni/6810160,dr487,"[{'key': 'generalisation', 'value': '1km'}, {'key': 'category', 'value': 'Category 3'}]",1km,Category 3
4395272,Pultenaea sp. Olinda,,Pultenaea sp. Olinda,ALA_DR487_131,dr487,"[{'key': 'generalisation', 'value': '1km'}, {'key': 'category', 'value': 'Category 3'}]",1km,Category 3
4395086,Persoonia pauciflora,North Rothbury Persoonia,Persoonia pauciflora,https://id.biodiversity.org.au/node/apni/2899054,dr487,"[{'key': 'generalisation', 'value': '1km'}, {'key': 'category', 'value': 'Category 3'}]",1km,Category 3
4395084,Typhonium sp. aff. brownii,Stinky Lily,Typhonium sp. aff. brownii,ALA_DR487_133,dr487,"[{'key': 'generalisation', 'value': '1km'}, {'key': 'category', 'value': 'Category 3'}]",1km,Category 3
4395258,Boronia boliviensis,Bolivia Hill Boronia,Boronia boliviensis,https://id.biodiversity.org.au/node/apni/2899640,dr487,"[{'key': 'generalisation', 'value': '1km'}, {'key': 'category', 'value': 'Category 3'}]",1km,Category 3
4395187,Diuris arenaria,Sand Doubletail,Diuris arenaria,https://id.biodiversity.org.au/taxon/apni/51404163,dr487,"[{'key': 'generalisation', 'value': '10km'}, {'key': 'category', 'value': 'Category 2'}]",10km,Category 2
4395123,Hakea archaeoides,Big Nellie Hakea,Hakea archaeoides,https://id.biodiversity.org.au/node/apni/2920623,dr487,"[{'key': 'generalisation', 'value': '1km'}, {'key': 'category', 'value': 'Category 3'}]",1km,Category 3
4395218,Leionema lamprophyllum subsp. obovatum,Shiny Leionema,Leionema lamprophyllum subsp. obovatum,https://id.biodiversity.org.au/node/apni/2906924,dr487,"[{'key': 'generalisation', 'value': '10km'}, {'key': 'category', 'value': 'Category 2'}]",10km,Category 2
4395274,Caladenia porphyrea,,Caladenia quadrifaria,https://id.biodiversity.org.au/taxon/apni/51399300,dr487,"[{'key': 'generalisation', 'value': '10km'}, {'key': 'category', 'value': 'Category 2'}]",10km,Category 2
4395118,Prasophyllum canaliculatum,Summer Leek Orchid,Prasophyllum canaliculatum,https://id.biodiversity.org.au/taxon/apni/51409713,dr487,"[{'key': 'generalisation', 'value': '10km'}, {'key': 'category', 'value': 'Category 2'}]",10km,Category 2
4395216,Davidsonia jerseyana,Davidson's Plum,Davidsonia jerseyana,https://id.biodiversity.org.au/node/apni/2918807,dr487,"[{'key': 'generalisation', 'value': '10km'}, {'key': 'category', 'value': 'Category 2'}]",10km,Category 2
4395234,Acacia atrox,Myall Creek Wattle,Acacia atrox,https://id.biodiversity.org.au/node/apni/2894816,dr487,"[{'key': 'generalisation', 'value': '1km'}, {'key': 'category', 'value': 'Category 3'}]",1km,Category 3
4395157,Nurus atlas,Atlas Rainforest Ground-beetle,Nurus atlas,https://biodiversity.org.au/afd/taxa/cb794852-fe55-4f70-b5f7-2f34e08385a9,dr487,"[{'key': 'generalisation', 'value': '1km'}, {'key': 'category', 'value': 'Category 3'}]",1km,Category 3
4395088,Nurus brevis,Shorter Rainforest Ground-beetle,Nurus brevis,https://biodiversity.org.au/afd/taxa/026f169f-00cf-4cc9-8b21-599ed336b862,dr487,"[{'key': 'generalisation', 'value': '1km'}, {'key': 'category', 'value': 'Category 3'}]",1km,Category 3
4395202,Wollemia nobilis,Wollemi Pine,Wollemia nobilis,https://id.biodiversity.org.au/node/apni/2899238,dr487,"[{'key': 'generalisation', 'value': 'WITHHOLD'}, {'key': 'category', 'value': 'Category 1'}]",WITHHOLD,Category 1
4395271,"Diuris sp. (Oaklands, D.L. Jones 5380)",Oaklands Diuris,"Diuris sp. (Oaklands, D.L. Jones 5380)",ALA_DR487_145,dr487,"[{'key': 'generalisation', 'value': '10km'}, {'key': 'category', 'value': 'Category 2'}]",10km,Category 2
4395146,Caladenia attenuata,Duramana Fingers,Caladenia attenuata,https://id.biodiversity.org.au/taxon/apni/51398803,dr487,"[{'key': 'generalisation', 'value': '10km'}, {'key': 'category', 'value': 'Category 2'}]",10km,Category 2
4395211,Calyptorhynchus banksii banksii,Red-tailed Black-cockatoo (coastal Subspecies),Calyptorhynchus (Calyptorhynchus) banksii banksii,https://biodiversity.org.au/afd/taxa/b4fe1a2d-5393-4523-8446-4d348a044238,dr487,"[{'key': 'generalisation', 'value': '10km'}, {'key': 'category', 'value': 'Category 2'}]",10km,Category 2
4395116,Calyptorhynchus banksii samueli,Red-tailed Black-cockatoo (inland Subspecies),Calyptorhynchus (Calyptorhynchus) banksii samueli,https://biodiversity.org.au/afd/taxa/64129f52-5fb1-44ee-a09e-13c0bb61145f,dr487,"[{'key': 'generalisation', 'value': '10km'}, {'key': 'category', 'value': 'Category 2'}]",10km,Category 2
4395104,Pezoporus wallicus wallicus,Eastern Ground Parrot,Pezoporus wallicus wallicus,https://biodiversity.org.au/afd/taxa/41b07a4e-e6dc-4575-8c9b-4c44872d21f8,dr487,"[{'key': 'generalisation', 'value': '1km'}, {'key': 'category', 'value': 'Category 3'}]",1km,Category 3
4395111,Tyto longimembris,Eastern Grass Owl,Tyto longimembris,https://biodiversity.org.au/afd/taxa/272490b7-303d-4550-a4fb-f76c076539cd,dr487,"[{'key': 'generalisation', 'value': '1km'}, {'key': 'category', 'value': 'Category 3'}]",1km,Category 3
4395091,Genoplesium vernale,East Lynne Midge-orchid,Genoplesium vernale,https://id.biodiversity.org.au/taxon/apni/51406091,dr487,"[{'key': 'generalisation', 'value': '10km'}, {'key': 'category', 'value': 'Category 2'}]",10km,Category 2
4395209,Prasophyllum retroflexum,Kiandra Leek Orchid,Prasophyllum retroflexum,https://id.biodiversity.org.au/taxon/apni/51409867,dr487,"[{'key': 'generalisation', 'value': '10km'}, {'key': 'category', 'value': 'Category 2'}]",10km,Category 2
4395113,Eidothea hardeniana,Nightcap Oak,Eidothea hardeniana,https://id.biodiversity.org.au/node/apni/2908076,dr487,"[{'key': 'generalisation', 'value': '10km'}, {'key': 'category', 'value': 'Category 2'}]",10km,Category 2
4395145,Thelymitra adorata,Wyong Sun Orchid,Thelymitra adorata,https://id.biodiversity.org.au/taxon/apni/51414212,dr487,"[{'key': 'generalisation', 'value': '10km'}, {'key': 'category', 'value': 'Category 2'}]",10km,Category 2
4395166,Liopholis guthega,Guthega Skink,Liopholis guthega,https://biodiversity.org.au/afd/taxa/740f5037-a04b-46c1-9113-894a159dacd3,dr487,"[{'key': 'generalisation', 'value': '10km'}, {'key': 'category', 'value': 'Category 2'}]",10km,Category 2
4395163,Thelymitra atronitida,Blackhood Sun-orchid,Thelymitra atronitida,https://id.biodiversity.org.au/taxon/apni/51414234,dr487,"[{'key': 'generalisation', 'value': '10km'}, {'key': 'category', 'value': 'Category 2'}]",10km,Category 2
4395261,Diuris ochroma,Pale Golden Moths,Diuris ochroma,https://id.biodiversity.org.au/taxon/apni/51404273,dr487,"[{'key': 'generalisation', 'value': '10km'}, {'key': 'category', 'value': 'Category 2'}]",10km,Category 2
4395199,Philoria pughi,Pugh's Frog,Philoria pughi,https://biodiversity.org.au/afd/taxa/1f800926-6b4c-4e7c-802d-65cc9edfb368,dr487,"[{'key': 'generalisation', 'value': '10km'}, {'key': 'category', 'value': 'Category 2'}]",10km,Category 2
4395143,Philoria richmondensis,Richmond Range Sphagnum Frog,Philoria richmondensis,https://biodiversity.org.au/afd/taxa/df58b980-3068-4491-81d5-74a6512047cf,dr487,"[{'key': 'generalisation', 'value': '10km'}, {'key': 'category', 'value': 'Category 2'}]",10km,Category 2
4395215,Corybas dowlingii,Red Helmet Orchid,Corybas dowlingii,https://id.biodiversity.org.au/taxon/apni/51401041,dr487,"[{'key': 'generalisation', 'value': '10km'}, {'key': 'category', 'value': 'Category 2'}]",10km,Category 2
4395129,Pterostylis despectans,Mt Bryan Greenhood,Pterostylis despectans,https://id.biodiversity.org.au/taxon/apni/51412102,dr487,"[{'key': 'generalisation', 'value': '10km'}, {'key': 'category', 'value': 'Category 2'}]",10km,Category 2
4395168,Caladenia montana,,Caladenia montana,https://id.biodiversity.org.au/taxon/apni/51399205,dr487,"[{'key': 'generalisation', 'value': '10km'}, {'key': 'category', 'value': 'Category 2'}]",10km,Category 2
4395179,Pultenaea sp. Genowlan Point,Genowlan Pultenaea,Pultenaea sp. Genowlan Point (NSW 417813),https://id.biodiversity.org.au/node/apni/2891788,dr487,"[{'key': 'generalisation', 'value': '1km'}, {'key': 'category', 'value': 'Category 3'}]",1km,Category 3
4395133,Pultenaea elusa,Elusive Bush-pea,Pultenaea elusa,https://id.biodiversity.org.au/node/apni/2921308,dr487,"[{'key': 'generalisation', 'value': '1km'}, {'key': 'category', 'value': 'Category 3'}]",1km,Category 3
4395127,Genoplesium littorale,Tuncurry Midge Orchid,Genoplesium littorale,https://id.biodiversity.org.au/taxon/apni/51406025,dr487,"[{'key': 'generalisation', 'value': '10km'}, {'key': 'category', 'value': 'Category 2'}]",10km,Category 2
4395237,Pomaderris walshii,Carrington Falls Pomaderris,Pomaderris walshii,https://id.biodiversity.org.au/node/apni/2909534,dr487,"[{'key': 'generalisation', 'value': '10km'}, {'key': 'category', 'value': 'Category 2'}]",10km,Category 2
4395236,Pandion cristatus,Fish Hawk,Pandion haliaetus cristatus,https://biodiversity.org.au/afd/taxa/e61096e6-7685-45bd-b5ae-922cce74c254,dr487,"[{'key': 'generalisation', 'value': '1km'}, {'key': 'category', 'value': 'Category 3'}]",1km,Category 3
4395198,Prasophyllum innubum,Brandy Marys Leek-orchid,Prasophyllum innubum,https://id.biodiversity.org.au/taxon/apni/51409795,dr487,"[{'key': 'generalisation', 'value': '10km'}, {'key': 'category', 'value': 'Category 2'}]",10km,Category 2
4395259,Prasophyllum keltonii,Kelton's Leek-orchid,Prasophyllum keltonii,https://id.biodiversity.org.au/taxon/apni/51409797,dr487,"[{'key': 'generalisation', 'value': '10km'}, {'key': 'category', 'value': 'Category 2'}]",10km,Category 2
4395165,Thelymitra kangaloonica,Kangaloon Sun Orchid,Thelymitra kangaloonica,https://id.biodiversity.org.au/taxon/apni/51414328,dr487,"[{'key': 'generalisation', 'value': '10km'}, {'key': 'category', 'value': 'Category 2'}]",10km,Category 2
4395222,Calochilus pulchellus,Pretty Beard Orchid,Calochilus pulchellus,https://id.biodiversity.org.au/taxon/apni/51400238,dr487,"[{'key': 'generalisation', 'value': '10km'}, {'key': 'category', 'value': 'Category 2'}]",10km,Category 2
4395252,Prasophyllum sp. Moama,,Prasophyllum sp. Moama,ALA_DR487_172,dr487,"[{'key': 'generalisation', 'value': '10km'}, {'key': 'category', 'value': 'Category 2'}]",10km,Category 2
4395132,Jalmenus eubulus,Pale Imperial Hairstreak,Jalmenus eubulus,https://biodiversity.org.au/afd/taxa/afcd2cac-0ca9-472e-8411-75c7eda40f89,dr487,"[{'key': 'generalisation', 'value': '10km'}, {'key': 'category', 'value': 'Category 2'}]",10km,Category 2
4395212,Prasophyllum pallens,Musty Leek Orchid,Prasophyllum pallens,https://id.biodiversity.org.au/taxon/apni/51409837,dr487,"[{'key': 'generalisation', 'value': '10km'}, {'key': 'category', 'value': 'Category 2'}]",10km,Category 2
4395141,Pterostylis bicornis,Horned Greenhood,Pterostylis bicornis,https://id.biodiversity.org.au/taxon/apni/51316867,dr487,"[{'key': 'generalisation', 'value': '10km'}, {'key': 'category', 'value': 'Category 2'}]",10km,Category 2
4395219,Genoplesium insigne,Variable Midge Orchid,Genoplesium insigne,https://id.biodiversity.org.au/taxon/apni/51406023,dr487,"[{'key': 'generalisation', 'value': '10km'}, {'key': 'category', 'value': 'Category 2'}]",10km,Category 2
4395095,Prasophyllum bagoense,Bago Leek-orchid,Prasophyllum bagoense,https://id.biodiversity.org.au/taxon/apni/51409699,dr487,"[{'key': 'generalisation', 'value': '10km'}, {'key': 'category', 'value': 'Category 2'}]",10km,Category 2
4395093,Diuris eborensis,,Diuris eborensis,https://id.biodiversity.org.au/taxon/apni/51404215,dr487,"[{'key': 'generalisation', 'value': '10km'}, {'key': 'category', 'value': 'Category 2'}]",10km,Category 2
4395279,Pterostylis riparia,,Pterostylis riparia,https://id.biodiversity.org.au/taxon/apni/51412298,dr487,"[{'key': 'generalisation', 'value': '10km'}, {'key': 'category', 'value': 'Category 2'}]",10km,Category 2
4395246,Pterostylis ventricosa,,Pterostylis ventricosa,https://id.biodiversity.org.au/taxon/apni/51412432,dr487,"[{'key': 'generalisation', 'value': '10km'}, {'key': 'category', 'value': 'Category 2'}]",10km,Category 2
4395128,Pterostylis vernalis,Halbury Rustyhood,Pterostylis vernalis,https://id.biodiversity.org.au/taxon/apni/51412434,dr487,"[{'key': 'generalisation', 'value': '10km'}, {'key': 'category', 'value': 'Category 2'}]",10km,Category 2
4395185,Corunastylis sp. Charmhaven (NSW896673),,Genoplesium sp. Charmhaven (NSW 896673),https://id.biodiversity.org.au/taxon/apni/51406063,dr487,"[{'key': 'generalisation', 'value': '10km'}, {'key': 'category', 'value': 'Category 2'}]",10km,Category 2
4395186,Elaeocarpus sedentarius,Minyon Quandong,Elaeocarpus sedentarius,https://id.biodiversity.org.au/node/apni/2916168,dr487,"[{'key': 'generalisation', 'value': '1km'}, {'key': 'category', 'value': 'Category 3'}]",1km,Category 3
4395247,Thelymitra alpicola,Alpine Sun-orchid,Thelymitra alpicola,https://id.biodiversity.org.au/taxon/apni/51414220,dr487,"[{'key': 'generalisation', 'value': '10km'}, {'key': 'category', 'value': 'Category 2'}]",10km,Category 2
4395117,Banksia vincentia,,Banksia vincentia,https://id.biodiversity.org.au/node/apni/4546357,dr487,"[{'key': 'generalisation', 'value': '10km'}, {'key': 'category', 'value': 'Category 2'}]",10km,Category 2
4395231,Myuchelys georgesi,Georges Helmeted Turtle,Wollumbinia georgesi,https://biodiversity.org.au/afd/taxa/4f95257b-a79e-452a-bc1e-9f512d8fd878,dr487,"[{'key': 'generalisation', 'value': '10km'}, {'key': 'category', 'value': 'Category 2'}]",10km,Category 2
4395241,Prostanthera gilesii,,Prostanthera gilesii,https://id.biodiversity.org.au/taxon/apni/51288027,dr487,"[{'key': 'generalisation', 'value': '10km'}, {'key': 'category', 'value': 'Category 2'}]",10km,Category 2
4395233,Diuris byronensis,Byron Bay Diuris,Diuris byronensis,https://id.biodiversity.org.au/taxon/apni/51404183,dr487,"[{'key': 'generalisation', 'value': '10km'}, {'key': 'category', 'value': 'Category 2'}]",10km,Category 2
4395267,Hibbertia spanantha,Julian's Hibbertia,Hibbertia spanantha,https://id.biodiversity.org.au/taxon/apni/51283403,dr487,"[{'key': 'generalisation', 'value': '10km'}, {'key': 'category', 'value': 'Category 2'}]",10km,Category 2
4395270,Gingidia rupicola,Mountain Angelica,Gingidia rupicola,https://id.biodiversity.org.au/node/apni/6904884,dr487,"[{'key': 'generalisation', 'value': '1km'}, {'key': 'category', 'value': 'Category 3'}]",1km,Category 3
4395121,Amytornis modestus inexpectatus,Thick-billed Grasswren (central Nsw Subspecies),Amytornis (Amytornis) modestus inexpectatus,https://biodiversity.org.au/afd/taxa/71c46068-caff-444d-985e-b6e0d9c72c34,dr487,"[{'key': 'generalisation', 'value': '10km'}, {'key': 'category', 'value': 'Category 2'}]",10km,Category 2
4395232,Amytornis modestus obscurior,Thick-billed Grasswren (north-west Nsw Subspecies),Amytornis (Amytornis) modestus obscurior,https://biodiversity.org.au/afd/taxa/3e943ee9-84d2-4e34-b90a-397ce1439208,dr487,"[{'key': 'generalisation', 'value': '10km'}, {'key': 'category', 'value': 'Category 2'}]",10km,Category 2
4395213,Anthosachne kingiana subsp. kingiana,Phillip Island Wheat Grass,Anthosachne kingiana subsp. kingiana,https://id.biodiversity.org.au/taxon/apni/51291193,dr487,"[{'key': 'generalisation', 'value': '1km'}, {'key': 'category', 'value': 'Category 3'}]",1km,Category 3
4395200,Caladenia tensa,Erect Greencomb Spider Orchid,Caladenia tensa,https://id.biodiversity.org.au/taxon/apni/51399400,dr487,"[{'key': 'generalisation', 'value': '10km'}, {'key': 'category', 'value': 'Category 2'}]",10km,Category 2
4395264,Caladenia atroclavia,Black-clubbed Spider-orchid,Caladenia atroclavia,https://id.biodiversity.org.au/taxon/apni/51398799,dr487,"[{'key': 'generalisation', 'value': '10km'}, {'key': 'category', 'value': 'Category 2'}]",10km,Category 2
4395174,Prasophyllum sandrae,Majors Creek Leek Orchid,Prasophyllum sandrae,ALA_DR487_196,dr487,"[{'key': 'generalisation', 'value': '10km'}, {'key': 'category', 'value': 'Category 2'}]",10km,Category 2
4395278,Backhousia subargentea,Giant Ironwood,Backhousia subargentea,https://id.biodiversity.org.au/node/apni/2888873,dr487,"[{'key': 'generalisation', 'value': '1km'}, {'key': 'category', 'value': 'Category 3'}]",1km,Category 3
