scientificName,scientificNameAuthorship,vernacularName,family,class,sourceStatus,status,EPBCA_status,sourceKingdom,kingdom,speciesGroup,,sourceOrigin,higherGeography
Costora iena ,Mosely,Caddis Fly (Great Lakes),Trichoptera,Invertebrates,x,Presumed Extinct,,Fauna,Animalia,invertebrate,,end,endemic Tasmania
Hadronyche pulvinator ,Hickman,Cascade Funnel-web Spider,Araneae,Invertebrates,x,Presumed Extinct,,Fauna,Animalia,invertebrate,,end,endemic Tasmania
Hypolimnus pedderensis ,(Jamieson),Lake Pedder Earthworm,Haplotaxida,Invertebrates,x,Presumed Extinct,EX,Fauna,Animalia,invertebrate,,end,endemic Tasmania
Thylacinus cynocephalus ,Harris,Thylacine,Mammals,Vertebrates,x,Presumed Extinct,EX,Fauna,Animalia,vertebrate,,end,endemic Tasmania
Gallirallus philippensis macquariensis,Hutton,Macquarie Island Rail,Birds,Vertebrates,x,Presumed Extinct,EX,Fauna,Animalia,vertebrate,,eMI,endemic Macquarie Island
Cyanoramphus novaezelandiae erythrotis ,Wagler,Macquarie Island Parakeet,Birds,Vertebrates,x,Presumed Extinct,EX,Fauna,Animalia,vertebrate,,,
Dromaius ater,Vieillot,King Island Emu,Birds,Vertebrates,x,Presumed Extinct,EX,Fauna,Animalia,vertebrate,,,
Dromaius novaehollandiae diemenensis,Le Souef,Tasmanian Emu,Birds,Vertebrates,x,Presumed Extinct,EX,Fauna,Animalia,vertebrate,,,
Balaenoptera physalus,Linnaeus,Fin Whale,Mammals,Vertebrates,v,Vulnerable,VU,Fauna,Animalia,vertebrate,,mig,migratory
Amelora acontistica ,Turner,Chevron Looper Moth,Lepidoptera,Invertebrates,v,Vulnerable,,Fauna,Animalia,invertebrate,,end,endemic Tasmania
Astacopsis gouldi ,Clark,Giant Freshwater Crayfish,Decapoda,Invertebrates,v,Vulnerable,VU,Fauna,Animalia,invertebrate,,end,endemic Tasmania
Beddomeia briansmithi ,Ponder & Clark,Hydrobiid Snail (Fern Creek),Mesogastropoda,Invertebrates,v,Vulnerable,,Fauna,Animalia,invertebrate,,end,endemic Tasmania
Beddomeia krybetes ,Ponder & Clark,Hydrobiid Snail (St. Pauls River),Mesogastropoda,Invertebrates,v,Vulnerable,,Fauna,Animalia,invertebrate,,end,endemic Tasmania
Beddomeia lodderae ,Petterd,Castra Rivulet Freshwater Snail,Mesogastropoda,Invertebrates,v,Vulnerable,,Fauna,Animalia,invertebrate,,end,endemic Tasmania
Beddomeia phasianella ,Ponder & Clark,Hydrobiid Snail (Keddies Creek),Mesogastropoda,Invertebrates,v,Vulnerable,,Fauna,Animalia,invertebrate,,end,endemic Tasmania
Beddomeia wiseae ,Ponder & Clark,Hydrobiid Snail (Blizzards Creek),Mesogastropoda,Invertebrates,v,Vulnerable,,Fauna,Animalia,invertebrate,,end,endemic Tasmania
Dasybela achroa ,Lower,Saltmarsh Looper Moth,Lepidoptera,Invertebrates,v,Vulnerable,,Fauna,Animalia,invertebrate,,end,endemic Tasmania
Engaeus martigener,Horwitz,Furneaux Burrowing Crayfish,Decapoda,Invertebrates,v,Vulnerable,EN,Fauna,Animalia,invertebrate,,end,endemic Tasmania
Engaeus orramakunna,Horwitz,Mt. Arthur Burrowing Crayfish,Decapoda,Invertebrates,v,Vulnerable,VU,Fauna,Animalia,invertebrate,,end,endemic Tasmania
Engaeus yabbimunna ,Horwitz,Burrowing Crayfish (Burnie) ,Decapoda,Invertebrates,v,Vulnerable,VU,Fauna,Animalia,invertebrate,,end,endemic Tasmania
Goedetrechus mendumae ,Moore,Cave Beetle (Ida Bay),Coleoptera,Invertebrates,v,Vulnerable,,Fauna,Animalia,invertebrate,,end,endemic Tasmania
Goedetrechus parallelus,Moore,Cave Beetle (Junee-Florentine),Coleoptera,Invertebrates,v,Vulnerable,,Fauna,Animalia,invertebrate,,end,endemic Tasmania
Hoplogonus simsoni ,Parry,Simsons Stag Beetle,Coleoptera,Invertebrates,v,Vulnerable,VU,Fauna,Animalia,invertebrate,,end,endemic Tasmania
Hoplogonus vanderschoori ,Bartoluzzi,Vanderschoors Stag Beetle,Coleoptera,Invertebrates,v,Vulnerable,VU,Fauna,Animalia,invertebrate,,end,endemic Tasmania
Oreixenica ptunarra ,Couchman,Ptunarra Brown Butterfly,Lepidoptera,Invertebrates,v,Vulnerable,EN,Fauna,Animalia,invertebrate,,end,endemic Tasmania
Parvulastra vivipara ,(Dartnall),Live-bearing Seastar,Asterinidae,Invertebrates,v,Vulnerable,VU,Fauna,Animalia,invertebrate,,end,endemic Tasmania
Pasmaditta jungermanniae ,Petterd,Cataract Gorge Pinhead Snail,Sigmurethra,Invertebrates,v,Vulnerable,,Fauna,Animalia,invertebrate,,end,endemic Tasmania
Antechinus vandycki,"Baker, Mutton, Mason & Gray",Tasman Peninsula Dusky Antechinus,Mammals,Vertebrates,v,Vulnerable,,Fauna,Animalia,vertebrate,,end,endemic Tasmania
Galaxias parvus ,Frankenburg,Swamp Galaxias,Fish,Vertebrates,v,Vulnerable,VU,Fauna,Animalia,vertebrate,,end,endemic Tasmania
Galaxias tanycephalus ,Fulton,Saddled Galaxias,Fish,Vertebrates,v,Vulnerable,VU,Fauna,Animalia,vertebrate,,end,endemic Tasmania
Paragalaxias dissimilis,Regan,Shannon Paragalaxias,Fish,Vertebrates,v,Vulnerable,VU,Fauna,Animalia,vertebrate,,end,endemic Tasmania
Paragalaxias eleotroides ,McDowall and Fulton,Great Lake Paragalaxias,Fish,Vertebrates,v,Vulnerable,VU,Fauna,Animalia,vertebrate,,end,endemic Tasmania
Platycercus caledonicus brownii,(Kuhl),King Island Green Rosella,Birds,Vertebrates,v,Vulnerable,VU,Fauna,Animalia,vertebrate,,end,endemic Tasmania
Catadromus lacordairei ,Boisduval,Green-lined Ground Beetle,Coleoptera,Invertebrates,v,Vulnerable,,Fauna,Animalia,invertebrate,,,
Chloritobadistes victoriae ,(Cox),Southern Hairy Red Snail,Eupulmonata,Invertebrates,v,Vulnerable,,Fauna,Animalia,invertebrate,,,
Gazameda gunnii,(Reeve),Gunn's Screw Shell,Mesogastropoda,Invertebrates,v,Vulnerable,,Fauna,Animalia,invertebrate,,,
Carcharodon carcharias,Linnaeus,Great White Shark,Fish,Vertebrates,v,Vulnerable,VU,Fauna,Animalia,vertebrate,,,
Chelonia mydas ,Linnaeus,Green Turtle,Reptiles,Vertebrates,v,Vulnerable,VU,Fauna,Animalia,vertebrate,,,
Dermochelys coriacea,Linnaeus,Leathery Turtle,Reptiles,Vertebrates,v,Vulnerable,VU,Fauna,Animalia,vertebrate,,,
Eretmochelys imbricata ,Linnaeus,Hawksbill Turtle,Reptiles,Vertebrates,v,Vulnerable,VU,Fauna,Animalia,vertebrate,,,
Galaxiella pusilla ,Mack,Dwarf Galaxias,Fish,Vertebrates,v,Vulnerable,VU,Fauna,Animalia,vertebrate,,,
Haliaeetus leucogaster,(Gmelin),White-bellied Sea-Eagle,Birds,Vertebrates,v,Vulnerable,,Fauna,Animalia,vertebrate,,,
Halobaena caerulea,Gmelin,Blue Petrel,Birds,Vertebrates,v,Vulnerable,VU,Fauna,Animalia,vertebrate,,,
Leucocarbo atriceps purpurascens,Brant,Macquarie Island Shag,Birds,Vertebrates,v,Vulnerable,VU,Fauna,Animalia,vertebrate,,,
Litoria raniformis ,Keferstein,Green and Gold Frog,Amphibians,Vertebrates,v,Vulnerable,VU,Fauna,Animalia,vertebrate,,,
Macronectes giganteus,Gmelin,Southern Giant Petrel,Birds,Vertebrates,v,Vulnerable,EN,Fauna,Animalia,vertebrate,,,
Phoebetria palpebrata ,Forster,Light-mantled Albatross,Birds,Vertebrates,v,Vulnerable,,Fauna,Animalia,vertebrate,,,
Podiceps cristatus,Linne,Great Crested Grebe,Birds,Vertebrates,v,Vulnerable,,Fauna,Animalia,vertebrate,,,
Prototroctes maraena,Gunther,Australian Grayling,Fish,Vertebrates,v,Vulnerable,VU,Fauna,Animalia,vertebrate,,,
Pseudemoia pagenstecheri ,Lindholm,Tussock Skink,Reptiles,Vertebrates,v,Vulnerable,,Fauna,Animalia,vertebrate,,,
Pterodroma lessonii ,Garnot,White-headed Petrel,Birds,Vertebrates,v,Vulnerable,,Fauna,Animalia,vertebrate,,,
Sterna striata ,Gmelin,White-fronted Tern,Birds,Vertebrates,v,Vulnerable,,Fauna,Animalia,vertebrate,,,
Sternula nereis nereis,Gould,Fairy Tern,Birds,Vertebrates,v,Vulnerable,VU,Fauna,Animalia,vertebrate,,,
Thalassarche cauta,Gould,Shy Albatross,Birds,Vertebrates,v,Vulnerable,EN (sensu stricto),Fauna,Animalia,vertebrate,,,
Allanaspides hickmani ,"Swain, Wilson & Ong",Hickman's Pigmy Mountain Shrimp,Syncarida,Invertebrates,r,Rare,,Fauna,Animalia,invertebrate,,end,endemic Tasmania
Attenborougharion rubicundus,(Dartnall and Kershaw),Burgundy Snail,Sigmurethra,Invertebrates,r,Rare,,Fauna,Animalia,invertebrate,,end,endemic Tasmania
Beddomeia angulata ,Ponder & Clark,Rapid River Freshwater Snail,Mesogastropoda,Invertebrates,r,Rare,,Fauna,Animalia,invertebrate,,end,endemic Tasmania
Beddomeia bellii ,Petterd,Bells Freshwater Snail,Mesogastropoda,Invertebrates,r,Rare,,Fauna,Animalia,invertebrate,,end,endemic Tasmania
Beddomeia bowryensis ,Ponder & Clark,Hydrobiid Snail (Bowry Creek),Mesogastropoda,Invertebrates,r,Rare,,Fauna,Animalia,invertebrate,,end,endemic Tasmania
Beddomeia fallax ,Ponder & Clark,Hydrobiid Snail (Heathcote Creek),Mesogastropoda,Invertebrates,r,Rare,,Fauna,Animalia,invertebrate,,end,endemic Tasmania
Beddomeia forthensis ,Ponder & Clark,Forth River Freshwater Snail,Mesogastropoda,Invertebrates,r,Rare,,Fauna,Animalia,invertebrate,,end,endemic Tasmania
Beddomeia franklandensis ,Ponder & Clark,Hydrobiid Snail (Frankland River ),Mesogastropoda,Invertebrates,r,Rare,,Fauna,Animalia,invertebrate,,end,endemic Tasmania
Beddomeia gibba ,Ponder & Clark,Hydrobiid Snail (Salmon River Road),Mesogastropoda,Invertebrates,r,Rare,,Fauna,Animalia,invertebrate,,end,endemic Tasmania
Beddomeia hullii ,Petterd,Hulls Freshwater Snail,Mesogastropoda,Invertebrates,r,Rare,,Fauna,Animalia,invertebrate,,end,endemic Tasmania
Beddomeia inflata ,Ponder & Clark,Upper Castra Freshwater Snail,Mesogastropoda,Invertebrates,r,Rare,,Fauna,Animalia,invertebrate,,end,endemic Tasmania
Beddomeia mesibovi ,Ponder & Clark,Hydrobiid Snail (Arthur River),Mesogastropoda,Invertebrates,r,Rare,,Fauna,Animalia,invertebrate,,end,endemic Tasmania
Beddomeia minima ,Petterd,Hydrobiid Snail (Scottsdale),Mesogastropoda,Invertebrates,r,Rare,,Fauna,Animalia,invertebrate,,end,endemic Tasmania
Beddomeia protuberata ,Ponder & Clark,Hydrobiid Snail (Emu River),Mesogastropoda,Invertebrates,r,Rare,,Fauna,Animalia,invertebrate,,end,endemic Tasmania
Beddomeia salmonis ,Ponder & Clark,Hydrobiid Snail (Salmon River),Mesogastropoda,Invertebrates,r,Rare,,Fauna,Animalia,invertebrate,,end,endemic Tasmania
Beddomeia tasmanica ,Tenison-Woods,Hydrobiid Snail (Terrys Creek),Mesogastropoda,Invertebrates,r,Rare,,Fauna,Animalia,invertebrate,,end,endemic Tasmania
Beddomeia topsiae ,Ponder & Clark,Hydrobiid Snail (Williamson Creek),Mesogastropoda,Invertebrates,r,Rare,,Fauna,Animalia,invertebrate,,end,endemic Tasmania
Beddomeia trochiformis ,Ponder & Clark,Savage River Mine Freshwater Snail,Mesogastropoda,Invertebrates,r,Rare,,Fauna,Animalia,invertebrate,,end,endemic Tasmania
Beddomeia turnerae ,Ponder & Clark,Hydrobiid Snail (Minnow River),Mesogastropoda,Invertebrates,r,Rare,,Fauna,Animalia,invertebrate,,end,endemic Tasmania
Beddomeia wilmotensis ,Ponder & Clark,Wilmot River Freshwater Snail,Mesogastropoda,Invertebrates,r,Rare,,Fauna,Animalia,invertebrate,,end,endemic Tasmania
Beddomeia zeehanensis ,Ponder & Clark,Zeehan Freshwater Snail,Mesogastropoda,Invertebrates,r,Rare,,Fauna,Animalia,invertebrate,,end,endemic Tasmania
Benthodorbis pawpela ,Winston Ponder,Great Lake Glacidorbid Snail,Mesogastropoda,Invertebrates,r,Rare,,Fauna,Animalia,invertebrate,,end,endemic Tasmania
Cavernotettix craggiensis,Richards,Craggy Island Cave Cricket,Orthoptera,Invertebrates,r,Rare,,Fauna,Animalia,invertebrate,,end,endemic Tasmania
"Charopidae ""Skemps""",,Skemps Snail,Sigmurethra,Invertebrates,r,Rare,,Fauna,Animalia,invertebrate,,end,endemic Tasmania
Dasyurotaenia robusta,Beddard,Tapeworm (Tasmanian Devil),Cyclophyllideae,Invertebrates,r,Rare,,Fauna,Animalia,invertebrate,,end,endemic Tasmania
Echinodillo cavaticus ,Green,Flinders Island Cave Slater,Isopoda,Invertebrates,r,Rare,,Fauna,Animalia,invertebrate,,end,endemic Tasmania
Ecnomina vega ,Neboiss,Caddis Fly (Macquarie River),Trichoptera,Invertebrates,r,Rare,,Fauna,Animalia,invertebrate,,end,endemic Tasmania
Enchymus sp. nov. ,Zimmerman,Weldborough Forest Weevil,Coleoptera,Invertebrates,r,Rare,,Fauna,Animalia,invertebrate,,end,endemic Tasmania
Exquisitiropa agnewi,(Legrand),Silky Pinhead Snail,Sigmurethra,Invertebrates,r,Rare,,Fauna,Animalia,invertebrate,,end,endemic Tasmania
Hickmanoxyomma cavaticum ,Hickman,Ida Bay Cave Harvestman,Opilionida,Invertebrates,r,Rare,,Fauna,Animalia,invertebrate,,end,endemic Tasmania
Hickmanoxyomma gibbergunyar ,Hunt,Cave Harvestman,Opilionida,Invertebrates,r,Rare,,Fauna,Animalia,invertebrate,,end,endemic Tasmania
Hydrobiosella sagitta ,Neboiss,Caddis Fly (St. Columba Falls),Trichoptera,Invertebrates,r,Rare,,Fauna,Animalia,invertebrate,,end,endemic Tasmania
Hydroptila scamandra ,Neboiss,Caddis Fly (Upper Scamander River),Trichoptera,Invertebrates,r,Rare,,Fauna,Animalia,invertebrate,,end,endemic Tasmania
Idacarabus cordicollis ,Moore,Cave Beetle (Hastings Cave),Coleoptera,Invertebrates,r,Rare,,Fauna,Animalia,invertebrate,,end,endemic Tasmania
Idacarabus troglodytes ,Lea,Ida Bay Cave Beetle,Coleoptera,Invertebrates,r,Rare,,Fauna,Animalia,invertebrate,,end,endemic Tasmania
Lissotes menalcas ,Westwood,Mount Mangana Stag Beetle,Coleoptera,Invertebrates,r,Rare,,Fauna,Animalia,invertebrate,,end,endemic Tasmania
Mesacanthotelson setosus ,Nicholls,Isopod (Great Lake),Isopoda,Invertebrates,r,Rare,,Fauna,Animalia,invertebrate,,end,endemic Tasmania
Mesacanthotelson tasmaniae ,Thomson,Isopod (Great Lake),Isopoda,Invertebrates,r,Rare,,Fauna,Animalia,invertebrate,,end,endemic Tasmania
Oecetis gilva ,Neboiss,Caddis Fly (South Esk River),Trichoptera,Invertebrates,r,Rare,,Fauna,Animalia,invertebrate,,end,endemic Tasmania
Olgania excavata ,Hickman,Cave Spider (Bubs Hill Cave),Araneae,Invertebrates,r,Rare,,Fauna,Animalia,invertebrate,,end,endemic Tasmania
Onchotelson brevicaudatus ,Smith,Isopod (Great Lake & Shannon Lagoon),Isopoda,Invertebrates,r,Rare,,Fauna,Animalia,invertebrate,,end,endemic Tasmania
Oxyethira mienica ,Wells,Caddis Fly (Ouse River),Trichoptera,Invertebrates,r,Rare,,Fauna,Animalia,invertebrate,,end,endemic Tasmania
Parvotettix rangaensis ,Richards,Cave Cricket,Orthoptera,Invertebrates,r,Rare,,Fauna,Animalia,invertebrate,,end,endemic Tasmania
Parvotettix whinrayi ,Richards,Whinray's Cave Cricket,Orthoptera,Invertebrates,r,Rare,,Fauna,Animalia,invertebrate,,end,endemic Tasmania
Phrantela annamurrayae ,Ponder & Clark,Warratah Road Hydrobiid Snail,Mesogastropoda,Invertebrates,r,Rare,,Fauna,Animalia,invertebrate,,end,endemic Tasmania
Phrantela conica ,Ponder & Clark,Little Henty River Hydrobiid Snail,Mesogastropoda,Invertebrates,r,Rare,,Fauna,Animalia,invertebrate,,end,endemic Tasmania
Phrantela marginata ,Petterd,Heazlewood River Hydrobiid Snail,Mesogastropoda,Invertebrates,r,Rare,,Fauna,Animalia,invertebrate,,end,endemic Tasmania
Phrantela pupiformis ,Ponder & Clark,Tyenna River Freshwater Snail,Mesogastropoda,Invertebrates,r,Rare,,Fauna,Animalia,invertebrate,,end,endemic Tasmania
Pseudalmenus chlorinda myrsilus,Couchman,Tasmanian Hairstreak (butterfly),Lepidoptera,Invertebrates,r,Rare,,Fauna,Animalia,invertebrate,,end,endemic Tasmania
Pseudotyrannochthonius typhlus ,Dartnall,Cave Pseudoscorpion (Mole Creek),Pseudoscorpionida,Invertebrates,r,Rare,,Fauna,Animalia,invertebrate,,end,endemic Tasmania
Ramiheithrus kocinus ,Neboiss,Caddis Fly (Corinna),Trichoptera,Invertebrates,r,Rare,,Fauna,Animalia,invertebrate,,end,endemic Tasmania
Stenopsychodes lineata ,Neboiss,Caddis Fly (Bluff Hill Creek),Trichoptera,Invertebrates,r,Rare,,Fauna,Animalia,invertebrate,,end,endemic Tasmania
Tasimia drepana ,Neboiss,Caddis Fly (Huon & Picton Rivers),Trichoptera,Invertebrates,r,Rare,,Fauna,Animalia,invertebrate,,end,endemic Tasmania
Tasmanipatus barretti ,Ruhberg,Giant Velvet Worm,Onychophora,Invertebrates,r,Rare,,Fauna,Animalia,invertebrate,,end,endemic Tasmania
Tasmanotrechus cockerilli ,Moore,Cave Beetle (Mole Creek),Coleoptera,Invertebrates,r,Rare,,Fauna,Animalia,invertebrate,,end,endemic Tasmania
Tasniphargus tyleri ,Williams & Barnard,Amphipod (Great Lake),Amphipoda,Invertebrates,r,Rare,,Fauna,Animalia,invertebrate,,end,endemic Tasmania
Theclinesthes serpentata lavara,(Herrich-Schäffer),Chequered blue,Lepidoptera,Invertebrates,r,Rare,,Fauna,Animalia,invertebrate,,end,endemic Tasmania
Uramphisopus pearsoni ,Nicholls,Isopod (Great Lake),Isopoda,Invertebrates,r,Rare,,Fauna,Animalia,invertebrate,,end,endemic Tasmania
Galaxias auratus ,Johnston,Golden Galaxias,Fish,Vertebrates,r,Rare,EN,Fauna,Animalia,vertebrate,,end,endemic Tasmania
Paragalaxias julianus ,McDowall and Fulton,Western Paragalaxias,Fish,Vertebrates,r,Rare,,Fauna,Animalia,vertebrate,,end,endemic Tasmania
Austrorhytida lamproides ,(Cox),Keeled Carnivorous Snail,Sigmurethra,Invertebrates,r,Rare,,Fauna,Animalia,invertebrate,,,
Orphninotrichia maculata ,Mosley,Caddis Fly (Wedge River),Trichoptera,Invertebrates,r,Rare,,Fauna,Animalia,invertebrate,,,
Orthotrichia adornata ,Wells,Caddis Fly (Derwent River),Trichoptera,Invertebrates,r,Rare,,Fauna,Animalia,invertebrate,,,
Arctocephalus forsteri ,Lesson,New Zealand Fur Seal,Mammals,Vertebrates,r,Rare,,Fauna,Animalia,vertebrate,,,
Dasyurus maculatus maculatus,(Kerr),Spotted-tail Quoll,Mammals,Vertebrates,r,Rare,VU,Fauna,Animalia,vertebrate,,,
Macronectes halli,Mathews,Northern Giant Petrel,Birds,Vertebrates,r,Rare,VU,Fauna,Animalia,vertebrate,,,
Oceanites oceanicus ,Kuhl,Wilson's Storm Petrel,Birds,Vertebrates,r,Rare,,Fauna,Animalia,vertebrate,,,
Phoebetria fusca ,Hilsenberg,Sooty Albatross,Birds,Vertebrates,r,Rare,VU,Fauna,Animalia,vertebrate,,,
Pseudemoia rawlinsoni ,Hutchinson & Donnellan,Glossy Grass Skink,Reptiles,Vertebrates,r,Rare,,Fauna,Animalia,vertebrate,,,
Balaenoptera musculus,Linnaeus,Blue Whale,Mammals,Vertebrates,e,Endangered,EN,Fauna,Animalia,vertebrate,,mig,migratory
Eubalaena australis,Desmoulins,Southern Right Whale,Mammals,Vertebrates,e,Endangered,EN,Fauna,Animalia,vertebrate,,mig,migratory
Megaptera novaeangliae,Borowski,Humpback Whale,Mammals,Vertebrates,e,Endangered,VU,Fauna,Animalia,vertebrate,,mig,migratory
Ammoniropa vigens,(Legrand),Ammonite Pinwheel Snail,Eupulmonata,Invertebrates,e,Endangered,CR,Fauna,Animalia,invertebrate,,end,endemic Tasmania
Antipodia chaostola leucophaea,Couchman,Tasmanian Chaostola Skipper,Lepidoptera,Invertebrates,e,Endangered,EN,Fauna,Animalia,invertebrate,,end,endemic Tasmania
Beddomeia averni ,Ponder & Clark,Hydrobiid Snail (West Gawler),Mesogastropoda,Invertebrates,e,Endangered,,Fauna,Animalia,invertebrate,,end,endemic Tasmania
Beddomeia camensis ,Ponder & Clark,Hydrobiid Snail (Cam River),Mesogastropoda,Invertebrates,e,Endangered,,Fauna,Animalia,invertebrate,,end,endemic Tasmania
Beddomeia capensis ,Ponder & Clark,Hydrobiid Snail (Table Cape),Mesogastropoda,Invertebrates,e,Endangered,,Fauna,Animalia,invertebrate,,end,endemic Tasmania
Beddomeia fromensis ,Ponder & Clark,Hydrobiid Snail (Frome River),Mesogastropoda,Invertebrates,e,Endangered,,Fauna,Animalia,invertebrate,,end,endemic Tasmania
Beddomeia fultoni ,Ponder & Clark,Hydrobiid Snail (Farnhams Creek),Mesogastropoda,Invertebrates,e,Endangered,,Fauna,Animalia,invertebrate,,end,endemic Tasmania
Beddomeia hallae ,Ponder & Clark,Hydrobiid Snail (Buttons Rivulet),Mesogastropoda,Invertebrates,e,Endangered,,Fauna,Animalia,invertebrate,,end,endemic Tasmania
Beddomeia hermansi ,Ponder & Clark,Hydrobiid Snail (Viking Creek),Mesogastropoda,Invertebrates,e,Endangered,,Fauna,Animalia,invertebrate,,end,endemic Tasmania
Beddomeia kershawi ,Ponder & Clark,Hydrobiid Snail (Macquarie River),Mesogastropoda,Invertebrates,e,Endangered,,Fauna,Animalia,invertebrate,,end,endemic Tasmania
Beddomeia launcestonensis ,Johnston,Hydrobiid Snail (Cataract Gorge),Mesogastropoda,Invertebrates,e,Endangered,,Fauna,Animalia,invertebrate,,end,endemic Tasmania
Beddomeia petterdi ,Ponder & Clark,Blythe River Freshwater Snail,Mesogastropoda,Invertebrates,e,Endangered,,Fauna,Animalia,invertebrate,,end,endemic Tasmania
Beddomeia ronaldi ,Ponder & Clark,Hydrobiid Snail (St. Patricks River),Mesogastropoda,Invertebrates,e,Endangered,,Fauna,Animalia,invertebrate,,end,endemic Tasmania
Beddomeia tumida,Petterd,Hydrobiid Snail (Great Lake),Mesogastropoda,Invertebrates,e,Endangered,,Fauna,Animalia,invertebrate,,end,endemic Tasmania
Beddomeia waterhouseae ,Ponder & Clark,Claytons Rivulet Freshwater Snail,Mesogastropoda,Invertebrates,e,Endangered,,Fauna,Animalia,invertebrate,,end,endemic Tasmania
Castiarina insculpta,(Carter),Miena Jewel Beetle,Coleoptera,Invertebrates,e,Endangered,,Fauna,Animalia,invertebrate,,end,endemic Tasmania
Engaeus granulatus ,Horwitz,Central North Burrowing Crayfish,Decapoda,Invertebrates,e,Endangered,EN,Fauna,Animalia,invertebrate,,end,endemic Tasmania
Engaeus spinicaudatus ,Horwitz,Scottsdale Burrowing Crayfish,Decapoda,Invertebrates,e,Endangered,EN,Fauna,Animalia,invertebrate,,end,endemic Tasmania
Hoplogonus bornemisszai ,Bartoluzzi,Bornemisszas Stag Beetle,Coleoptera,Invertebrates,e,Endangered,CR,Fauna,Animalia,invertebrate,,end,endemic Tasmania
Leucopatus anophthalmus ,"(Ruhberg, Mesibov, Briscoe & Tait)",Blind Velvet Worm,Onychophora,Invertebrates,e,Endangered,,Fauna,Animalia,invertebrate,,end,endemic Tasmania
Lissotes latidens ,Westwood,Broad-toothed Stag Beetle,Coleoptera,Invertebrates,e,Endangered,EN,Fauna,Animalia,invertebrate,,end,endemic Tasmania
Micropathus kiernani ,Richards,Southern Sandstone Cave Cricket,Orthoptera,Invertebrates,e,Endangered,CR,Fauna,Animalia,invertebrate,,end,endemic Tasmania
Migas plomleyi ,Raven and Churchill,Spider (Cataract Gorge),Araneae,Invertebrates,e,Endangered,,Fauna,Animalia,invertebrate,,end,endemic Tasmania
Miselaoma weldii,(Tenison-Woods),Stanley Pinhead Snail,Sigmurethra,Invertebrates,e,Endangered,,Fauna,Animalia,invertebrate,,end,endemic Tasmania
Onchotelson spatulatus ,Nicholls,Isopod (Great Lake),Isopoda,Invertebrates,e,Endangered,,Fauna,Animalia,invertebrate,,end,endemic Tasmania
Oreisplanus munionga larana ,Olliff ,Marrawah Skipper,Lepidoptera,Invertebrates,e,Endangered,VU,Fauna,Animalia,invertebrate,,end,endemic Tasmania
Patiriella littoralis,(Dartnell),Derwent River Seastar,Asterinidae,Invertebrates,e,Endangered,CR,Fauna,Animalia,invertebrate,,end,endemic Tasmania
Plesiothele fentoni ,Hickman,Lake Fenton Trapdoor Spider,Araneae,Invertebrates,e,Endangered,,Fauna,Animalia,invertebrate,,end,endemic Tasmania
Schayera baiulus,Erichson,Schayer's Grasshopper,Orthoptera,Invertebrates,e,Endangered,,Fauna,Animalia,invertebrate,,end,endemic Tasmania
Smilasterias tasmaniae ,O'Loughlin and O'Hara,Bruny Island Seastar,Asterinidae,Invertebrates,e,Endangered,,Fauna,Animalia,invertebrate,,end,endemic Tasmania
Taskiria mccubbini ,Neboiss,Caddis Fly (Lake Pedder),Trichoptera,Invertebrates,e,Endangered,,Fauna,Animalia,invertebrate,,end,endemic Tasmania
Taskiropsyche lacustris ,Neboiss,Caddis Fly (Lake Pedder),Trichoptera,Invertebrates,e,Endangered,,Fauna,Animalia,invertebrate,,end,endemic Tasmania
Acanthiza pusilla archibaldi,Mathews,King Island Brown Thornbill,Birds,Vertebrates,e,Endangered,EN,Fauna,Animalia,vertebrate,,end,endemic Tasmania
Acanthornis magna greeniana,Schodde & Mason,King Island Scrubtit,Birds,Vertebrates,e,Endangered,CR,Fauna,Animalia,vertebrate,,end,endemic Tasmania
Aquila audax fleayi ,Latham,Wedge-tailed Eagle,Birds,Vertebrates,e,Endangered,EN,Fauna,Animalia,vertebrate,,end,endemic Tasmania
Brachionichthys hirsutus,Lacepede,Spotted Handfish,Fish,Vertebrates,e,Endangered,CR,Fauna,Animalia,vertebrate,,end,endemic Tasmania
Brachiopsilus ziebelli,Last & Gledhill,Ziebell's Handfish,Fish,Vertebrates,e,Endangered,VU,Fauna,Animalia,vertebrate,,end,endemic Tasmania
Carinascincus palfreymani,(Rawlinson),Pedra Branca Skink,Reptiles,Vertebrates,e,Endangered,VU,Fauna,Animalia,vertebrate,,end,endemic Tasmania
Galaxias fontanus ,Fulton,Swan Galaxias,Fish,Vertebrates,e,Endangered,EN,Fauna,Animalia,vertebrate,,end,endemic Tasmania
Galaxias johnstoni ,Scott,Clarence Galaxias,Fish,Vertebrates,e,Endangered,EN,Fauna,Animalia,vertebrate,,end,endemic Tasmania
Galaxias pedderensis,Frankenberg,Pedder Galaxias,Fish,Vertebrates,e,Endangered,EW,Fauna,Animalia,vertebrate,,end,endemic Tasmania
Paragalaxias mesotes ,McDowall and Fulton,Arthurs Paragalaxias,Fish,Vertebrates,e,Endangered,EN,Fauna,Animalia,vertebrate,,end,endemic Tasmania
Pardalotus quadragintus ,Gould,Forty-spotted Pardalote,Birds,Vertebrates,e,Endangered,EN,Fauna,Animalia,vertebrate,,end,endemic Tasmania
Sarcophilus harrisii,(Thomas),Tasmanian Devil,Mammals,Vertebrates,e,Endangered,EN,Fauna,Animalia,vertebrate,,end,endemic Tasmania
Thymichthys politus,(Richardson),Red Handfish,Fish,Vertebrates,e,Endangered,CR,Fauna,Animalia,vertebrate,,end,endemic Tasmania
Tyto novaehollandiae castanops,(Gould),Masked Owl,Birds,Vertebrates,e,Endangered,VU,Fauna,Animalia,vertebrate,,end,endemic Tasmania
Zearaja maugeana,Last & Gledhill,Maugean Skate,Fish,Vertebrates,e,Endangered,EN,Fauna,Animalia,vertebrate,,end,endemic Tasmania
Lathamus discolor,Shaw ,Swift Parrot,Birds,Vertebrates,e,Endangered,CR,Fauna,Animalia,vertebrate,,br end,migratory breeding endemic Tasmania
Neophema chrysogaster,Latham,Orange-bellied Parrot,Birds,Vertebrates,e,Endangered,CR,Fauna,Animalia,vertebrate,,br end,migratory breeding endemic Tasmania
Chrysolarentia decisaria ,Walker,Tunbridge Looper Moth,Lepidoptera,Invertebrates,e,Endangered,,Fauna,Animalia,invertebrate,,,
Haloniscus searlei ,Chilton,Salt Lake Slater,Isopoda,Invertebrates,e,Endangered,,Fauna,Animalia,invertebrate,,,
Accipiter novaehollandiae ,Gmelin,Grey Goshawk,Birds,Vertebrates,e,Endangered,,Fauna,Animalia,vertebrate,,,
Arctocephalus tropicalis,Gray,Subantarctic Fur Seal,Mammals,Vertebrates,e,Endangered,EN,Fauna,Animalia,vertebrate,,,
Caretta caretta ,Linnaeus,Loggerhead Turtle,Reptiles,Vertebrates,e,Endangered,EN,Fauna,Animalia,vertebrate,,,
Ceyx azureus diemenensis,(Gould),Tasmanian Azure Kingfisher,Birds,Vertebrates,e,Endangered,EN,Fauna,Animalia,vertebrate,,,
Diomedea exulans,Linnaeus,Wandering Albatross,Birds,Vertebrates,e,Endangered,VU,Fauna,Animalia,vertebrate,,,
Limnodynastes peroni,Dumeril & Bibron,Striped Marsh Frog,Amphibians,Vertebrates,e,Endangered,,Fauna,Animalia,vertebrate,,,
Mirounga leonina,Gray,Southern Elephant Seal,Mammals,Vertebrates,e,Endangered,VU,Fauna,Animalia,vertebrate,,,
Numenius madagascariensis,Linnaeus,Eastern Curlew,Birds,Vertebrates,e,Endangered,CR,Fauna,Animalia,vertebrate,,,
Pachyptila turtur subantarctica ,Kuhl,Southern Fairy Prion,Birds,Vertebrates,e,Endangered,VU,Fauna,Animalia,vertebrate,,,
Procellaria cinerea,Gmelin,Grey Petrel,Birds,Vertebrates,e,Endangered,,Fauna,Animalia,vertebrate,,,
Pseudomys novaehollandiae,Waterhouse,New Holland Mouse,Mammals,Vertebrates,e,Endangered,VU,Fauna,Animalia,vertebrate,,,
Pterodroma mollis ,Gould,Soft-plumaged Petrel,Birds,Vertebrates,e,Endangered,VU,Fauna,Animalia,vertebrate,,,
Sterna vittata bethunei ,Buller,Antarctic Tern,Birds,Vertebrates,e,Endangered,EN,Fauna,Animalia,vertebrate,,,
Sternula albifrons sinensis ,Gmelin,Little Tern,Birds,Vertebrates,e,Endangered,,Fauna,Animalia,vertebrate,,,
Thalassarche chrysostoma,Forster,Grey-headed Albatross,Birds,Vertebrates,e,Endangered,EN,Fauna,Animalia,vertebrate,,,
Thalassarche melanophris,(Temminck),Black-browed Albatross,Birds,Vertebrates,e,Endangered,VU,Fauna,Animalia,vertebrate,,,
Deyeuxia lawrencei,Vickery,lawrences bentgrass,Poaceae,Monocotyledonae,x,Presumed Extinct,EX,Flora,Plantae,vascular,,end,endemic Tasmania
Ozothamnus selaginoides,Sond. & F.Muell.,table mountain everlastingbush,Asteraceae,Dicotyledonae,x,Presumed Extinct,EX,Flora,Plantae,vascular,,end,endemic Tasmania
Senecio tasmanicus,I.Thomps.,tasmanian fireweed,Asteraceae,Dicotyledonae,x,Presumed Extinct,,Flora,Plantae,vascular,,end,endemic Tasmania
Ballantinia antipoda,(F.Muell.) E.A.Shaw,southern shepherds purse,Brassicaceae,Dicotyledonae,x,Presumed Extinct,EN,Flora,Plantae,vascular,,,
Banksia integrifolia subsp. integrifolia,L.f.,coast banksia,Proteaceae,Dicotyledonae,x,Presumed Extinct,,Flora,Plantae,vascular,,,
Botrychium australe,R.Br.,parsley fern,Ophioglossaceae,Pteridophyta,x,Presumed Extinct,,Flora,Plantae,vascular,,,
Caladenia cardiochila,Tate,heartlip spider-orchid,Orchidaceae,Monocotyledonae,x,Presumed Extinct,,Flora,Plantae,vascular,,,
Chenopodium erosum,R.Br. ,papery goosefoot,Amaranthaceae,Dicotyledonae,x,Presumed Extinct,,Flora,Plantae,vascular,,,
Coopernookia barbata,(R.Br.) Carolin,purple native-primrose,Goodeniaceae,Dicotyledonae,x,Presumed Extinct,,Flora,Plantae,vascular,,,
Hibbertia obtusifolia,DC.,grey guineaflower,Dilleniaceae,Dicotyledonae,x,Presumed Extinct,,Flora,Plantae,vascular,,,
Lepilaena australis,J.Drumm. ex Harv.,southern watermat,Potomogetonaceae,Monocotyledonae,x,Presumed Extinct,,Flora,Plantae,vascular,,,
Levenhookia dubia,Sond.,hairy stylewort,Stylidiaceae,Dicotyledonae,x,Presumed Extinct,,Flora,Plantae,vascular,,,
Myriophyllum glomeratum,Schindl.,clustered watermilfoil,Haloragaceae,Dicotyledonae,x,Presumed Extinct,,Flora,Plantae,vascular,,,
Podotheca angustifolia,(Labill.) Less.,sticky longheads,Asteraceae,Dicotyledonae,x,Presumed Extinct,,Flora,Plantae,vascular,,,
Prostanthera cuneata,Benth.,alpine mintbush,Lamiaceae,Dicotyledonae,x,Presumed Extinct,,Flora,Plantae,vascular,,,
Senecio georgianus,DC.,grey groundsel,Asteraceae,Dicotyledonae,x,Presumed Extinct,EX,Flora,Plantae,vascular,,,
Senecio macrocarpus,Belcher,largefruit fireweed,Asteraceae,Dicotyledonae,x,Presumed Extinct,VU,Flora,Plantae,vascular,,,
Thesium australe,R.Br.,southern toadflax,Santalaceae,Dicotyledonae,x,Presumed Extinct,VU,Flora,Plantae,vascular,,,
Thynninorchis huntiana,(F.Muell.) D.L.Jones & M.A.Clem.,elbow orchid,Orchidaceae,Monocotyledonae,x,Presumed Extinct,,Flora,Plantae,vascular,,,
Punctelia subflava,(Taylor) Elix & J.Johnst.,,Parmeliaceae,Lichen,x,Presumed Extinct,,Flora,Plantae,non-vascular,,,
Veronica ciliolata subsp. fiordensis,(Ashwin) Meudt,ben lomond cushionplant,Plantaginaceae,Dicotyledonae,v,Vulnerable,VU,Flora,Plantae,vascular,,t,Tasmania
Hypotrachyna laevigata,(Sm.) Hale,,Parmeliaceae,Lichen,v,Vulnerable,,Flora,Plantae,non-vascular,,t,Tasmania
Acacia axillaris,Benth.,midlands wattle,Fabaceae,Dicotyledonae,v,Vulnerable,VU,Flora,Plantae,vascular,,end,endemic Tasmania
Boronia gunnii,Hook.f.,river boronia,Rutaceae,Dicotyledonae,v,Vulnerable,VU,Flora,Plantae,vascular,,end,endemic Tasmania
Boronia hippopala,Duretto,velvet boronia,Rutaceae,Dicotyledonae,v,Vulnerable,VU,Flora,Plantae,vascular,,end,endemic Tasmania
Caladenia caudata,Nicholls,tailed spider-orchid,Orchidaceae,Monocotyledonae,v,Vulnerable,VU,Flora,Plantae,vascular,,end,endemic Tasmania
Callitris oblonga subsp. oblonga,Rich.,south esk pine,Cupressaceae,Gymnospermae,v,Vulnerable,EN,Flora,Plantae,vascular,,end,endemic Tasmania
Conospermum hookeri,(Meisn.) E.M.Benn.,tasmanian smokebush,Proteaceae,Dicotyledonae,v,Vulnerable,VU,Flora,Plantae,vascular,,end,endemic Tasmania
Epacris graniticola,Crowden,granite heath,Ericaceae,Dicotyledonae,v,Vulnerable,CR,Flora,Plantae,vascular,,end,endemic Tasmania
Epacris virgata,Hook.f.,pretty heath,Ericaceae,Dicotyledonae,v,Vulnerable,EN (Beaconsfield only),Flora,Plantae,vascular,,end,endemic Tasmania
Euphrasia phragmostoma,W.R.Barker,hairy cliff-eyebright,Orobanchaceae,Dicotyledonae,v,Vulnerable,VU,Flora,Plantae,vascular,,end,endemic Tasmania
Limonium australe var. baudinii,(Lincz.) A.M.Gray,tasmanian sea-lavender,Plumbaginaceae,Dicotyledonae,v,Vulnerable,VU,Flora,Plantae,vascular,,end,endemic Tasmania
Ozothamnus reflexifolius,K.Leeson & Rozefelds,reflexed everlastingbush,Asteraceae,Dicotyledonae,v,Vulnerable,VU,Flora,Plantae,vascular,,end,endemic Tasmania
Pherosphaera hookeriana,W.Archer bis,drooping pine,Podocarpaceae,Gymnospermae,v,Vulnerable,,Flora,Plantae,vascular,,end,endemic Tasmania
Pomaderris pilifera subsp. talpicutica,A.M.Gray & M.Wapstra,moleskin dogwood,Rhamnaceae,Dicotyledonae,v,Vulnerable,VU,Flora,Plantae,vascular,,end,endemic Tasmania
Poranthera petalifera,(Orchard & J.B.Davies) Halford & R.J.F.Hend.,mountain poranthera,Phyllanthaceae,Dicotyledonae,v,Vulnerable,VU,Flora,Plantae,vascular,,end,endemic Tasmania
Prasophyllum amoenum,D.L.Jones,dainty leek-orchid,Orchidaceae,Monocotyledonae,v,Vulnerable,EN,Flora,Plantae,vascular,,end,endemic Tasmania
Prasophyllum apoxychilum,D.L.Jones,tapered leek-orchid,Orchidaceae,Monocotyledonae,v,Vulnerable,EN,Flora,Plantae,vascular,,end,endemic Tasmania
Pterostylis pratensis,D.L.Jones,liawenee greenhood,Orchidaceae,Monocotyledonae,v,Vulnerable,VU,Flora,Plantae,vascular,,end,endemic Tasmania
Pterostylis ziegeleri,D.L.Jones,grassland greenhood,Orchidaceae,Monocotyledonae,v,Vulnerable,VU,Flora,Plantae,vascular,,end,endemic Tasmania
Spyridium lawrencei,(Hook.f.) Benth.,small-leaf dustymiller,Rhamnaceae,Dicotyledonae,v,Vulnerable,EN,Flora,Plantae,vascular,,end,endemic Tasmania
Spyridium obcordatum,(Hook.f.) W.M.Curtis,creeping dustymiller,Rhamnaceae,Dicotyledonae,v,Vulnerable,VU,Flora,Plantae,vascular,,end,endemic Tasmania
Stenanthemum pimeleoides,(Hook.f.) Benth.,propellor plant,Rhamnaceae,Dicotyledonae,v,Vulnerable,VU,Flora,Plantae,vascular,,end,endemic Tasmania
Veronica novae-hollandiae,Poir.,coast speedwell,Plantaginaceae,Dicotyledonae,v,Vulnerable,,Flora,Plantae,vascular,,end,endemic Tasmania
Xanthorrhoea arenaria,D.J.Bedford,sand grasstree,Xanthorrhoeaceae,Monocotyledonae,v,Vulnerable,VU,Flora,Plantae,vascular,,end,endemic Tasmania
Xanthorrhoea bracteata,R.Br.,shiny grasstree,Xanthorrhoeaceae,Monocotyledonae,v,Vulnerable,EN,Flora,Plantae,vascular,,end,endemic Tasmania
Xanthoparmelia jarmaniae,Elix & Kantvilas,,Parmeliaceae,Lichen,v,Vulnerable,,Flora,Plantae,non-vascular,,end,endemic Tasmania
Corybas dienemus,D.L.Jones,windswept helmet-orchid,Orchidaceae,Monocotyledonae,v,Vulnerable,CR,Flora,Plantae,vascular,,eMI,endemic Macquarie Island
Acrotriche cordata,(Labill.) R.Br.,coast groundberry,Ericaceae,Dicotyledonae,v,Vulnerable,,Flora,Plantae,vascular,,,
Anogramma leptophylla,(L.) Link,annual fern,Adiantaceae,Pteridophyta,v,Vulnerable,,Flora,Plantae,vascular,,,
Argyrotegium nitidulum,(Hook.f.) J.M.Ward & Breitw.,shining cottonleaf,Asteraceae,Dicotyledonae,v,Vulnerable,VU,Flora,Plantae,vascular,,,
Asplenium trichomanes subsp. trichomanes,L.,dolerite spleenwort,Aspleniaceae,Pteridophyta,v,Vulnerable,,Flora,Plantae,vascular,,,
Atriplex suberecta,I.Verd.,sprawling saltbush,Amaranthaceae,Dicotyledonae,v,Vulnerable,,Flora,Plantae,vascular,,,
Bedfordia arborescens,Hochr.,tree blanketleaf,Asteraceae,Dicotyledonae,v,Vulnerable,,Flora,Plantae,vascular,,,
Blechnum cartilagineum,Sw.,gristle fern,Blechnaceae,Pteridophyta,v,Vulnerable,,Flora,Plantae,vascular,,,
Brachyscome rigidula,(DC.) G.L.Davis,cutleaf daisy,Asteraceae,Dicotyledonae,v,Vulnerable,,Flora,Plantae,vascular,,,
Caladenia patersonii,R.Br.,patersons spider-orchid,Orchidaceae,Monocotyledonae,v,Vulnerable,,Flora,Plantae,vascular,,,
Desmodium gunnii,Benth. ex Hook.f.,southern ticktrefoil,Fabaceae,Dicotyledonae,v,Vulnerable,,Flora,Plantae,vascular,,,
Eryngium ovinum,A.Cunn.,blue devil,Apiaceae,Dicotyledonae,v,Vulnerable,,Flora,Plantae,vascular,,,
Glycine latrobeana,(Meisn.) Benth.,clover glycine,Fabaceae,Dicotyledonae,v,Vulnerable,VU,Flora,Plantae,vascular,,,
Glycine microphylla,(Benth.) Tindale,small-leaf glycine,Fabaceae,Dicotyledonae,v,Vulnerable,,Flora,Plantae,vascular,,,
Hakea ulicina,R.Br.,furze needlebush,Proteaceae,Dicotyledonae,v,Vulnerable,,Flora,Plantae,vascular,,,
Haloragis aspera,Lindl.,rough raspwort,Haloragaceae,Dicotyledonae,v,Vulnerable,,Flora,Plantae,vascular,,,
Hibbertia calycina,(DC.) N.A.Wakef.,lesser guineaflower,Dilleniaceae,Dicotyledonae,v,Vulnerable,,Flora,Plantae,vascular,,,
Isoetopsis graminifolia,Turcz.,grass cushion,Asteraceae,Dicotyledonae,v,Vulnerable,,Flora,Plantae,vascular,,,
Isopogon ceratophyllus,R.Br.,horny conebush,Proteaceae,Dicotyledonae,v,Vulnerable,,Flora,Plantae,vascular,,,
Lobelia pratioides,Benth.,poison lobelia,Campanulaceae,Dicotyledonae,v,Vulnerable,,Flora,Plantae,vascular,,,
Lythrum salicaria,L.,purple loosestrife,Lythraceae,Dicotyledonae,v,Vulnerable,,Flora,Plantae,vascular,,,
Mirbelia oxylobioides,F.Muell.,sandstone bushpea,Fabaceae,Dicotyledonae,v,Vulnerable,,Flora,Plantae,vascular,,,
Myoporum parvifolium,R.Br.,creeping boobialla,Scrophulariaceae,Dicotyledonae,v,Vulnerable,,Flora,Plantae,vascular,,,
Myriophyllum integrifolium,(Hook.f.) Hook.f.,tiny watermilfoil,Haloragaceae,Dicotyledonae,v,Vulnerable,,Flora,Plantae,vascular,,,
Persicaria decipiens,(R.Br.) K.L.Wilson,slender waterpepper,Polygonaceae,Dicotyledonae,v,Vulnerable,,Flora,Plantae,vascular,,,
Phyllangium divergens,(Hook.f.) Dunlop,wiry mitrewort,Loganiaceae,Dicotyledonae,v,Vulnerable,,Flora,Plantae,vascular,,,
Pomaderris elachophylla,F.Muell.,small-leaf dogwood,Rhamnaceae,Dicotyledonae,v,Vulnerable,,Flora,Plantae,vascular,,,
Prostanthera rotundifolia,R.Br.,roundleaf mintbush,Lamiaceae,Dicotyledonae,v,Vulnerable,,Flora,Plantae,vascular,,,
Pterostylis squamata,R.Br.,ruddy greenhood,Orchidaceae,Monocotyledonae,v,Vulnerable,,Flora,Plantae,vascular,,,
Pultenaea humilis,Benth. ex Hook.f.,dwarf bushpea,Fabaceae,Dicotyledonae,v,Vulnerable,,Flora,Plantae,vascular,,,
Pultenaea mollis,Lindl.,soft bushpea,Fabaceae,Dicotyledonae,v,Vulnerable,,Flora,Plantae,vascular,,,
Pultenaea prostrata,Benth. ex Hook.f.,silky bushpea,Fabaceae,Dicotyledonae,v,Vulnerable,,Flora,Plantae,vascular,,,
Pultenaea sericea,(Benth.) Corrick,chaffy bushpea,Fabaceae,Dicotyledonae,v,Vulnerable,,Flora,Plantae,vascular,,,
Rumex bidens,R.Br.,mud dock,Polygonaceae,Dicotyledonae,v,Vulnerable,,Flora,Plantae,vascular,,,
Scaevola albida,(Sm.) Druce,pale fanflower,Goodeniaceae,Dicotyledonae,v,Vulnerable,,Flora,Plantae,vascular,,,
Scleranthus diander,R.Br.,tufted knawel,Caryophyllaceae,Dicotyledonae,v,Vulnerable,,Flora,Plantae,vascular,,,
Scleranthus fasciculatus,(R.Br.) Hook.f.,spreading knawel,Caryophyllaceae,Dicotyledonae,v,Vulnerable,,Flora,Plantae,vascular,,,
Senecio campylocarpus,I.Thomps.,bulging fireweed,Asteraceae,Dicotyledonae,v,Vulnerable,,Flora,Plantae,vascular,,,
Senecio longipilus,I.Thomps.,longhair fireweed,Asteraceae,Dicotyledonae,v,Vulnerable,,Flora,Plantae,vascular,,,
Sowerbaea juncea,Andrews,purple rushlily,Laxmanniaceae,Monocotyledonae,v,Vulnerable,,Flora,Plantae,vascular,,,
Stackhousia pulvinaris,F.Muell.,alpine candles,Celastraceae,Dicotyledonae,v,Vulnerable,,Flora,Plantae,vascular,,,
Thryptomene micrantha,Hook.f.,ribbed heathmyrtle,Myrtaceae,Dicotyledonae,v,Vulnerable,,Flora,Plantae,vascular,,,
Tmesipteris parva,N.A.Wakef.,small forkfern,Psilotaceae,Pteridophyta,v,Vulnerable,,Flora,Plantae,vascular,,,
Tricoryne elatior,R.Br.,yellow rushlily,Hemerocallidaceae,Monocotyledonae,v,Vulnerable,,Flora,Plantae,vascular,,,
Triptilodiscus pygmaeus,Turcz.,dwarf sunray,Asteraceae,Dicotyledonae,v,Vulnerable,,Flora,Plantae,vascular,,,
Velleia paradoxa,R.Br.,spur velleia,Goodeniaceae,Dicotyledonae,v,Vulnerable,,Flora,Plantae,vascular,,,
Xerochrysum palustre,(Flann) R.J.Bayer,swamp paperdaisy,Asteraceae,Dicotyledonae,v,Vulnerable,VU,Flora,Plantae,vascular,,,
Austromelanelixia piliferella,"(Essl.) Divakar, Crespo & Lumbsch ",,Parmeliaceae,Lichen,v,Vulnerable,,Flora,Plantae,non-vascular,,,
Xanthoparmelia mannumensis,(Elix) Elix & J.Johnst. ,,Parmeliaceae,Lichen,v,Vulnerable,,Flora,Plantae,non-vascular,,,
Brachyscome radicata,Hook.f.,spreading daisy,Asteraceae,Dicotyledonae,r,Rare,,Flora,Plantae,vascular,,t,Tasmania
Crassula moschata,G.Forst.,musky stonecrop,Crassulaceae,Dicotyledonae,r,Rare,,Flora,Plantae,vascular,,t,Tasmania
Deschampsia gracillima,Kirk,slender hairgrass,Poaceae,Monocotyledonae,r,Rare,,Flora,Plantae,vascular,,t,Tasmania
Lepidium flexicaule,Kirk,springy peppercress,Brassicaceae,Dicotyledonae,r,Rare,,Flora,Plantae,vascular,,t,Tasmania
Ranunculus acaulis,Banks & Sol. ex DC.,dune buttercup,Ranunculaceae,Dicotyledonae,r,Rare,,Flora,Plantae,vascular,,t,Tasmania
Uncinia elegans,(Kük.) Hamlin,handsome hooksedge,Cyperaceae,Monocotyledonae,r,Rare,,Flora,Plantae,vascular,,t,Tasmania
Viola cunninghamii,Hook.f.,alpine violet,Violaceae,Dicotyledonae,r,Rare,,Flora,Plantae,vascular,,t,Tasmania
Calycidium cuneatum,Stirt.,,Calycidiaceae,Lichen,r,Rare,,Flora,Plantae,non-vascular,,t,Tasmania
Calycidium polycarpum,(Colenso) Wedin,,Calycidiaceae,Lichen,r,Rare,,Flora,Plantae,non-vascular,,t,Tasmania
Parmeliopsis hyperopta,(Ach.) Arnold,,Parmeliaceae,Lichen,r,Rare,,Flora,Plantae,non-vascular,,t,Tasmania
Acacia pataczekii,D.I.Morris,wallys wattle,Fabaceae,Dicotyledonae,r,Rare,,Flora,Plantae,vascular,,end,endemic Tasmania
Agrostis diemenica,D.I.Morris,flatleaf southern bent,Poaceae,Monocotyledonae,r,Rare,,Flora,Plantae,vascular,,end,endemic Tasmania
Allocasuarina crassa,L.A.S.Johnson,cape pillar sheoak,Casuarinaceae,Dicotyledonae,r,Rare,,Flora,Plantae,vascular,,end,endemic Tasmania
Allocasuarina duncanii,L.A.S.Johnson & D.I.Morris,conical sheoak,Casuarinaceae,Dicotyledonae,r,Rare,,Flora,Plantae,vascular,,end,endemic Tasmania
Bossiaea tasmanica,I.Thomps.,spiny bossia,Fabaceae,Dicotyledonae,r,Rare,,Flora,Plantae,vascular,,end,endemic Tasmania
Centrolepis strigosa subsp. pulvinata,(R.Br.) D.A.Cooke,bassian bristlewort,Centrolepidaceae,Monocotyledonae,r,Rare,,Flora,Plantae,vascular,,end,endemic Tasmania
Centropappus brunonis,Hook.f.,tasmanian daisytree,Asteraceae,Dicotyledonae,r,Rare,,Flora,Plantae,vascular,,end,endemic Tasmania
Cyathodes platystoma,C.M.Weiller,tall cheeseberry,Ericaceae,Dicotyledonae,r,Rare,,Flora,Plantae,vascular,,end,endemic Tasmania
Cyphanthera tasmanica,Miers,tasmanian rayflower,Solanaceae,Dicotyledonae,r,Rare,,Flora,Plantae,vascular,,end,endemic Tasmania
Deyeuxia apsleyensis,D.I.Morris,apsley bentgrass,Poaceae,Monocotyledonae,r,Rare,,Flora,Plantae,vascular,,end,endemic Tasmania
Epacris curtisiae,Jarman,northwest heath,Ericaceae,Dicotyledonae,r,Rare,,Flora,Plantae,vascular,,end,endemic Tasmania
Epacris moscaliana,Crowden,seepage heath,Ericaceae,Dicotyledonae,r,Rare,,Flora,Plantae,vascular,,end,endemic Tasmania
Eucalyptus barberi,L.A.S.Johnson & Blaxell,barbers gum,Myrtaceae,Dicotyledonae,r,Rare,,Flora,Plantae,vascular,,end,endemic Tasmania
Eucalyptus risdonii,Hook.f.,risdon peppermint,Myrtaceae,Dicotyledonae,r,Rare,,Flora,Plantae,vascular,,end,endemic Tasmania
Euphrasia amphisysepala,W.R.Barker,shiny cliff-eyebright,Orobanchaceae,Dicotyledonae,r,Rare,VU,Flora,Plantae,vascular,,end,endemic Tasmania
Euphrasia collina subsp. deflexifolia,(Gand.) W.R.Barker,eastern eyebright,Orobanchaceae,Dicotyledonae,r,Rare,,Flora,Plantae,vascular,,end,endemic Tasmania
Euphrasia collina subsp. gunnii,(Du Rietz) W.R.Barker ,gunns eyebright,Orobanchaceae,Dicotyledonae,r,Rare,,Flora,Plantae,vascular,,end,endemic Tasmania
Euphrasia gibbsiae subsp. pulvinestris,W.R.Barker ,cushionplant eyebright,Orobanchaceae,Dicotyledonae,r,Rare,,Flora,Plantae,vascular,,end,endemic Tasmania
Euphrasia gibbsiae subsp. wellingtonensis,W.R.Barker,mt wellington eyebright,Orobanchaceae,Dicotyledonae,r,Rare,,Flora,Plantae,vascular,,end,endemic Tasmania
Geum talbotianum,W.M.Curtis,tasmanian snowrose,Rosaceae,Dicotyledonae,r,Rare,,Flora,Plantae,vascular,,end,endemic Tasmania
Hovea tasmanica,I.Thomps. & J.H.Ross,rockfield purplepea,Fabaceae,Dicotyledonae,r,Rare,,Flora,Plantae,vascular,,end,endemic Tasmania
Isoetes elatior,F.Muell. ex A.Braun,tall quillwort,Isoetaceae,Pteridophyta,r,Rare,,Flora,Plantae,vascular,,end,endemic Tasmania
Isoetes humilior,F.Muell. ex A.Braun,veiled quillwort,Isoetaceae,Pteridophyta,r,Rare,,Flora,Plantae,vascular,,end,endemic Tasmania
Isoetes sp. Maxwell River,(S.J.Jarman HO314082) Tas. Herbarium,limestone quillwort,Isoetaceae,Pteridophyta,r,Rare,,Flora,Plantae,vascular,,end,endemic Tasmania
Lachnagrostis billardierei subsp. tenuiseta,(D.I.Morris) S.W.L.Jacobs,small-awn blowngrass,Poaceae,Monocotyledonae,r,Rare,,Flora,Plantae,vascular,,end,endemic Tasmania
Lasiopetalum micranthum,Hook.f.,tasmanian velvetbush,Malvaceae,Dicotyledonae,r,Rare,,Flora,Plantae,vascular,,end,endemic Tasmania
Melaleuca pustulata,Hook.f.,warty paperbark,Myrtaceae,Dicotyledonae,r,Rare,,Flora,Plantae,vascular,,end,endemic Tasmania
Micrantheum serpentinum,Orchard,western tridentbush,Picrodendraceae,Dicotyledonae,r,Rare,,Flora,Plantae,vascular,,end,endemic Tasmania
Milligania johnstonii,F.Muell. ex Benth.,shortleaf milligania,Asteliaceae,Monocotyledonae,r,Rare,,Flora,Plantae,vascular,,end,endemic Tasmania
Milligania longifolia,Hook.f.,longleaf milligania,Asteliaceae,Monocotyledonae,r,Rare,,Flora,Plantae,vascular,,end,endemic Tasmania
Monotoca submutica var. autumnalis,Jarman ,roundleaf broomheath,Ericaceae,Dicotyledonae,r,Rare,,Flora,Plantae,vascular,,end,endemic Tasmania
Odixia achlaena,(D.I.Morris) Orchard,golden everlastingbush,Asteraceae,Dicotyledonae,r,Rare,,Flora,Plantae,vascular,,end,endemic Tasmania
Olearia hookeri,(Sond.) Benth.,crimsontip daisybush,Asteraceae,Dicotyledonae,r,Rare,,Flora,Plantae,vascular,,end,endemic Tasmania
Orites milliganii,Meisn.,toothed orites,Proteaceae,Dicotyledonae,r,Rare,,Flora,Plantae,vascular,,end,endemic Tasmania
Ozothamnus lycopodioides,Hook.f.,clubmoss everlastingbush,Asteraceae,Dicotyledonae,r,Rare,,Flora,Plantae,vascular,,end,endemic Tasmania
Pentachondra ericifolia,Hook.f.,fine frillyheath,Ericaceae,Dicotyledonae,r,Rare,,Flora,Plantae,vascular,,end,endemic Tasmania
Persoonia moscalii,Orchard,creeping geebung,Proteaceae,Dicotyledonae,r,Rare,,Flora,Plantae,vascular,,end,endemic Tasmania
Persoonia muelleri subsp. angustifolia,(Benth.) L.A.S.Johnson & P.H.Weston,narrowleaf geebung,Proteaceae,Dicotyledonae,r,Rare,,Flora,Plantae,vascular,,end,endemic Tasmania
Pimelea milliganii,Meisn.,silver riceflower,Thymelaeaceae,Dicotyledonae,r,Rare,,Flora,Plantae,vascular,,end,endemic Tasmania
Planocarpa nitida,(Jarman) C.M.Weiller,black cheeseberry,Ericaceae,Dicotyledonae,r,Rare,,Flora,Plantae,vascular,,end,endemic Tasmania
Planocarpa sulcata,(Mihaich) C.M.Weiller,grooved cheeseberry,Ericaceae,Dicotyledonae,r,Rare,,Flora,Plantae,vascular,,end,endemic Tasmania
Poa mollis,Vickery,soft tussockgrass,Poaceae,Monocotyledonae,r,Rare,,Flora,Plantae,vascular,,end,endemic Tasmania
Pterostylis atriola,D.L.Jones,snug greenhood,Orchidaceae,Monocotyledonae,r,Rare,,Flora,Plantae,vascular,,end,endemic Tasmania
Ranunculus collicola,Menadue,lake augusta buttercup,Ranunculaceae,Dicotyledonae,r,Rare,,Flora,Plantae,vascular,,end,endemic Tasmania
Ranunculus jugosus,Menadue,twinned buttercup,Ranunculaceae,Dicotyledonae,r,Rare,,Flora,Plantae,vascular,,end,endemic Tasmania
Rytidosperma remotum,(D.I.Morris) A.M.Humphreys & H.P.Linder,remote wallabygrass,Poaceae,Monocotyledonae,r,Rare,,Flora,Plantae,vascular,,end,endemic Tasmania
Spyridium parvifolium var. molle,(Hook.f.) Benth. ,soft dustymiller,Rhamnaceae,Dicotyledonae,r,Rare,,Flora,Plantae,vascular,,end,endemic Tasmania
Viola curtisiae,(L.G.Adams) K.R.Thiele,montane ivyleaf violet,Violaceae,Dicotyledonae,r,Rare,,Flora,Plantae,vascular,,end,endemic Tasmania
Vittadinia burbidgeae,A.M.Gray & Rozefelds,smooth new-holland-daisy,Asteraceae,Dicotyledonae,r,Rare,,Flora,Plantae,vascular,,end,endemic Tasmania
Westringia angustifolia,R.Br.,narrowleaf westringia,Lamiaceae,Dicotyledonae,r,Rare,,Flora,Plantae,vascular,,end,endemic Tasmania
Ambuchanania leucobryoides,"(Yamaguchi, Seppelt, Iwatsuki & Buchanan) Seppelt & Crum",daisy pan moss,Ambuchananiaceae,Bryophyte,r,Rare,,Flora,Plantae,non-vascular,,end,endemic Tasmania
Austroparmelina whinrayi,(Elix) Kantvilas & Divakar,,Parmeliaceae,Lichen,r,Rare,,Flora,Plantae,non-vascular,,end,endemic Tasmania
Xanthoparmelia graniticola,"(Elix & Kantvilas) O.Blanco, A.Crespo, Elix, D.Hawksw. & Lumbsch",,Parmeliaceae,Lichen,r,Rare,,Flora,Plantae,non-vascular,,end,endemic Tasmania
Xanthoparmelia vicaria,Elix & J.Johnst.,,Parmeliaceae,Lichen,r,Rare,,Flora,Plantae,non-vascular,,end,endemic Tasmania
Xanthoparmelia vicariella,Elix & Kantvilas,,Parmeliaceae,Lichen,r,Rare,,Flora,Plantae,non-vascular,,end,endemic Tasmania
Acacia siculiformis,A.Cunn. ex Benth.,dagger wattle,Fabaceae,Dicotyledonae,r,Rare,,Flora,Plantae,vascular,,,
Acacia ulicifolia,(Salisb.) Court,juniper wattle,Fabaceae,Dicotyledonae,r,Rare,,Flora,Plantae,vascular,,,
Acacia uncifolia,(J.M.Black) O'Leary,coast wirilda,Fabaceae,Dicotyledonae,r,Rare,,Flora,Plantae,vascular,,,
Agrostis australiensis,Mez,southern bent,Poaceae,Monocotyledonae,r,Rare,,Flora,Plantae,vascular,,,
Amphibromus neesii,Steud.,southern swampgrass,Poaceae,Monocotyledonae,r,Rare,,Flora,Plantae,vascular,,,
Aphelia gracilis,Sond.,slender fanwort,Centrolepidaceae,Monocotyledonae,r,Rare,,Flora,Plantae,vascular,,,
Aphelia pumilio,F.Muell. ex Sond.,dwarf fanwort,Centrolepidaceae,Monocotyledonae,r,Rare,,Flora,Plantae,vascular,,,
Argyrotegium fordianum,(M.Gray) J.M.Ward & Breitw.,soft cottonleaf,Asteraceae,Dicotyledonae,r,Rare,,Flora,Plantae,vascular,,,
Argyrotegium poliochlorum,(N.G.Walsh) J.M.Ward & Breitw.,greygreen cottonleaf,Asteraceae,Dicotyledonae,r,Rare,,Flora,Plantae,vascular,,,
Asperula minima,Hook.f.,mossy woodruff,Rubiaceae,Dicotyledonae,r,Rare,,Flora,Plantae,vascular,,,
Asperula scoparia subsp. scoparia,Hook.f.,prickly woodruff,Rubiaceae,Dicotyledonae,r,Rare,,Flora,Plantae,vascular,,,
Asperula subsimplex,Hook.f.,water woodruff,Rubiaceae,Dicotyledonae,r,Rare,,Flora,Plantae,vascular,,,
Australina pusilla subsp. muelleri,(Wedd.) Friis & Wilmot-Dear,shade nettle,Urticaceae,Dicotyledonae,r,Rare,,Flora,Plantae,vascular,,,
Australopyrum velutinum,(Nees) B.K.Simon,velvet wheatgrass,Poaceae,Monocotyledonae,r,Rare,,Flora,Plantae,vascular,,,
Austrostipa bigeniculata,(Hughes) S.W.L.Jacobs & J.Everett ,doublejointed speargrass,Poaceae,Monocotyledonae,r,Rare,,Flora,Plantae,vascular,,,
Austrostipa blackii,(C.E.Hubb.) S.W.L.Jacobs & J.Everett ,crested speargrass,Poaceae,Monocotyledonae,r,Rare,,Flora,Plantae,vascular,,,
Banksia serrata,L.f.,saw banksia,Proteaceae,Dicotyledonae,r,Rare,,Flora,Plantae,vascular,,,
Baumea articulata,(R.Br.) S.T.Blake,jointed twigsedge,Cyperaceae,Monocotyledonae,r,Rare,,Flora,Plantae,vascular,,,
Baumea gunnii,(Hook.f.) S.T.Blake,slender twigsedge,Cyperaceae,Monocotyledonae,r,Rare,,Flora,Plantae,vascular,,,
Bolboschoenus caldwellii,(V.J.Cook) Soják ,sea clubsedge,Cyperaceae,Monocotyledonae,r,Rare,,Flora,Plantae,vascular,,,
Bolboschoenus medianus,(V.J.Cook) Soják ,marsh clubsedge,Cyperaceae,Monocotyledonae,r,Rare,,Flora,Plantae,vascular,,,
Brachyloma depressum,(F.Muell.) Benth.,spreading heath,Ericaceae,Dicotyledonae,r,Rare,,Flora,Plantae,vascular,,,
Brachyscome perpusilla,(Steetz) J.M.Black,tiny daisy,Asteraceae,Dicotyledonae,r,Rare,,Flora,Plantae,vascular,,,
Brunonia australis,Sm. ex R.Br.,blue pincushion,Goodeniaceae,Dicotyledonae,r,Rare,,Flora,Plantae,vascular,,,
Caesia calliantha,R.J.F.Hend.,blue grasslily,Hemerocallidaceae,Monocotyledonae,r,Rare,,Flora,Plantae,vascular,,,
Caladenia filamentosa,R.Br.,daddy longlegs,Orchidaceae,Monocotyledonae,r,Rare,,Flora,Plantae,vascular,,,
Caladenia pusilla,W.M.Curtis,tiny fingers,Orchidaceae,Monocotyledonae,r,Rare,,Flora,Plantae,vascular,,,
Calandrinia granulifera,Benth.,pygmy purslane,Portulacaceae,Dicotyledonae,r,Rare,,Flora,Plantae,vascular,,,
Callitriche sonderi,Hegelm.,matted waterstarwort,Plantaginaceae,Dicotyledonae,r,Rare,,Flora,Plantae,vascular,,,
Callitriche umbonata,Hegelm.,winged waterstarwort,Plantaginaceae,Dicotyledonae,r,Rare,,Flora,Plantae,vascular,,,
Calocephalus citreus,Less.,lemon beautyheads,Asteraceae,Dicotyledonae,r,Rare,,Flora,Plantae,vascular,,,
Calocephalus lacteus,Less.,milky beautyheads,Asteraceae,Dicotyledonae,r,Rare,,Flora,Plantae,vascular,,,
Calystegia sepium subsp. sepium,(L.) R.Br.,swamp bindweed,Convolvulaceae,Dicotyledonae,r,Rare,,Flora,Plantae,vascular,,,
Calystegia soldanella,(L.) Roem. & Schult.,sea bindweed,Convolvulaceae,Dicotyledonae,r,Rare,,Flora,Plantae,vascular,,,
Carex capillacea,Boott,yellowleaf sedge,Cyperaceae,Monocotyledonae,r,Rare,,Flora,Plantae,vascular,,,
Carex cephalotes,F.Muell.,snow sedge,Cyperaceae,Monocotyledonae,r,Rare,,Flora,Plantae,vascular,,,
Carex gunniana,Boott,mountain sedge,Cyperaceae,Monocotyledonae,r,Rare,,Flora,Plantae,vascular,,,
Carex hypandra,F.Muell. ex Benth.,dark fen sedge,Cyperaceae,Monocotyledonae,r,Rare,,Flora,Plantae,vascular,,,
Carex longebrachiata,Boeck.,drooping sedge,Cyperaceae,Monocotyledonae,r,Rare,,Flora,Plantae,vascular,,,
Caustis pentandra,R.Br.,thick twistsedge,Cyperaceae,Monocotyledonae,r,Rare,,Flora,Plantae,vascular,,,
Centipeda cunninghamii,(DC.) A.Braun & Asch.,erect sneezeweed,Asteraceae,Dicotyledonae,r,Rare,,Flora,Plantae,vascular,,,
Chrysocephalum baxteri,(A.Cunn. ex DC.) A.Anderb.,fringed everlasting,Asteraceae,Dicotyledonae,r,Rare,,Flora,Plantae,vascular,,,
Colobanthus curtisiae,J.G.West,grassland cupflower,Caryophyllaceae,Dicotyledonae,r,Rare,VU,Flora,Plantae,vascular,,,
Colobanthus pulvinatus,F.Muell.,cushion cupflower,Caryophyllaceae,Dicotyledonae,r,Rare,,Flora,Plantae,vascular,,,
Comesperma defoliatum,F.Muell.,leafless milkwort,Polygalaceae,Dicotyledonae,r,Rare,,Flora,Plantae,vascular,,,
Corunastylis nuda,(Hook.f.) D.L.Jones & M.A.Clem.,tiny midge-orchid,Orchidaceae,Monocotyledonae,r,Rare,,Flora,Plantae,vascular,,,
Cotula vulgaris var. australasica,J.H.Willis,slender buttons,Asteraceae,Dicotyledonae,r,Rare,,Flora,Plantae,vascular,,,
Cullen microcephalum,(Rchb. ex Kunze) J.W.Grimes,dusky scurfpea ,Fabaceae,Dicotyledonae,r,Rare,,Flora,Plantae,vascular,,,
Cuscuta tasmanica,Engelm.,golden dodder,Convolvulaceae,Dicotyledonae,r,Rare,,Flora,Plantae,vascular,,,
Cyrtostylis robusta,D.L.Jones & M.A.Clem.,large gnat-orchid,Orchidaceae,Monocotyledonae,r,Rare,,Flora,Plantae,vascular,,,
Damasonium minus,(R.Br.) Buchenau,starfruit,Alismataceae,Monocotyledonae,r,Rare,,Flora,Plantae,vascular,,,
Deyeuxia brachyathera,(Stapf) Vickery,short bentgrass,Poaceae,Monocotyledonae,r,Rare,,Flora,Plantae,vascular,,,
Deyeuxia decipiens,(R.Br.) Vickery,trickery bentgrass,Poaceae,Monocotyledonae,r,Rare,,Flora,Plantae,vascular,,,
Deyeuxia minor,F.Muell. ex Benth.,small bentgrass,Poaceae,Monocotyledonae,r,Rare,,Flora,Plantae,vascular,,,
Dianella amoena,G.W.Carr & P.F.Horsfall,grassland flaxlily,Hemerocallidaceae,Monocotyledonae,r,Rare,EN,Flora,Plantae,vascular,,,
Drosera glanduligera,Lehm.,scarlet sundew,Droseraceae,Dicotyledonae,r,Rare,,Flora,Plantae,vascular,,,
Dryopoa dives,(F.Muell.) Vickery,tasmanian giant mountaingrass,Poaceae,Monocotyledonae,r,Rare,,Flora,Plantae,vascular,,,
Elaeocarpus reticulatus,Sm.,blueberry ash,Elaeocarpaceae,Dicotyledonae,r,Rare,,Flora,Plantae,vascular,,,
Epilobium willisii,P.H.Raven & Engelhorn,carpet willowherb,Onagraceae,Dicotyledonae,r,Rare,,Flora,Plantae,vascular,,,
Eucalyptus globulus subsp. pseudoglobulus,(Naudin ex Maiden) J.B.Kirkp.,gippsland blue gum,Myrtaceae,Dicotyledonae,r,Rare,,Flora,Plantae,vascular,,,
Eucalyptus perriniana,F.Muell. ex Rodway,spinning gum,Myrtaceae,Dicotyledonae,r,Rare,,Flora,Plantae,vascular,,,
Eucalyptus radiata subsp. radiata,Sieber ex DC.,forth river peppermint,Myrtaceae,Dicotyledonae,r,Rare,,Flora,Plantae,vascular,,,
Eutaxia microphylla,(R.Br.) C.H.Wright & Dewar,spiny bushpea,Fabaceae,Dicotyledonae,r,Rare,,Flora,Plantae,vascular,,,
Frankenia pauciflora var. gunnii,Summerh.,southern seaheath,Frankeniaceae,Dicotyledonae,r,Rare,,Flora,Plantae,vascular,,,
Geococcus pusillus,J.Drumm. ex Harv.,earth cress,Brassicaceae,Dicotyledonae,r,Rare,,Flora,Plantae,vascular,,,
Glossostigma elatinoides,(Benth.) Benth. ex Hook.f.,small mudmat,Phrymaceae,Dicotyledonae,r,Rare,,Flora,Plantae,vascular,,,
Gratiola pubescens,R.Br.,hairy brooklime,Plantaginaceae,Dicotyledonae,r,Rare,,Flora,Plantae,vascular,,,
Gynatrix pulchella,(Willd.) Alef.,fragrant hempbush,Malvaceae,Dicotyledonae,r,Rare,,Flora,Plantae,vascular,,,
Gyrostemon thesioides,(Hook.f.) A.S.George,broom wheelfruit,Gyrostemonaceae,Dicotyledonae,r,Rare,,Flora,Plantae,vascular,,,
Hackelia latifolia,(R.Br.) Dimon & M.A.M.Renner,forest houndstongue,Boraginaceae,Dicotyledonae,r,Rare,,Flora,Plantae,vascular,,,
Haloragis heterophylla,Brongn.,variable raspwort,Haloragaceae,Dicotyledonae,r,Rare,,Flora,Plantae,vascular,,,
Haloragis myriocarpa,Orchard,prickly raspwort,Haloragaceae,Dicotyledonae,r,Rare,,Flora,Plantae,vascular,,,
Hedycarya angustifolia,A.Cunn.,australian mulberry,Monimiaceae,Dicotyledonae,r,Rare,,Flora,Plantae,vascular,,,
Hibbertia rufa,N.A.Wakef.,brown guineaflower,Dilleniaceae,Dicotyledonae,r,Rare,,Flora,Plantae,vascular,,,
Hibbertia virgata,R.Br. ex DC.,twiggy guineaflower,Dilleniaceae,Dicotyledonae,r,Rare,,Flora,Plantae,vascular,,,
Hovea corrickiae,J.H.Ross,glossy purplepea,Fabaceae,Dicotyledonae,r,Rare,,Flora,Plantae,vascular,,,
Hovea montana,(Hook.f.) J.H.Ross,mountain purplepea,Fabaceae,Dicotyledonae,r,Rare,,Flora,Plantae,vascular,,,
Hydrocotyle comocarpa,F.Muell.,fringefruit pennywort,Araliaceae,Dicotyledonae,r,Rare,,Flora,Plantae,vascular,,,
Hydrorchis orbicularis,(R.S.Rogers) D.L.Jones & M.A.Clem.,swamp onion-orchid,Orchidaceae,Monocotyledonae,r,Rare,,Flora,Plantae,vascular,,,
Hypolepis muelleri,N.A.Wakef.,harsh groundfern,Dennstaedtiaceae,Pteridophyta,r,Rare,,Flora,Plantae,vascular,,,
Isoetes drummondii subsp. drummondii,A.Braun,plain quillwort,Isoetaceae,Pteridophyta,r,Rare,,Flora,Plantae,vascular,,,
Isolepis habra,(Edgar) Soják ,wispy clubsedge,Cyperaceae,Monocotyledonae,r,Rare,,Flora,Plantae,vascular,,,
Isolepis stellata,(C.B.Clarke) K.L.Wilson,star clubsedge,Cyperaceae,Monocotyledonae,r,Rare,,Flora,Plantae,vascular,,,
Juncus fockei,Buchenau,slender jointleaf rush,Juncaceae,Monocotyledonae,r,Rare,,Flora,Plantae,vascular,,,
Juncus prismatocarpus,R.Br.,branching rush,Juncaceae,Monocotyledonae,r,Rare,,Flora,Plantae,vascular,,,
Juncus vaginatus,R.Br.,clustered rush,Juncaceae,Monocotyledonae,r,Rare,,Flora,Plantae,vascular,,,
Lachnagrostis punicea subsp. filifolia,(Vickery) S.W.L.Jacobs,narrowleaf blowngrass,Poaceae,Monocotyledonae,r,Rare,,Flora,Plantae,vascular,,,
Lachnagrostis punicea subsp. punicea,(A.J.Br. & N.G.Walsh) S.W.L.Jacobs,bristle blowngrass,Poaceae,Monocotyledonae,r,Rare,,Flora,Plantae,vascular,,,
Lachnagrostis robusta,(Vickery) S.W.L.Jacobs,tall blowngrass,Poaceae,Monocotyledonae,r,Rare,,Flora,Plantae,vascular,,,
Lasiopetalum baueri,Steetz,slender velvetbush,Malvaceae,Dicotyledonae,r,Rare,,Flora,Plantae,vascular,,,
Lasiopetalum discolor,Hook.,coast velvetbush,Malvaceae,Dicotyledonae,r,Rare,,Flora,Plantae,vascular,,,
Lepidosperma forsythii,A.A.Hamilton,stout rapiersedge,Cyperaceae,Monocotyledonae,r,Rare,,Flora,Plantae,vascular,,,
Lepidosperma tortuosum,F.Muell.,twisting rapiersedge,Cyperaceae,Monocotyledonae,r,Rare,,Flora,Plantae,vascular,,,
Lepidosperma viscidum,R.Br.,sticky swordsedge,Cyperaceae,Monocotyledonae,r,Rare,,Flora,Plantae,vascular,,,
Lepilaena marina,E.L.Robertson,sea watermat,Potomogetonaceae,Monocotyledonae,r,Rare,,Flora,Plantae,vascular,,,
Lepilaena patentifolia,E.L.Robertson,spreading watermat,Potomogetonaceae,Monocotyledonae,r,Rare,,Flora,Plantae,vascular,,,
Lepilaena preissii,(Lehm.) F.Muell.,slender watermat,Potomogetonaceae,Monocotyledonae,r,Rare,,Flora,Plantae,vascular,,,
Leucopogon affinis,R.Br.,lanceleaf beardheath,Ericaceae,Dicotyledonae,r,Rare,,Flora,Plantae,vascular,,,
Leucopogon esquamatus,R.Br.,swamp beardheath,Ericaceae,Dicotyledonae,r,Rare,,Flora,Plantae,vascular,,,
Leucopogon virgatus var. brevifolius,Benth.,shortleaf beardheath,Ericaceae,Dicotyledonae,r,Rare,,Flora,Plantae,vascular,,,
Limonium australe var. australe,(R.Br.) Kuntze,yellow sea-lavender,Plumbaginaceae,Dicotyledonae,r,Rare,,Flora,Plantae,vascular,,,
Liparophyllum exaltatum,(Sol. ex Sims) Tippery & Les,erect marshwort,Menyanthaceae,Dicotyledonae,r,Rare,,Flora,Plantae,vascular,,,
Lobelia rhombifolia,de Vriese,tufted lobelia,Campanulaceae,Dicotyledonae,r,Rare,,Flora,Plantae,vascular,,,
Lotus australis,Andrews,australian trefoil,Fabaceae,Dicotyledonae,r,Rare,,Flora,Plantae,vascular,,,
Luzula atrata,Edgar,slender woodrush,Juncaceae,Monocotyledonae,r,Rare,,Flora,Plantae,vascular,,,
Microtidium atratum,(Lindl.) D.L.Jones & M.A.Clem.,yellow onion-orchid ,Orchidaceae,Monocotyledonae,r,Rare,,Flora,Plantae,vascular,,,
Muehlenbeckia axillaris,(Hook.f.) Endl.,matted lignum,Polygonaceae,Dicotyledonae,r,Rare,,Flora,Plantae,vascular,,,
Myriophyllum muelleri,Sond.,hooded watermilfoil,Haloragaceae,Dicotyledonae,r,Rare,,Flora,Plantae,vascular,,,
Orthoceras strictum,R.Br.,horned orchid,Orchidaceae,Monocotyledonae,r,Rare,,Flora,Plantae,vascular,,,
Pandorea pandorana,(Andrews) Steenis,wonga vine,Bignoniaceae,Dicotyledonae,r,Rare,,Flora,Plantae,vascular,,,
Parietaria debilis,G.Forst.,shade pellitory,Urticaceae,Dicotyledonae,r,Rare,,Flora,Plantae,vascular,,,
Pellaea calidirupium,Brownsey & Lovis,hotrock fern,Adiantaceae,Pteridophyta,r,Rare,,Flora,Plantae,vascular,,,
Phyllangium distylis,(F.Muell.) Dunlop ,tiny mitrewort,Loganiaceae,Dicotyledonae,r,Rare,,Flora,Plantae,vascular,,,
Phylloglossum drummondii,Kunze,pygmy clubmoss,Lycopodiaceae,Pteridophyta,r,Rare,,Flora,Plantae,vascular,,,
Pilularia novae-hollandiae,A.Braun,australian pillwort,Marsileaceae,Pteridophyta,r,Rare,,Flora,Plantae,vascular,,,
Pimelea curviflora var. gracilis,(R.Br.) Threlfall,slender curved riceflower,Thymelaeaceae,Dicotyledonae,r,Rare,,Flora,Plantae,vascular,,,
Pimelea curviflora var. sericea,Benth.,silky curved riceflower,Thymelaeaceae,Dicotyledonae,r,Rare,,Flora,Plantae,vascular,,,
Pimelea flava subsp. flava,R.Br.,yellow riceflower,Thymelaeaceae,Dicotyledonae,r,Rare,,Flora,Plantae,vascular,,,
Plantago debilis,R.Br.,shade plantain,Plantaginaceae,Dicotyledonae,r,Rare,,Flora,Plantae,vascular,,,
Plantago glacialis,"B.G.Briggs, Carolin & Pulley",small star plantain,Plantaginaceae,Dicotyledonae,r,Rare,,Flora,Plantae,vascular,,,
Poa halmaturina,J.M.Black,dune tussockgrass,Poaceae,Monocotyledonae,r,Rare,,Flora,Plantae,vascular,,,
Pomaderris intermedia,Sieber ex DC.,lemon dogwood,Rhamnaceae,Dicotyledonae,r,Rare,,Flora,Plantae,vascular,,,
Pomaderris oraria subsp. oraria,F.Muell. ex Reissek,bassian dogwood,Rhamnaceae,Dicotyledonae,r,Rare,,Flora,Plantae,vascular,,,
Pomaderris paniculosa subsp. paralia,N.G.Walsh ,shining dogwood,Rhamnaceae,Dicotyledonae,r,Rare,,Flora,Plantae,vascular,,,
Pomaderris phylicifolia subsp. ericoides,(Maiden & Betche) N.G.Walsh & Coates,revolute narrowleaf dogwood,Rhamnaceae,Dicotyledonae,r,Rare,,Flora,Plantae,vascular,,,
Pomaderris phylicifolia subsp. phylicifolia,Lodd. ex Link,narrowleaf dogwood,Rhamnaceae,Dicotyledonae,r,Rare,,Flora,Plantae,vascular,,,
Prasophyllum tadgellianum,R.S.Rogers,tadgells leek-orchid,Orchidaceae,Monocotyledonae,r,Rare,,Flora,Plantae,vascular,,,
Pterostylis grandiflora,R.Br.,superb greenhood,Orchidaceae,Monocotyledonae,r,Rare,,Flora,Plantae,vascular,,,
Pterostylis sanguinea,D.L.Jones & M.A.Clem.,banded greenhood,Orchidaceae,Monocotyledonae,r,Rare,,Flora,Plantae,vascular,,,
Puccinellia perlaxa,(Stapf ex N.G.Walsh) N.G.Walsh & A.R.Williams,spreading saltmarshgrass,Poaceae,Monocotyledonae,r,Rare,,Flora,Plantae,vascular,,,
Ranunculus pumilio var. pumilio,R.Br. ex DC.,ferny buttercup,Ranunculaceae,Dicotyledonae,r,Rare,,Flora,Plantae,vascular,,,
Rhodanthe anthemoides,(Spreng.) Paul G.Wilson,chamomile sunray,Asteraceae,Dicotyledonae,r,Rare,,Flora,Plantae,vascular,,,
Ruppia megacarpa,R.Mason,largefruit seatassel,Ruppiaceae,Monocotyledonae,r,Rare,,Flora,Plantae,vascular,,,
Ruppia tuberosa,J.S.Davis & Toml.,tuberous seatassel,Ruppiaceae,Monocotyledonae,r,Rare,,Flora,Plantae,vascular,,,
Schenkia australis,(R.Br.) G.Mans.,spike centaury,Gentianaceae,Dicotyledonae,r,Rare,,Flora,Plantae,vascular,,,
Schoenoplectus tabernaemontani,(C.C.Gmel.) Palla,river clubsedge,Cyperaceae,Monocotyledonae,r,Rare,,Flora,Plantae,vascular,,,
Schoenus brevifolius,R.Br.,zigzag bogsedge,Cyperaceae,Monocotyledonae,r,Rare,,Flora,Plantae,vascular,,,
Scutellaria humilis,R.Br.,dwarf scullcap,Lamiaceae,Dicotyledonae,r,Rare,,Flora,Plantae,vascular,,,
Senecio squarrosus,A.Rich.,leafy fireweed,Asteraceae,Dicotyledonae,r,Rare,,Flora,Plantae,vascular,,,
Sicyos australis,Endl.,star cucumber,Cucurbitaceae,Dicotyledonae,r,Rare,,Flora,Plantae,vascular,,,
Siloxerus multiflorus,Nees,small wrinklewort,Asteraceae,Dicotyledonae,r,Rare,,Flora,Plantae,vascular,,,
Spyridium parvifolium var. parvifolium,(Hook.) F.Muell.,coast dustymiller,Rhamnaceae,Dicotyledonae,r,Rare,,Flora,Plantae,vascular,,,
Spyridium vexilliferum var. vexilliferum,(Hook.) Reissek,helicopter bush,Rhamnaceae,Dicotyledonae,r,Rare,,Flora,Plantae,vascular,,,
Stellaria multiflora subsp. nebulosa,C.H.Mill. & J.G.West,nebulous rayless starwort,Caryophyllaceae,Dicotyledonae,r,Rare,,Flora,Plantae,vascular,,,
Stuckenia pectinata,(L.) Börner,fennel pondweed,Potamogetonaceae,Monocotyledonae,r,Rare,,Flora,Plantae,vascular,,,
Stylidium beaugleholei,J.H.Willis,blushing triggerplant,Stylidiaceae,Dicotyledonae,r,Rare,,Flora,Plantae,vascular,,,
Stylidium despectum,R.Br.,small triggerplant,Stylidiaceae,Dicotyledonae,r,Rare,,Flora,Plantae,vascular,,,
Stylidium perpusillum,Hook.f.,tiny triggerplant,Stylidiaceae,Dicotyledonae,r,Rare,,Flora,Plantae,vascular,,,
Taraxacum aristum,Hagl. & Markl.,mountain dandelion,Asteraceae,Dicotyledonae,r,Rare,,Flora,Plantae,vascular,,,
Tetratheca ciliata,Lindl.,northern pinkbells,Elaeocarpaceae,Dicotyledonae,r,Rare,,Flora,Plantae,vascular,,,
Teucrium corymbosum,R.Br.,forest germander,Lamiaceae,Dicotyledonae,r,Rare,,Flora,Plantae,vascular,,,
Thelymitra holmesii,Nicholls,bluestar sun-orchid,Orchidaceae,Monocotyledonae,r,Rare,,Flora,Plantae,vascular,,,
Tricostularia pauciflora,(F.Muell.) Benth.,needle bogsedge,Cyperaceae,Monocotyledonae,r,Rare,,Flora,Plantae,vascular,,,
Triglochin minutissima,F.Muell.,tiny arrowgrass,Juncaginaceae,Monocotyledonae,r,Rare,,Flora,Plantae,vascular,,,
Trithuria submersa,Hook.f.,submerged watertuft,Hydatellaceae,Monocotyledonae,r,Rare,,Flora,Plantae,vascular,,,
Utricularia australis,R.Br.,yellow bladderwort,Lentibulariaceae,Dicotyledonae,r,Rare,,Flora,Plantae,vascular,,,
Utricularia tenella,R.Br.,pink bladderwort,Lentibulariaceae,Dicotyledonae,r,Rare,,Flora,Plantae,vascular,,,
Utricularia violacea,R.Br.,violet bladderwort,Lentibulariaceae,Dicotyledonae,r,Rare,,Flora,Plantae,vascular,,,
Vallisneria australis,S.W.L.Jacobs & Les,river ribbons,Hydrocharitaceae,Monocotyledonae,r,Rare,,Flora,Plantae,vascular,,,
Veronica plebeia,R.Br.,trailing speedwell,Plantaginaceae,Dicotyledonae,r,Rare,,Flora,Plantae,vascular,,,
Viola caleyana,G.Don,swamp violet,Violaceae,Dicotyledonae,r,Rare,,Flora,Plantae,vascular,,,
Vittadinia cuneata var. cuneata,DC.,fuzzy new-holland-daisy,Asteraceae,Dicotyledonae,r,Rare,,Flora,Plantae,vascular,,,
Vittadinia gracilis,(Hook.f.) N.T.Burb.,woolly new-holland-daisy,Asteraceae,Dicotyledonae,r,Rare,,Flora,Plantae,vascular,,,
Vittadinia muelleri,N.T.Burb.,narrowleaf new-holland-daisy,Asteraceae,Dicotyledonae,r,Rare,,Flora,Plantae,vascular,,,
Wilsonia humilis,R.Br.,silky wilsonia,Convolvulaceae,Dicotyledonae,r,Rare,,Flora,Plantae,vascular,,,
Wilsonia rotundifolia,Hook.,roundleaf wilsonia,Convolvulaceae,Dicotyledonae,r,Rare,,Flora,Plantae,vascular,,,
Xerochrysum bicolor,(Lindl.) R.J.Bayer,eastcoast paperdaisy,Asteraceae,Dicotyledonae,r,Rare,,Flora,Plantae,vascular,,,
Zieria littoralis,J.A.Armstr.,downy zieria,Rutaceae,Dicotyledonae,r,Rare,,Flora,Plantae,vascular,,,
Zygophyllum billardierei,DC.,coast twinleaf,Zygophyllaceae,Dicotyledonae,r,Rare,,Flora,Plantae,vascular,,,
Cetraria islandica subsp. antarctica,Kärnefelt,,Parmeliaceae,Lichen,r,Rare,,Flora,Plantae,non-vascular,,,
Hypotrachyna immaculata,(Kurok.) Hale,,Parmeliaceae,Lichen,r,Rare,,Flora,Plantae,non-vascular,,,
Parmeliopsis ambigua,(Wulf.) Nyl.,,Parmeliaceae,Lichen,r,Rare,,Flora,Plantae,non-vascular,,,
Parmotrema crinitum,(Ach.) M.Choisy,,Parmeliaceae,Lichen,r,Rare,,Flora,Plantae,non-vascular,,,
Sirophysalis trinodis,(Forsskal) Kutzing,three-node seaweed,Sargassaceae,Algae,r,Rare,,Flora,Plantae,non-vascular,,,
Teloschistes flavicans,(Sw.) Norm. ,golden-hair lichen,Teloschistaceae,Lichen,r,Rare,,Flora,Plantae,non-vascular,,,
Xanthoparmelia microphyllizans,Elix ,,Parmeliaceae,Lichen,r,Rare,,Flora,Plantae,non-vascular,,,
Xanthoparmelia oleosa,(Elix & P.Armstr.) Elix & T.H.Nash ,,Parmeliaceae,Lichen,r,Rare,,Flora,Plantae,non-vascular,,,
Galium antarcticum,Hook.f.,subantarctic bedstraw,Rubiaceae,Dicotyledonae,e,Endangered,CR,Flora,Plantae,vascular,,tmi,Tasmania Macquarie Island
Polystichum vestitum,(G.Forst.) C.Presl,prickly shieldfern,Dryopteridaceae,Pteridophyta,e,Endangered,,Flora,Plantae,vascular,,tmi,Tasmania Macquarie Island
Hypolepis distans,Hook.,scrambling groundfern,Dennstaedtiaceae,Pteridophyta,e,Endangered,EN,Flora,Plantae,vascular,,t,Tasmania
Bunodophoron notatum,(Tibell) Wedin,,Sphaerophoraceae,Lichen,e,Endangered,,Flora,Plantae,non-vascular,,t,Tasmania
Roccellinastrum neglectum,Henssen & Vobis,,Roccellinastraceae,Lichen,e,Endangered,,Flora,Plantae,non-vascular,,t,Tasmania
Poa cookii,(Hook.f.) Hook.f. ,cooks tussockgrass,Poaceae,Monocotyledonae,e,Endangered,,Flora,Plantae,vascular,,sa,sub-Antarctic Islands
Barbarea australis,Hook.f.,riverbed wintercress,Brassicaceae,Dicotyledonae,e,Endangered,EN,Flora,Plantae,vascular,,end,endemic Tasmania
Bertya tasmanica subsp. tasmanica,(Sond. & F.Muell.) Müll.Arg.,tasmanian bertya,Euphorbiaceae,Dicotyledonae,e,Endangered,EN,Flora,Plantae,vascular,,end,endemic Tasmania
Boronia hemichiton,Duretto,mt arthur boronia,Rutaceae,Dicotyledonae,e,Endangered,VU,Flora,Plantae,vascular,,end,endemic Tasmania
Caladenia anthracina,D.L.Jones,blacktip spider-orchid,Orchidaceae,Monocotyledonae,e,Endangered,CR,Flora,Plantae,vascular,,end,endemic Tasmania
Caladenia campbellii,D.L.Jones,thickstem fairy fingers,Orchidaceae,Monocotyledonae,e,Endangered,CR,Flora,Plantae,vascular,,end,endemic Tasmania
Caladenia dienema,D.L.Jones,windswept spider-orchid,Orchidaceae,Monocotyledonae,e,Endangered,EN,Flora,Plantae,vascular,,end,endemic Tasmania
Caladenia lindleyana,(Rchb.f.) M.A.Clem. & D.L.Jones,lindleys spider-orchid,Orchidaceae,Monocotyledonae,e,Endangered,CR,Flora,Plantae,vascular,,end,endemic Tasmania
Caladenia pallida,Lindl.,rosy spider-orchid,Orchidaceae,Monocotyledonae,e,Endangered,CR,Flora,Plantae,vascular,,end,endemic Tasmania
Caladenia saggicola,D.L.Jones,sagg spider-orchid,Orchidaceae,Monocotyledonae,e,Endangered,CR,Flora,Plantae,vascular,,end,endemic Tasmania
Caladenia sylvicola,D.L.Jones,forest fingers,Orchidaceae,Monocotyledonae,e,Endangered,CR,Flora,Plantae,vascular,,end,endemic Tasmania
Caladenia tonellii,D.L.Jones,robust fingers,Orchidaceae,Monocotyledonae,e,Endangered,CR,Flora,Plantae,vascular,,end,endemic Tasmania
Centrolepis pedderensis,W.M.Curtis,pedder bristlewort,Centrolepidaceae,Monocotyledonae,e,Endangered,EN,Flora,Plantae,vascular,,end,endemic Tasmania
Corunastylis brachystachya,(Lindl.) D.L.Jones & M.A.Clem.,shortspike midge-orchid,Orchidaceae,Monocotyledonae,e,Endangered,EN,Flora,Plantae,vascular,,end,endemic Tasmania
Corunastylis firthii,(L.Cady) D.L.Jones & M.A.Clem.,firths midge-orchid,Orchidaceae,Monocotyledonae,e,Endangered,CR,Flora,Plantae,vascular,,end,endemic Tasmania
Corunastylis nudiscapa,(Hook.f.) D.L.Jones & M.A.Clem.,bare midge-orchid,Orchidaceae,Monocotyledonae,e,Endangered,,Flora,Plantae,vascular,,end,endemic Tasmania
Craspedia preminghana,Rozefelds,preminghana billybuttons,Asteraceae,Dicotyledonae,e,Endangered,EN,Flora,Plantae,vascular,,end,endemic Tasmania
Diuris lanceolata,Lindl.,large golden moths,Orchidaceae,Monocotyledonae,e,Endangered,EN,Flora,Plantae,vascular,,end,endemic Tasmania
Epacris apsleyensis,Crowden,apsley heath,Ericaceae,Dicotyledonae,e,Endangered,EN,Flora,Plantae,vascular,,end,endemic Tasmania
Epacris barbata,Melville,bearded heath,Ericaceae,Dicotyledonae,e,Endangered,EN,Flora,Plantae,vascular,,end,endemic Tasmania
Epacris exserta,R.Br.,south esk heath,Ericaceae,Dicotyledonae,e,Endangered,EN,Flora,Plantae,vascular,,end,endemic Tasmania
Epacris glabella,Jarman,smooth heath,Ericaceae,Dicotyledonae,e,Endangered,EN,Flora,Plantae,vascular,,end,endemic Tasmania
Epacris grandis,Crowden,tall heath,Ericaceae,Dicotyledonae,e,Endangered,EN,Flora,Plantae,vascular,,end,endemic Tasmania
Epacris limbata,K.J.Williams & F.Duncan,bordered heath,Ericaceae,Dicotyledonae,e,Endangered,CR,Flora,Plantae,vascular,,end,endemic Tasmania
Epacris stuartii,Stapf,southport heath,Ericaceae,Dicotyledonae,e,Endangered,CR,Flora,Plantae,vascular,,end,endemic Tasmania
Eucalyptus gunnii subsp. divaricata,(McAulay & Brett) B.M.Potts,miena cider gum,Myrtaceae,Dicotyledonae,e,Endangered,EN,Flora,Plantae,vascular,,end,endemic Tasmania
Eucalyptus morrisbyi,Brett,morrisbys gum,Myrtaceae,Dicotyledonae,e,Endangered,EN,Flora,Plantae,vascular,,end,endemic Tasmania
Euphrasia amplidens,W.R.Barker,pieman eyebright,Orobanchaceae,Dicotyledonae,e,Endangered,,Flora,Plantae,vascular,,end,endemic Tasmania
Euphrasia fragosa,W.R.Barker,shy eyebright,Orobanchaceae,Dicotyledonae,e,Endangered,CR,Flora,Plantae,vascular,,end,endemic Tasmania
Euphrasia gibbsiae subsp. psilantherea,(F.Muell.) W.R.Barker,swamp eyebright,Orobanchaceae,Dicotyledonae,e,Endangered,CR,Flora,Plantae,vascular,,end,endemic Tasmania
Euphrasia semipicta,W.R.Barker,peninsula eyebright,Orobanchaceae,Dicotyledonae,e,Endangered,EN,Flora,Plantae,vascular,,end,endemic Tasmania
Euphrasia sp. Bivouac Bay,(W.R.Barker 7626 et al.) W.R. Barker,masked cliff-eyebright,Orobanchaceae,Dicotyledonae,e,Endangered,EN,Flora,Plantae,vascular,,end,endemic Tasmania
Hibbertia basaltica,A.M.Buchanan & Schah.,basalt guineaflower,Dilleniaceae,Dicotyledonae,e,Endangered,EN,Flora,Plantae,vascular,,end,endemic Tasmania
Lomatia tasmanica,W.M.Curtis,kings lomatia,Proteaceae,Dicotyledonae,e,Endangered,CR,Flora,Plantae,vascular,,end,endemic Tasmania
Ozothamnus floribundus,de Salas & Schmidt-Leb.,flowery everlastingbush,Asteraceae,Dicotyledonae,e,Endangered,,Flora,Plantae,vascular,,end,endemic Tasmania
Phebalium daviesii,Hook.f.,davies waxflower,Rutaceae,Dicotyledonae,e,Endangered,CR,Flora,Plantae,vascular,,end,endemic Tasmania
Philotheca freyciana,Rozefelds,freycinet waxflower,Rutaceae,Dicotyledonae,e,Endangered,EN,Flora,Plantae,vascular,,end,endemic Tasmania
Prasophyllum abblittiorum,P.A.Collier,pallid leek-orchid,Orchidaceae,Monocotyledonae,e,Endangered,,Flora,Plantae,vascular,,end,endemic Tasmania
Prasophyllum atratum,D.L.Jones,three hummock leek-orchid,Orchidaceae,Monocotyledonae,e,Endangered,CR,Flora,Plantae,vascular,,end,endemic Tasmania
Prasophyllum castaneum,D.L.Jones,chestnut leek-orchid,Orchidaceae,Monocotyledonae,e,Endangered,CR,Flora,Plantae,vascular,,end,endemic Tasmania
Prasophyllum crebriflorum,D.L.Jones,crowded leek-orchid,Orchidaceae,Monocotyledonae,e,Endangered,EN,Flora,Plantae,vascular,,end,endemic Tasmania
Prasophyllum favonium,D.L.Jones,western leek-orchid,Orchidaceae,Monocotyledonae,e,Endangered,CR,Flora,Plantae,vascular,,end,endemic Tasmania
Prasophyllum incorrectum,D.L.Jones,golfers leek-orchid,Orchidaceae,Monocotyledonae,e,Endangered,CR,Flora,Plantae,vascular,,end,endemic Tasmania
Prasophyllum limnetes,D.L.Jones,marsh leek-orchid,Orchidaceae,Monocotyledonae,e,Endangered,CR,Flora,Plantae,vascular,,end,endemic Tasmania
Prasophyllum milfordense,D.L.Jones,milford leek-orchid,Orchidaceae,Monocotyledonae,e,Endangered,CR,Flora,Plantae,vascular,,end,endemic Tasmania
Prasophyllum olidum,D.L.Jones,pungent leek-orchid,Orchidaceae,Monocotyledonae,e,Endangered,CR,Flora,Plantae,vascular,,end,endemic Tasmania
Prasophyllum perangustum,D.L.Jones,knocklofty leek-orchid,Orchidaceae,Monocotyledonae,e,Endangered,CR,Flora,Plantae,vascular,,end,endemic Tasmania
Prasophyllum pulchellum,D.L.Jones,pretty leek-orchid,Orchidaceae,Monocotyledonae,e,Endangered,CR,Flora,Plantae,vascular,,end,endemic Tasmania
Prasophyllum robustum,(Nicholls) M.A. Clem. & D.L.Jones,robust leek-orchid,Orchidaceae,Monocotyledonae,e,Endangered,CR,Flora,Plantae,vascular,,end,endemic Tasmania
Prasophyllum secutum,D.L.Jones,northern leek-orchid,Orchidaceae,Monocotyledonae,e,Endangered,EN,Flora,Plantae,vascular,,end,endemic Tasmania
Prasophyllum sp. Arthurs Lake,(R.Smith DLJ11363) Tas Herbarium,mountain leek-orchid,Orchidaceae,Monocotyledonae,e,Endangered,,Flora,Plantae,vascular,,end,endemic Tasmania
Prasophyllum stellatum,D.L.Jones,ben lomond leek-orchid,Orchidaceae,Monocotyledonae,e,Endangered,CR,Flora,Plantae,vascular,,end,endemic Tasmania
Prasophyllum taphanyx,D.L.Jones,graveside leek-orchid,Orchidaceae,Monocotyledonae,e,Endangered,CR,Flora,Plantae,vascular,,end,endemic Tasmania
Prasophyllum tunbridgense,D.L.Jones,tunbridge leek-orchid,Orchidaceae,Monocotyledonae,e,Endangered,EN,Flora,Plantae,vascular,,end,endemic Tasmania
Pterostylis commutata,D.L.Jones,midlands greenhood,Orchidaceae,Monocotyledonae,e,Endangered,CR,Flora,Plantae,vascular,,end,endemic Tasmania
Pterostylis rubenachii,D.L.Jones,arthur river greenhood,Orchidaceae,Monocotyledonae,e,Endangered,EN,Flora,Plantae,vascular,,end,endemic Tasmania
Pterostylis wapstrarum,D.L.Jones,fleshy greenhood,Orchidaceae,Monocotyledonae,e,Endangered,CR,Flora,Plantae,vascular,,end,endemic Tasmania
Ranunculus prasinus,Menadue,midlands buttercup,Ranunculaceae,Dicotyledonae,e,Endangered,EN,Flora,Plantae,vascular,,end,endemic Tasmania
Sagina diemensis,L.G.Adams,tasmanian pearlwort,Caryophyllaceae,Dicotyledonae,e,Endangered,EN,Flora,Plantae,vascular,,end,endemic Tasmania
Stonesiella selaginoides,(Hook.f.) Crisp & P.H.Weston,clubmoss bushpea,Fabaceae,Dicotyledonae,e,Endangered,EN,Flora,Plantae,vascular,,end,endemic Tasmania
Tetratheca gunnii,Hook.f.,shy pinkbells,Elaeocarpaceae,Dicotyledonae,e,Endangered,CR,Flora,Plantae,vascular,,end,endemic Tasmania
Thelymitra jonesii,Jeanes,skyblue sun-orchid,Orchidaceae,Monocotyledonae,e,Endangered,EN,Flora,Plantae,vascular,,end,endemic Tasmania
Thynninorchis nothofagicola,(D.L.Jones) D.L.Jones & M.A.Clem.,myrtle elbow orchid,Orchidaceae,Monocotyledonae,e,Endangered,CR,Flora,Plantae,vascular,,end,endemic Tasmania
Austroparmelina pallida,(Elix & Kantvilas) Kantvilas & Divakar,,Parmeliaceae,Lichen,e,Endangered,,Flora,Plantae,non-vascular,,end,endemic Tasmania
Menegazzia minuta,P.James & Kantvilas,,Parmeliaceae,Lichen,e,Endangered,,Flora,Plantae,non-vascular,,end,endemic Tasmania
Azorella macquariensis,Orchard,macquarie cushions,Apiaceae,Dicotyledonae,e,Endangered,CR,Flora,Plantae,vascular,,eMI,endemic Macquarie Island
Corybas sulcatus,(M.A.Clem. & D.L.Jones) G.N.Backh.,grooved helmet-orchid,Orchidaceae,Monocotyledonae,e,Endangered,CR,Flora,Plantae,vascular,,eMI,endemic Macquarie Island
Alternanthera denticulata,R.Br.,lesser joyweed,Amaranthaceae,Dicotyledonae,e,Endangered,,Flora,Plantae,vascular,,,
Amphibromus macrorhinus,S.W.L.Jacobs & L.Lapinpuro,longnose swampgrass,Poaceae,Monocotyledonae,e,Endangered,,Flora,Plantae,vascular,,,
Asplenium hookerianum,Colenso,maidenhair spleenwort,Aspleniaceae,Pteridophyta,e,Endangered,VU,Flora,Plantae,vascular,,,
Blechnum neohollandicum,Christenh.,prickly raspfern,Blechnaceae,Pteridophyta,e,Endangered,,Flora,Plantae,vascular,,,
Blechnum spinulosum,Poir.,small raspfern,Blechnaceae,Pteridophyta,e,Endangered,,Flora,Plantae,vascular,,,
Bossiaea heterophylla,Vent.,variable bossia,Fabaceae,Dicotyledonae,e,Endangered,,Flora,Plantae,vascular,,,
Caladenia aurantiaca,(R.S.Rogers) Rupp,orangetip fingers,Orchidaceae,Monocotyledonae,e,Endangered,,Flora,Plantae,vascular,,,
Caladenia australis,G.W.Carr,southern spider-orchid,Orchidaceae,Monocotyledonae,e,Endangered,,Flora,Plantae,vascular,,,
Caladenia brachyscapa,G.W.Carr,short spider-orchid,Orchidaceae,Monocotyledonae,e,Endangered,EX,Flora,Plantae,vascular,,,
Caladenia congesta,R.Br.,blacktongue finger-orchid,Orchidaceae,Monocotyledonae,e,Endangered,,Flora,Plantae,vascular,,,
Caladenia prolata,D.L.Jones,white fingers,Orchidaceae,Monocotyledonae,e,Endangered,,Flora,Plantae,vascular,,,
Calochilus campestris,R.Br.,copper beard-orchid,Orchidaceae,Monocotyledonae,e,Endangered,,Flora,Plantae,vascular,,,
Calystegia marginata,R.Br. ,forest bindweed,Convolvulaceae,Dicotyledonae,e,Endangered,,Flora,Plantae,vascular,,,
Cassinia rugata,N.G.Walsh,wrinkled dollybush,Asteraceae,Dicotyledonae,e,Endangered,VU,Flora,Plantae,vascular,,,
Cheilanthes distans,(R.Br.) Mett.,bristly rockfern,Adiantaceae,Pteridophyta,e,Endangered,,Flora,Plantae,vascular,,,
Chiloglottis trapeziformis,Fitzg.,broadlip bird-orchid,Orchidaceae,Monocotyledonae,e,Endangered,,Flora,Plantae,vascular,,,
Chiloglottis valida,D.L.Jones,large bird-orchid,Orchidaceae,Monocotyledonae,e,Endangered,,Flora,Plantae,vascular,,,
Chorizandra enodis,Nees,black bristlesedge,Cyperaceae,Monocotyledonae,e,Endangered,,Flora,Plantae,vascular,,,
Corunastylis morrisii,(Nicholls) D.L.Jones & M.A.Clem.,bearded midge-orchid,Orchidaceae,Monocotyledonae,e,Endangered,,Flora,Plantae,vascular,,,
Corybas fordhamii,(Rupp) Rupp,swamp pelican-orchid,Orchidaceae,Monocotyledonae,e,Endangered,,Flora,Plantae,vascular,,,
Cryptandra amara,Sm.,pretty pearlflower,Rhamnaceae,Dicotyledonae,e,Endangered,,Flora,Plantae,vascular,,,
Cryptostylis leptochila,F.Muell. ex Benth.,small tongue-orchid,Orchidaceae,Monocotyledonae,e,Endangered,,Flora,Plantae,vascular,,,
Cyathea cunninghamii,Hook.f.,slender treefern,Cyatheaceae,Pteridophyta,e,Endangered,,Flora,Plantae,vascular,,,
Cyathea x marcescens,N.A.Wakef.,skirted treefern,Cyatheaceae,Pteridophyta,e,Endangered,,Flora,Plantae,vascular,,,
Desmodium varians,(Labill.) G.Don,slender ticktrefoil,Fabaceae,Dicotyledonae,e,Endangered,,Flora,Plantae,vascular,,,
Discaria pubescens,(Brongn.) Druce,spiky anchorplant,Rhamnaceae,Dicotyledonae,e,Endangered,,Flora,Plantae,vascular,,,
Diuris palustris,Lindl.,swamp doubletail,Orchidaceae,Monocotyledonae,e,Endangered,,Flora,Plantae,vascular,,,
Euphrasia collina subsp. tetragona,(R.Br.) W.R.Barker ,northcoast eyebright,Orobanchaceae,Dicotyledonae,e,Endangered,,Flora,Plantae,vascular,,,
Euphrasia scabra,R.Br.,yellow eyebright,Orobanchaceae,Dicotyledonae,e,Endangered,,Flora,Plantae,vascular,,,
Gompholobium ecostatum,Kuchel,dwarf wedgepea,Fabaceae,Dicotyledonae,e,Endangered,,Flora,Plantae,vascular,,,
Goodenia geniculata,R.Br.,bent native-primrose,Goodeniaceae,Dicotyledonae,e,Endangered,,Flora,Plantae,vascular,,,
Hardenbergia violacea,(Schneev.) Stearn,purple coralpea,Fabaceae,Dicotyledonae,e,Endangered,,Flora,Plantae,vascular,,,
Hyalosperma demissum,(A.Gray) Paul G.Wilson,moss sunray,Asteraceae,Dicotyledonae,e,Endangered,,Flora,Plantae,vascular,,,
Hydrocotyle laxiflora,DC.,stinking pennywort,Araliaceae,Dicotyledonae,e,Endangered,,Flora,Plantae,vascular,,,
Lepidium hyssopifolium,Desv.,soft peppercress,Brassicaceae,Dicotyledonae,e,Endangered,EN,Flora,Plantae,vascular,,,
Leptorhynchos elongatus,DC.,lanky buttons,Asteraceae,Dicotyledonae,e,Endangered,,Flora,Plantae,vascular,,,
Leucochrysum albicans subsp. tricolor ,(DC.) N.G.Walsh,grassland paperdaisy,Asteraceae,Dicotyledonae,e,Endangered,EN,Flora,Plantae,vascular,,,
Lycopus australis,R.Br.,australian gypsywort,Lamiaceae,Dicotyledonae,e,Endangered,,Flora,Plantae,vascular,,,
Mentha australis,R.Br.,river mint,Lamiaceae,Dicotyledonae,e,Endangered,,Flora,Plantae,vascular,,,
Millotia muelleri,(Sond.) P.S.Short,clustered bowflower,Asteraceae,Dicotyledonae,e,Endangered,,Flora,Plantae,vascular,,,
Myosurus australis,F.Muell.,southern mousetail,Ranunculaceae,Dicotyledonae,e,Endangered,,Flora,Plantae,vascular,,,
Persicaria subsessilis,(R.Br.) K.L.Wilson,bristly waterpepper,Polygonaceae,Dicotyledonae,e,Endangered,,Flora,Plantae,vascular,,,
Pimelea axiflora subsp. axiflora,F.Muell. ex Meisn.,bootlace bush,Thymelaeaceae,Dicotyledonae,e,Endangered,,Flora,Plantae,vascular,,,
Pimelea sp. Tunbridge,(A.Moscal 9026) Tas Herbarium,grassland riceflower,Thymelaeaceae,Dicotyledonae,e,Endangered,,Flora,Plantae,vascular,,,
Pneumatopteris pennigera,(G.Forst.) Holttum,lime fern,Thelypteridaceae,Pteridophyta,e,Endangered,,Flora,Plantae,vascular,,,
Polyscias sp. Douglas-Denison,(R.B.Schahinger HO 526133) Tas. Herbarium,ferny panax,Araliaceae,Dicotyledonae,e,Endangered,,Flora,Plantae,vascular,,,
Pterostylis cucullata subsp. cucullata,R.Br.,leafy greenhood,Orchidaceae,Monocotyledonae,e,Endangered,VU,Flora,Plantae,vascular,,,
Pterostylis falcata,R.S.Rogers,sickle greenhood,Orchidaceae,Monocotyledonae,e,Endangered,,Flora,Plantae,vascular,,,
Pterostylis lustra,D.L.Jones,small sickle greenhood,Orchidaceae,Monocotyledonae,e,Endangered,,Flora,Plantae,vascular,,,
Pterostylis tunstallii,D.L.Jones & M.A.Clem.,tunstalls greenhood,Orchidaceae,Monocotyledonae,e,Endangered,,Flora,Plantae,vascular,,,
Ranunculus diminutus,B.G.Briggs,brackish buttercup,Ranunculaceae,Dicotyledonae,e,Endangered,,Flora,Plantae,vascular,,,
Rhytidosporum inconspicuum,"L.W.Cayzer, Crisp & I.Telford ",alpine appleberry,Pittosporaceae,Dicotyledonae,e,Endangered,,Flora,Plantae,vascular,,,
Scaevola aemula,R.Br.,fairy fanflower,Goodeniaceae,Dicotyledonae,e,Endangered,,Flora,Plantae,vascular,,,
Schoenus latelaminatus,Kük.,medusa bog sedge,Cyperaceae,Monocotyledonae,e,Endangered,,Flora,Plantae,vascular,,,
Senecio extensus,I.Thomps.,subalpine fireweed,Asteraceae,Dicotyledonae,e,Endangered,,Flora,Plantae,vascular,,,
Senecio psilocarpus,Belcher & Albr.,swamp fireweed,Asteraceae,Dicotyledonae,e,Endangered,VU,Flora,Plantae,vascular,,,
Solanum opacum,A.Braun & Bouché,greenberry nightshade,Solanaceae,Dicotyledonae,e,Endangered,,Flora,Plantae,vascular,,,
Spyridium eriocephalum var. eriocephalum,Fenzl,heath dustymiller,Rhamnaceae,Dicotyledonae,e,Endangered,,Flora,Plantae,vascular,,,
Stackhousia subterranea,W.R.Barker,grassland candles,Celastraceae,Dicotyledonae,e,Endangered,,Flora,Plantae,vascular,,,
Stenopetalum lineare,R.Br. ex DC.,narrow threadpetal,Brassicaceae,Dicotyledonae,e,Endangered,,Flora,Plantae,vascular,,,
Thelymitra antennifera,(Lindl.) Hook.f.,rabbit ears,Orchidaceae,Monocotyledonae,e,Endangered,,Flora,Plantae,vascular,,,
Thelymitra atronitida,Jeanes,blackhood sun-orchid,Orchidaceae,Monocotyledonae,e,Endangered,,Flora,Plantae,vascular,,,
Thelymitra benthamiana,Rchb.f.,blotched sun-orchid,Orchidaceae,Monocotyledonae,e,Endangered,,Flora,Plantae,vascular,,,
Thelymitra bracteata,J.Z.Weber ex Jeanes,leafy sun-orchid,Orchidaceae,Monocotyledonae,e,Endangered,,Flora,Plantae,vascular,,,
Thelymitra improcera,D.L.Jones & M.A.Clem.,coast sun-orchid,Orchidaceae,Monocotyledonae,e,Endangered,,Flora,Plantae,vascular,,,
Thelymitra inflata,Jeanes,inflated sun-orchid,Orchidaceae,Monocotyledonae,e,Endangered,,Flora,Plantae,vascular,,,
Thelymitra lucida,Jeanes,glistening sun-orchid,Orchidaceae,Monocotyledonae,e,Endangered,,Flora,Plantae,vascular,,,
Thelymitra malvina,"M.A.Clem., D.L.Jones & Molloy",mauvetuft sun-orchid,Orchidaceae,Monocotyledonae,e,Endangered,,Flora,Plantae,vascular,,,
Thelymitra mucida,Fitzg.,plum sun-orchid,Orchidaceae,Monocotyledonae,e,Endangered,,Flora,Plantae,vascular,,,
Triglochin mucronata,R.Br.,prickly arrowgrass,Juncaginaceae,Monocotyledonae,e,Endangered,,Flora,Plantae,vascular,,,
Veronica notabilis,F.Muell. ex Benth.,forest speedwell,Plantaginaceae,Dicotyledonae,e,Endangered,,Flora,Plantae,vascular,,,
Viminaria juncea,(Schrad. & J.Wendl.) Hoffmanns.,golden spray,Fabaceae,Dicotyledonae,e,Endangered,,Flora,Plantae,vascular,,,
Vittadinia australasica var. oricola,N.T.Burb.,coast new-holland-daisy,Asteraceae,Dicotyledonae,e,Endangered,,Flora,Plantae,vascular,,,
Wurmbea latifolia subsp. vanessae,R.J.Bates,broadleaf early nancy,Colchicaceae,Monocotyledonae,e,Endangered,,Flora,Plantae,vascular,,,
Zieria veronicea subsp. veronicea,(F.Muell.) Benth.,pink zieria,Rutaceae,Dicotyledonae,e,Endangered,,Flora,Plantae,vascular,,,
Erioderma sorediatum,D.J.Galloway & P.M.Jørg.,,Pannariaceae,Lichen,e,Endangered,,Flora,Plantae,non-vascular,,,
Xanthoparmelia amphixantha,(Müll.Arg.) Hale ,,Parmeliaceae,Lichen,e,Endangered,,Flora,Plantae,non-vascular,,,
Xanthoparmelia molliuscula,(Ach.) Hale,,Parmeliaceae,Lichen,e,Endangered,,Flora,Plantae,non-vascular,,,
Xanthoparmelia subloxodella,"(Elix & Kantvilas) O.Blanco, A.Crespo, Elix, D.Hawksw. & Lumbsch",,Parmeliaceae,Lichen,e,Endangered,,Flora,Plantae,non-vascular,,,
Xanthoparmelia willisii,(Kurok. & Filson) Elix & J.Johnst.,,Parmeliaceae,Lichen,e,Endangered,,Flora,Plantae,non-vascular,,,
