id,name,commonName,scientificName,lsid,dataResourceUid,kvpValues,status,sourceStatus,vernacular name,taxonRemarks,family
4029368,Dasyuroides byrnei,Kowari,Dasyuroides byrnei,https://biodiversity.org.au/afd/taxa/c342ff42-9ee4-41f6-8365-62b15c4d27f2,dr651,"[{'key': 'status', 'value': 'Vulnerable'}, {'key': 'sourceStatus', 'value': 'Vulnerable (extinct in NT)'}, {'key': 'vernacular name', 'value': 'Kowari'}, {'key': 'taxonRemarks', 'value': 'Mammal'}]",Vulnerable,Vulnerable (extinct in NT),Kowari,Mammal,
4029258,Phascogale calura,Red-tailed Phascogale,Phascogale calura,https://biodiversity.org.au/afd/taxa/36b436b1-3dc2-487d-8386-8bf3f3972e40,dr651,"[{'key': 'status', 'value': 'Vulnerable'}, {'key': 'sourceStatus', 'value': 'Vulnerable (extinct in NT)'}, {'key': 'vernacular name', 'value': 'Red-tailed phascogale'}, {'key': 'taxonRemarks', 'value': 'Mammal'}]",Vulnerable,Vulnerable (extinct in NT),Red-tailed phascogale,Mammal,
4029309,Pseudomys fieldi,Shark Bay Mouse,Pseudomys fieldi,https://biodiversity.org.au/afd/taxa/edcf01fa-7b87-4bfe-b8ae-8b1a4b08f777,dr651,"[{'key': 'status', 'value': 'Vulnerable'}, {'key': 'sourceStatus', 'value': 'Vulnerable (extinct in NT)'}, {'key': 'vernacular name', 'value': 'Shark Bay mouse'}, {'key': 'taxonRemarks', 'value': 'Mammal'}]",Vulnerable,Vulnerable (extinct in NT),Shark Bay mouse,Mammal,
4029399,Dasyurus geoffroii,Western Quoll,Dasyurus geoffroii,https://biodiversity.org.au/afd/taxa/a2260672-36df-48be-8a9e-d85a77237ba5,dr651,"[{'key': 'status', 'value': 'Vulnerable'}, {'key': 'sourceStatus', 'value': 'Vulnerable (extinct in NT)'}, {'key': 'vernacular name', 'value': 'Western quoll'}, {'key': 'taxonRemarks', 'value': 'Mammal'}]",Vulnerable,Vulnerable (extinct in NT),Western quoll,Mammal,
4029343,Acacia latzii,Latz's Wattle,Acacia latzii,https://id.biodiversity.org.au/node/apni/2906346,dr651,"[{'key': 'family', 'value': 'Fabaceae'}, {'key': 'status', 'value': 'Vulnerable'}, {'key': 'sourceStatus', 'value': 'Vulnerable'}, {'key': 'vernacular name', 'value': ""Latz's wattle""}]",Vulnerable,Vulnerable,Latz's wattle,,Fabaceae
4029274,Acacia praetermissa,A Shrub,Acacia praetermissa,https://id.biodiversity.org.au/node/apni/2894855,dr651,"[{'key': 'family', 'value': 'Fabaceae'}, {'key': 'status', 'value': 'Vulnerable'}, {'key': 'sourceStatus', 'value': 'Vulnerable'}]",Vulnerable,Vulnerable,,,Fabaceae
4029255,Acacia undoolyana,Undoolya Wattle,Acacia undoolyana,https://id.biodiversity.org.au/node/apni/2891259,dr651,"[{'key': 'family', 'value': 'Fabaceae'}, {'key': 'status', 'value': 'Vulnerable'}, {'key': 'sourceStatus', 'value': 'Vulnerable'}, {'key': 'vernacular name', 'value': 'Undoolya wattle'}]",Vulnerable,Vulnerable,Undoolya wattle,,Fabaceae
4029251,Actinotus schwarzii,Desert Flannel-flower,Actinotus schwarzii,https://id.biodiversity.org.au/node/apni/2911359,dr651,"[{'key': 'family', 'value': 'Apiaceae'}, {'key': 'status', 'value': 'Vulnerable'}, {'key': 'sourceStatus', 'value': 'Vulnerable'}, {'key': 'vernacular name', 'value': 'Flannel flower'}]",Vulnerable,Vulnerable,Flannel flower,,Apiaceae
4029248,Adiantum capillus-veneris,Dainty Maiden-hair,Adiantum capillus-veneris,https://id.biodiversity.org.au/node/apni/2887223,dr651,"[{'key': 'family', 'value': 'Pteridaceae'}, {'key': 'status', 'value': 'Vulnerable'}, {'key': 'sourceStatus', 'value': 'Vulnerable'}, {'key': 'vernacular name', 'value': 'Venus-hair fern'}]",Vulnerable,Vulnerable,Venus-hair fern,,Pteridaceae
4029326,Amperea spicata,,Amperea spicata,https://id.biodiversity.org.au/node/apni/2902691,dr651,"[{'key': 'family', 'value': 'Euphorbiaceae'}, {'key': 'status', 'value': 'Vulnerable'}, {'key': 'sourceStatus', 'value': 'Vulnerable'}]",Vulnerable,Vulnerable,,,Euphorbiaceae
4029406,Angiopteris evecta,Giant Fern,Angiopteris evecta,https://id.biodiversity.org.au/taxon/apni/51299822,dr651,"[{'key': 'family', 'value': 'Marattiaceae'}, {'key': 'status', 'value': 'Vulnerable'}, {'key': 'sourceStatus', 'value': 'Vulnerable'}]",Vulnerable,Vulnerable,,,Marattiaceae
4029240,Babingtonia behrii,Broom Baeckea,Hysterobaeckea behrii,https://id.biodiversity.org.au/taxon/apni/51311172,dr651,"[{'key': 'family', 'value': 'Myrtaceae'}, {'key': 'status', 'value': 'Vulnerable'}, {'key': 'sourceStatus', 'value': 'Vulnerable'}]",Vulnerable,Vulnerable,,,Myrtaceae
4029340,Bolbitis quoyana,,Bolbitis quoyana,https://id.biodiversity.org.au/node/apni/2919667,dr651,"[{'key': 'family', 'value': 'Dryopteridaceae'}, {'key': 'status', 'value': 'Vulnerable'}, {'key': 'sourceStatus', 'value': 'Vulnerable'}]",Vulnerable,Vulnerable,,,Dryopteridaceae
4029242,Boronia quadrilata,A Shrub,Boronia quadrilata,https://id.biodiversity.org.au/node/apni/2910582,dr651,"[{'key': 'family', 'value': 'Rutaceae'}, {'key': 'status', 'value': 'Vulnerable'}, {'key': 'sourceStatus', 'value': 'Vulnerable'}]",Vulnerable,Vulnerable,,,Rutaceae
4029271,Boronia viridiflora,A Shrub,Boronia viridiflora,https://id.biodiversity.org.au/node/apni/2920323,dr651,"[{'key': 'family', 'value': 'Rutaceae'}, {'key': 'status', 'value': 'Vulnerable'}, {'key': 'sourceStatus', 'value': 'Vulnerable'}]",Vulnerable,Vulnerable,,,Rutaceae
4029307,Calochilus caeruleus,Blue Beards,Calochilus caeruleus,https://id.biodiversity.org.au/taxon/apni/51400202,dr651,"[{'key': 'family', 'value': 'Orchidaceae'}, {'key': 'status', 'value': 'Vulnerable'}, {'key': 'sourceStatus', 'value': 'Vulnerable'}]",Vulnerable,Vulnerable,,,Orchidaceae
4029260,Carex fascicularis,Tassel Sedge,Carex fascicularis,https://id.biodiversity.org.au/node/apni/2911592,dr651,"[{'key': 'family', 'value': 'Cyperaceae'}, {'key': 'status', 'value': 'Vulnerable'}, {'key': 'sourceStatus', 'value': 'Vulnerable'}]",Vulnerable,Vulnerable,,,Cyperaceae
4029311,Clematis decipiens,,Clematis decipiens,https://id.biodiversity.org.au/node/apni/2918065,dr651,"[{'key': 'family', 'value': 'Ranunculaceae'}, {'key': 'status', 'value': 'Vulnerable'}, {'key': 'sourceStatus', 'value': 'Vulnerable'}]",Vulnerable,Vulnerable,,,Ranunculaceae
4029345,Cleome insolata,,Cleome insolata,https://id.biodiversity.org.au/node/apni/2907244,dr651,"[{'key': 'family', 'value': 'Cleomaceae'}, {'key': 'status', 'value': 'Vulnerable'}, {'key': 'sourceStatus', 'value': 'Vulnerable'}]",Vulnerable,Vulnerable,,,Cleomaceae
4029344,Crepidium marsupichilum,,Dienia marsupichila,https://id.biodiversity.org.au/taxon/apni/51403327,dr651,"[{'key': 'family', 'value': 'Orchidaceae'}, {'key': 'status', 'value': 'Vulnerable'}, {'key': 'sourceStatus', 'value': 'Vulnerable'}]",Vulnerable,Vulnerable,,,Orchidaceae
4029374,Cycas armstrongii,Zamia Palm,Cycas armstrongii,https://id.biodiversity.org.au/node/apni/2915194,dr651,"[{'key': 'family', 'value': 'Cycadaceae'}, {'key': 'status', 'value': 'Vulnerable'}, {'key': 'sourceStatus', 'value': 'Vulnerable'}]",Vulnerable,Vulnerable,,,Cycadaceae
4029254,Dendromyza reinwardtiana,Climbing Mistletoe,Dendromyza reinwardtiana,https://id.biodiversity.org.au/node/apni/2894610,dr651,"[{'key': 'family', 'value': 'Santalaceae'}, {'key': 'status', 'value': 'Vulnerable'}, {'key': 'sourceStatus', 'value': 'Vulnerable'}]",Vulnerable,Vulnerable,,,Santalaceae
4029426,Dienia montana,,Dienia montana,https://id.biodiversity.org.au/taxon/apni/51403329,dr651,"[{'key': 'family', 'value': 'Orchidaceae'}, {'key': 'status', 'value': 'Vulnerable'}, {'key': 'sourceStatus', 'value': 'Vulnerable'}]",Vulnerable,Vulnerable,,,Orchidaceae
4029389,Eleocharis papillosa,Dwarf Desert Spike-rush,Eleocharis papillosa,https://id.biodiversity.org.au/node/apni/2901498,dr651,"[{'key': 'family', 'value': 'Cyperaceae'}, {'key': 'status', 'value': 'Vulnerable'}, {'key': 'sourceStatus', 'value': 'Vulnerable'}, {'key': 'vernacular name', 'value': 'Dwarf desert spike-rush'}]",Vulnerable,Vulnerable,Dwarf desert spike-rush,,Cyperaceae
4029303,Endiandra limnophila,,Endiandra limnophila,https://id.biodiversity.org.au/node/apni/2886490,dr651,"[{'key': 'family', 'value': 'Lauraceae'}, {'key': 'status', 'value': 'Vulnerable'}, {'key': 'sourceStatus', 'value': 'Vulnerable'}]",Vulnerable,Vulnerable,,,Lauraceae
4029421,Freycinetia excelsa,Pandanus Vine,Freycinetia excelsa,https://id.biodiversity.org.au/node/apni/2910420,dr651,"[{'key': 'family', 'value': 'Pandanaceae'}, {'key': 'status', 'value': 'Vulnerable'}, {'key': 'sourceStatus', 'value': 'Vulnerable'}]",Vulnerable,Vulnerable,,,Pandanaceae
4029427,Freycinetia percostata,Veiny Climbing-pandan,Freycinetia percostata,https://id.biodiversity.org.au/node/apni/2893718,dr651,"[{'key': 'family', 'value': 'Pandanaceae'}, {'key': 'status', 'value': 'Vulnerable'}, {'key': 'sourceStatus', 'value': 'Vulnerable'}]",Vulnerable,Vulnerable,,,Pandanaceae
4029246,Gleichenia sp. Victoria River,,Gleichenia sp. Victoria River,ALA_DR651_28,dr651,"[{'key': 'family', 'value': 'Gleicheniaceae'}, {'key': 'status', 'value': 'Vulnerable'}, {'key': 'sourceStatus', 'value': 'Vulnerable'}]",Vulnerable,Vulnerable,,,Gleicheniaceae
4029330,Hibbertia brennanii,,Hibbertia brennanii,https://id.biodiversity.org.au/node/apni/2915156,dr651,"[{'key': 'family', 'value': 'Dilleniaceae'}, {'key': 'status', 'value': 'Vulnerable'}, {'key': 'sourceStatus', 'value': 'Vulnerable'}]",Vulnerable,Vulnerable,,,Dilleniaceae
4029268,Hibbertia pancerea,,Hibbertia pancerea,https://id.biodiversity.org.au/node/apni/2911606,dr651,"[{'key': 'family', 'value': 'Dilleniaceae'}, {'key': 'status', 'value': 'Vulnerable'}, {'key': 'sourceStatus', 'value': 'Vulnerable'}]",Vulnerable,Vulnerable,,,Dilleniaceae
4029352,Hibbertia sp. South Magela,,Hibbertia sp. South Magela,ALA_DR651_31,dr651,"[{'key': 'family', 'value': 'Dilleniaceae'}, {'key': 'status', 'value': 'Vulnerable'}, {'key': 'sourceStatus', 'value': 'Vulnerable'}]",Vulnerable,Vulnerable,,,Dilleniaceae
4029236,Hibbertia tricornis,,Hibbertia tricornis,https://id.biodiversity.org.au/node/apni/2908435,dr651,"[{'key': 'family', 'value': 'Dilleniaceae'}, {'key': 'status', 'value': 'Vulnerable'}, {'key': 'sourceStatus', 'value': 'Vulnerable'}]",Vulnerable,Vulnerable,,,Dilleniaceae
4029388,Hibiscus brennanii,A Shrub,Hibiscus brennanii,https://id.biodiversity.org.au/node/apni/2904802,dr651,"[{'key': 'family', 'value': 'Malvaceae'}, {'key': 'status', 'value': 'Vulnerable'}, {'key': 'sourceStatus', 'value': 'Vulnerable'}]",Vulnerable,Vulnerable,,,Malvaceae
4029270,Hibiscus cravenii,,Hibiscus cravenii,https://id.biodiversity.org.au/node/apni/2920192,dr651,"[{'key': 'family', 'value': 'Malvaceae'}, {'key': 'status', 'value': 'Vulnerable'}, {'key': 'sourceStatus', 'value': 'Vulnerable'}]",Vulnerable,Vulnerable,,,Malvaceae
4029249,Hoya australis subsp. oramicola,,Hoya australis subsp. oramicola,https://id.biodiversity.org.au/node/apni/2900009,dr651,"[{'key': 'family', 'value': 'Apocynaceae'}, {'key': 'status', 'value': 'Vulnerable'}, {'key': 'sourceStatus', 'value': 'Vulnerable'}]",Vulnerable,Vulnerable,,,Apocynaceae
4029312,Jacksonia divisa,,Jacksonia divisa,https://id.biodiversity.org.au/node/apni/2912033,dr651,"[{'key': 'family', 'value': 'Fabaceae'}, {'key': 'status', 'value': 'Vulnerable'}, {'key': 'sourceStatus', 'value': 'Vulnerable'}]",Vulnerable,Vulnerable,,,Fabaceae
4029284,Lithomyrtus linariifolia,,Lithomyrtus linariifolia,https://id.biodiversity.org.au/node/apni/2917278,dr651,"[{'key': 'family', 'value': 'Myrtaceae'}, {'key': 'status', 'value': 'Vulnerable'}, {'key': 'sourceStatus', 'value': 'Vulnerable'}]",Vulnerable,Vulnerable,,,Myrtaceae
4029425,Luisia corrugata,,Luisia corrugata,https://id.biodiversity.org.au/taxon/apni/51406497,dr651,"[{'key': 'family', 'value': 'Orchidaceae'}, {'key': 'status', 'value': 'Vulnerable'}, {'key': 'sourceStatus', 'value': 'Vulnerable'}]",Vulnerable,Vulnerable,,,Orchidaceae
4029349,Mapania macrocephala,,Mapania macrocephala,https://id.biodiversity.org.au/node/apni/2894101,dr651,"[{'key': 'family', 'value': 'Cyperaceae'}, {'key': 'status', 'value': 'Vulnerable'}, {'key': 'sourceStatus', 'value': 'Vulnerable'}]",Vulnerable,Vulnerable,,,Cyperaceae
4029380,Minuria tridens,Minnie Daisy,Minuria tridens,https://id.biodiversity.org.au/node/apni/2893755,dr651,"[{'key': 'family', 'value': 'Asteraceae'}, {'key': 'status', 'value': 'Vulnerable'}, {'key': 'sourceStatus', 'value': 'Vulnerable'}]",Vulnerable,Vulnerable,,,Asteraceae
4029393,Mitrella tiwiensis,A Vine,Mitrella tiwiensis,https://id.biodiversity.org.au/node/apni/2898128,dr651,"[{'key': 'family', 'value': 'Annonaceae'}, {'key': 'status', 'value': 'Vulnerable'}, {'key': 'sourceStatus', 'value': 'Vulnerable'}]",Vulnerable,Vulnerable,,,Annonaceae
4029394,Monochoria hastata,Arrow-leaved Monochoria,Monochoria hastata,https://id.biodiversity.org.au/node/apni/2894614,dr651,"[{'key': 'family', 'value': 'Pontederiaceae'}, {'key': 'status', 'value': 'Vulnerable'}, {'key': 'sourceStatus', 'value': 'Vulnerable'}]",Vulnerable,Vulnerable,,,Pontederiaceae
4029365,Platysace saxatilis,,Platysace saxatilis,https://id.biodiversity.org.au/node/apni/2895508,dr651,"[{'key': 'family', 'value': 'Apiaceae'}, {'key': 'status', 'value': 'Vulnerable'}, {'key': 'sourceStatus', 'value': 'Vulnerable'}]",Vulnerable,Vulnerable,,,Apiaceae
4029273,Prostanthera schultzii,,Prostanthera schultzii,https://id.biodiversity.org.au/node/apni/2897067,dr651,"[{'key': 'family', 'value': 'Lamiaceae'}, {'key': 'status', 'value': 'Vulnerable'}, {'key': 'sourceStatus', 'value': 'Vulnerable'}]",Vulnerable,Vulnerable,,,Lamiaceae
4029409,Pternandra coerulescens,Cursed Shade,Pternandra coerulescens,https://id.biodiversity.org.au/node/apni/2899959,dr651,"[{'key': 'family', 'value': 'Melastomataceae'}, {'key': 'status', 'value': 'Vulnerable'}, {'key': 'sourceStatus', 'value': 'Vulnerable'}]",Vulnerable,Vulnerable,,,Melastomataceae
4029229,Santalum acuminatum,Sandalwood,Santalum acuminatum,https://id.biodiversity.org.au/node/apni/2890993,dr651,"[{'key': 'family', 'value': 'Santalaceae'}, {'key': 'status', 'value': 'Vulnerable'}, {'key': 'sourceStatus', 'value': 'Vulnerable'}]",Vulnerable,Vulnerable,,,Santalaceae
4029262,Schoenus centralis,,Schoenus centralis,https://id.biodiversity.org.au/node/apni/2901784,dr651,"[{'key': 'family', 'value': 'Cyperaceae'}, {'key': 'status', 'value': 'Vulnerable'}, {'key': 'sourceStatus', 'value': 'Vulnerable'}]",Vulnerable,Vulnerable,,,Cyperaceae
4029361,Sporobolus latzii,,Sporobolus latzii,https://id.biodiversity.org.au/node/apni/2920531,dr651,"[{'key': 'family', 'value': 'Poaceae'}, {'key': 'status', 'value': 'Vulnerable'}, {'key': 'sourceStatus', 'value': 'Vulnerable'}]",Vulnerable,Vulnerable,,,Poaceae
4029379,Sticherus flabellatus,Umbrella Fern,Sticherus flabellatus,https://id.biodiversity.org.au/node/apni/2899429,dr651,"[{'key': 'family', 'value': 'Gleicheniaceae'}, {'key': 'status', 'value': 'Vulnerable'}, {'key': 'sourceStatus', 'value': 'Vulnerable'}]",Vulnerable,Vulnerable,,,Gleicheniaceae
4029407,Thrixspermum congestum,,Thrixspermum congestum,https://id.biodiversity.org.au/taxon/apni/51414479,dr651,"[{'key': 'family', 'value': 'Orchidaceae'}, {'key': 'status', 'value': 'Vulnerable'}, {'key': 'sourceStatus', 'value': 'Vulnerable'}]",Vulnerable,Vulnerable,,,Orchidaceae
4029291,Triodia sp. Matt Wilson,,Triodia sp. Matt Wilson,ALA_DR651_51,dr651,"[{'key': 'family', 'value': 'Poaceae'}, {'key': 'status', 'value': 'Vulnerable'}, {'key': 'sourceStatus', 'value': 'Vulnerable'}]",Vulnerable,Vulnerable,,,Poaceae
4029245,Typhonium praetermissum,,Typhonium praetermissum,https://id.biodiversity.org.au/node/apni/2896823,dr651,"[{'key': 'family', 'value': 'Araceae'}, {'key': 'status', 'value': 'Vulnerable'}, {'key': 'sourceStatus', 'value': 'Vulnerable'}]",Vulnerable,Vulnerable,,,Araceae
4029317,Typhonium sp. Sandover,,Typhonium sp. Sandover,ALA_DR651_53,dr651,"[{'key': 'family', 'value': 'Araceae'}, {'key': 'status', 'value': 'Vulnerable'}, {'key': 'sourceStatus', 'value': 'Vulnerable'}]",Vulnerable,Vulnerable,,,Araceae
4029381,Utricularia dunstaniae,,Utricularia dunstaniae,https://id.biodiversity.org.au/node/apni/2911169,dr651,"[{'key': 'family', 'value': 'Lentibulariaceae'}, {'key': 'status', 'value': 'Vulnerable'}, {'key': 'sourceStatus', 'value': 'Vulnerable'}]",Vulnerable,Vulnerable,,,Lentibulariaceae
4029238,Utricularia singeriana,,Utricularia singeriana,https://id.biodiversity.org.au/node/apni/2890385,dr651,"[{'key': 'family', 'value': 'Lentibulariaceae'}, {'key': 'status', 'value': 'Vulnerable'}, {'key': 'sourceStatus', 'value': 'Vulnerable'}]",Vulnerable,Vulnerable,,,Lentibulariaceae
4029290,Zeuxine oblonga,Common Jewel Orchid,Zeuxine oblonga,https://id.biodiversity.org.au/taxon/apni/51414589,dr651,"[{'key': 'family', 'value': 'Orchidaceae'}, {'key': 'status', 'value': 'Vulnerable'}, {'key': 'sourceStatus', 'value': 'Vulnerable'}]",Vulnerable,Vulnerable,,,Orchidaceae
4029334,Scortum neili,Angalarri Grunter,Scortum neili,https://biodiversity.org.au/afd/taxa/76740795-e9bf-4292-ac10-3e9459d1137d,dr651,"[{'key': 'status', 'value': 'Vulnerable'}, {'key': 'sourceStatus', 'value': 'Vulnerable'}, {'key': 'vernacular name', 'value': 'Angalarri grunter'}, {'key': 'taxonRemarks', 'value': 'Fish'}]",Vulnerable,Vulnerable,Angalarri grunter,Fish,
4029323,Hipposideros inornatus,Arnhem Leaf-nosed Bat,Hipposideros inornatus,https://biodiversity.org.au/afd/taxa/5d2dab40-ff9d-46d9-b31e-970b79bbc73b,dr651,"[{'key': 'status', 'value': 'Vulnerable'}, {'key': 'sourceStatus', 'value': 'Vulnerable'}, {'key': 'vernacular name', 'value': 'Arnhem leaf-nosed bat'}, {'key': 'taxonRemarks', 'value': 'Mammal'}]",Vulnerable,Vulnerable,Arnhem leaf-nosed bat,Mammal,
4029415,Zyzomys maini,Arnhem Rock-rat,Zyzomys maini,https://biodiversity.org.au/afd/taxa/3f638397-38b9-4bca-85f1-0c98430fdef4,dr651,"[{'key': 'status', 'value': 'Vulnerable'}, {'key': 'sourceStatus', 'value': 'Vulnerable'}, {'key': 'vernacular name', 'value': 'Arnhem rock-rat'}, {'key': 'taxonRemarks', 'value': 'Mammal'}]",Vulnerable,Vulnerable,Arnhem rock-rat,Mammal,
4029283,Attacus wardi,Atlas Moth,Attacus wardi,https://biodiversity.org.au/afd/taxa/8a05008e-53e8-4773-855a-43ac29cc6056,dr651,"[{'key': 'status', 'value': 'Vulnerable'}, {'key': 'sourceStatus', 'value': 'Vulnerable'}, {'key': 'vernacular name', 'value': 'Atlas moth'}, {'key': 'taxonRemarks', 'value': 'Invertebrate'}]",Vulnerable,Vulnerable,Atlas moth,Invertebrate,
4029247,Limosa lapponica baueri,Eastern Bar-tailed Godwit,Limosa lapponica baueri,https://biodiversity.org.au/afd/taxa/0ba19a99-7771-4774-a5fb-857cee1cc65f,dr651,"[{'key': 'status', 'value': 'Vulnerable'}, {'key': 'sourceStatus', 'value': 'Vulnerable'}, {'key': 'vernacular name', 'value': 'Bar-tailed godwit (western Alaskan)'}, {'key': 'taxonRemarks', 'value': 'Bird'}]",Vulnerable,Vulnerable,Bar-tailed godwit (western Alaskan),Bird,
4029357,Mesembriomys gouldii melvillensis,Black-footed Tree-rat (melville Island),Mesembriomys gouldii melvillensis,https://biodiversity.org.au/afd/taxa/403d09a5-c6a9-42bc-aa3f-6b4051b6fb24,dr651,"[{'key': 'status', 'value': 'Vulnerable'}, {'key': 'sourceStatus', 'value': 'Vulnerable'}, {'key': 'vernacular name', 'value': 'Black-footed tree-rat (Melville Island)'}, {'key': 'taxonRemarks', 'value': 'Mammal'}]",Vulnerable,Vulnerable,Black-footed tree-rat (Melville Island),Mammal,
4029239,Sminthopsis butleri,Butler's Dunnart,Sminthopsis butleri,https://biodiversity.org.au/afd/taxa/bb21f779-e593-4a8a-af2c-bde89ec2b944,dr651,"[{'key': 'status', 'value': 'Vulnerable'}, {'key': 'sourceStatus', 'value': 'Vulnerable'}, {'key': 'vernacular name', 'value': 'Butler’s dunnart'}, {'key': 'taxonRemarks', 'value': 'Mammal'}]",Vulnerable,Vulnerable,Butler’s dunnart,Mammal,
4029289,Ctenotus rimacola camptris,Crack-dwelling Ctenotus (keep-ord Rivers),Ctenotus rimacola camptris,https://biodiversity.org.au/afd/taxa/ef8aa425-5957-497b-9cdf-19cec857c388,dr651,"[{'key': 'status', 'value': 'Vulnerable'}, {'key': 'sourceStatus', 'value': 'Vulnerable'}, {'key': 'vernacular name', 'value': 'Crack-dwelling ctenotus (Keep-Ord Rivers)'}, {'key': 'taxonRemarks', 'value': 'Reptile'}]",Vulnerable,Vulnerable,Crack-dwelling ctenotus (Keep-Ord Rivers),Reptile,
4029259,Dasycercus cristicauda,Crest-tailed Mulgara,Dasycercus cristicauda,https://biodiversity.org.au/afd/taxa/469d7c2a-05e8-4fe4-b8da-ce0db1a351fd,dr651,"[{'key': 'status', 'value': 'Vulnerable'}, {'key': 'sourceStatus', 'value': 'Vulnerable'}, {'key': 'vernacular name', 'value': 'Crest-tailed mulgara'}, {'key': 'taxonRemarks', 'value': 'Mammal'}]",Vulnerable,Vulnerable,Crest-tailed mulgara,Mammal,
4029281,Pristis clavata,Dwarf Sawfish,Pristis clavata,https://biodiversity.org.au/afd/taxa/ff66381a-e641-437a-bd54-dcea9ee41a63,dr651,"[{'key': 'status', 'value': 'Vulnerable'}, {'key': 'sourceStatus', 'value': 'Vulnerable'}, {'key': 'vernacular name', 'value': 'Dwarf sawfish'}, {'key': 'taxonRemarks', 'value': 'Fish'}]",Vulnerable,Vulnerable,Dwarf sawfish,Fish,
4029267,Semotrachia elleryi,Ellery Creek Squat Snail,Semotrachia elleryi,https://biodiversity.org.au/afd/taxa/bd94ab00-b305-46ae-88f2-1a474e0a84d4,dr651,"[{'key': 'status', 'value': 'Vulnerable'}, {'key': 'sourceStatus', 'value': 'Vulnerable'}, {'key': 'vernacular name', 'value': 'Ellery Creek squat snail'}, {'key': 'taxonRemarks', 'value': 'Invertebrate'}]",Vulnerable,Vulnerable,Ellery Creek squat snail,Invertebrate,
4029306,Semotrachia emilia,Emily Gap Squat Snail,Semotrachia emilia,https://biodiversity.org.au/afd/taxa/22cf03a6-ed23-44e1-b13a-f109a11e3fc4,dr651,"[{'key': 'status', 'value': 'Vulnerable'}, {'key': 'sourceStatus', 'value': 'Vulnerable'}, {'key': 'vernacular name', 'value': 'Emily Gap squat snail'}, {'key': 'taxonRemarks', 'value': 'Invertebrate'}]",Vulnerable,Vulnerable,Emily Gap squat snail,Invertebrate,
4029350,Semotrachia filixiana,Fenn Gap Squat Snail,Semotrachia filixiana,https://biodiversity.org.au/afd/taxa/99b07e54-4353-4b1f-a54d-1cdec9d29f1f,dr651,"[{'key': 'status', 'value': 'Vulnerable'}, {'key': 'sourceStatus', 'value': 'Vulnerable'}, {'key': 'vernacular name', 'value': 'Fenn Gap squat snail'}, {'key': 'taxonRemarks', 'value': 'Invertebrate'}]",Vulnerable,Vulnerable,Fenn Gap squat snail,Invertebrate,
4029314,Chlamydogobius japalpa,Finke Goby,Chlamydogobius japalpa,https://biodiversity.org.au/afd/taxa/6281d866-d484-41b3-84e5-03adf670a976,dr651,"[{'key': 'status', 'value': 'Vulnerable'}, {'key': 'sourceStatus', 'value': 'Vulnerable'}, {'key': 'vernacular name', 'value': 'Finke goby'}, {'key': 'taxonRemarks', 'value': 'Fish'}]",Vulnerable,Vulnerable,Finke goby,Fish,
4029296,Granulomelon arcigerens,Finke Gorge Rocksnail,Granulomelon arcigerens,https://biodiversity.org.au/afd/taxa/f9c3e854-dfbd-496a-8030-2bdf8ddc933b,dr651,"[{'key': 'status', 'value': 'Vulnerable'}, {'key': 'sourceStatus', 'value': 'Vulnerable'}, {'key': 'vernacular name', 'value': 'Finke Gorge rocksnail'}, {'key': 'taxonRemarks', 'value': 'Invertebrate'}]",Vulnerable,Vulnerable,Finke Gorge rocksnail,Invertebrate,
4029413,Granulomelon gilleni,Gillen Creek Rocksnail,Granulomelon gilleni,https://biodiversity.org.au/afd/taxa/d7ea6325-0209-4214-ba59-6513dd8fb0cf,dr651,"[{'key': 'status', 'value': 'Vulnerable'}, {'key': 'sourceStatus', 'value': 'Vulnerable'}, {'key': 'vernacular name', 'value': 'Gillen Creek rocksnail'}, {'key': 'taxonRemarks', 'value': 'Invertebrate'}]",Vulnerable,Vulnerable,Gillen Creek rocksnail,Invertebrate,
4029355,Erythrura gouldiae,Gouldian Finch,Chloebia gouldiae,https://biodiversity.org.au/afd/taxa/27d27be2-4adb-407e-9f27-ee2d96164d18,dr651,"[{'key': 'status', 'value': 'Vulnerable'}, {'key': 'sourceStatus', 'value': 'Vulnerable'}, {'key': 'vernacular name', 'value': 'Gouldian finch'}, {'key': 'taxonRemarks', 'value': 'Bird'}]",Vulnerable,Vulnerable,Gouldian finch,Bird,
4029335,Liopholis kintorei,Tjakura,Liopholis kintorei,https://biodiversity.org.au/afd/taxa/08ac895d-b350-43d6-8810-65459a59f072,dr651,"[{'key': 'status', 'value': 'Vulnerable'}, {'key': 'sourceStatus', 'value': 'Vulnerable'}, {'key': 'vernacular name', 'value': 'Great desert skink'}, {'key': 'taxonRemarks', 'value': 'Reptile'}]",Vulnerable,Vulnerable,Great desert skink,Reptile,
4029277,Macrotis lagotis,Greater Bilby,Macrotis lagotis,https://biodiversity.org.au/afd/taxa/3814d122-c95f-467f-a3a2-2b269931b74f,dr651,"[{'key': 'status', 'value': 'Vulnerable'}, {'key': 'sourceStatus', 'value': 'Vulnerable'}, {'key': 'vernacular name', 'value': 'Greater bilby'}, {'key': 'taxonRemarks', 'value': 'Mammal'}]",Vulnerable,Vulnerable,Greater bilby,Mammal,
4029370,Charadrius leschenaultii,Greater Sand Plover,Charadrius (Charadrius) leschenaultii,https://biodiversity.org.au/afd/taxa/9aeef589-2845-4876-a57b-b62fcbc49275,dr651,"[{'key': 'status', 'value': 'Vulnerable'}, {'key': 'sourceStatus', 'value': 'Vulnerable'}, {'key': 'vernacular name', 'value': 'Greater sand plover'}, {'key': 'taxonRemarks', 'value': 'Bird'}]",Vulnerable,Vulnerable,Greater sand plover,Bird,
4029226,Pristis zijsron,Green Saw-fish,Pristis zijsron,https://biodiversity.org.au/afd/taxa/6de028ef-6fca-4209-bb12-c67d5d4a3e09,dr651,"[{'key': 'status', 'value': 'Vulnerable'}, {'key': 'sourceStatus', 'value': 'Vulnerable'}, {'key': 'vernacular name', 'value': 'Green sawfish'}, {'key': 'taxonRemarks', 'value': 'Fish'}]",Vulnerable,Vulnerable,Green sawfish,Fish,
4029331,Falco hypoleucos,Grey Falcon,Falco (Hierofalco) hypoleucos,https://biodiversity.org.au/afd/taxa/4c73a934-63ae-417d-af40-56a82ae68371,dr651,"[{'key': 'status', 'value': 'Vulnerable'}, {'key': 'sourceStatus', 'value': 'Vulnerable'}, {'key': 'vernacular name', 'value': 'Grey falcon'}, {'key': 'taxonRemarks', 'value': 'Bird'}]",Vulnerable,Vulnerable,Grey falcon,Bird,
4029272,Dirutrachia sublevata,Harts Range Knob-lip Snail,Dirutrachia sublevata,https://biodiversity.org.au/afd/taxa/75839d82-e427-4d46-a61f-b803e1728684,dr651,"[{'key': 'status', 'value': 'Vulnerable'}, {'key': 'sourceStatus', 'value': 'Vulnerable'}, {'key': 'vernacular name', 'value': 'Harts Range knob-lip snail'}, {'key': 'taxonRemarks', 'value': 'Invertebrate'}]",Vulnerable,Vulnerable,Harts Range knob-lip snail,Invertebrate,
4029327,Granulomelon grandituberculatum,Harts Range Rocksnail,Granulomelon grandituberculatum,https://biodiversity.org.au/afd/taxa/982fb884-7034-4503-806d-4c95ad9edf92,dr651,"[{'key': 'status', 'value': 'Vulnerable'}, {'key': 'sourceStatus', 'value': 'Vulnerable'}, {'key': 'vernacular name', 'value': 'Harts Range rocksnail'}, {'key': 'taxonRemarks', 'value': 'Invertebrate'}]",Vulnerable,Vulnerable,Harts Range rocksnail,Invertebrate,
4029225,Eretmochelys imbricata,Hawksbill Turtle,Eretmochelys imbricata,https://biodiversity.org.au/afd/taxa/96133221-771a-40d0-8368-ad428a55aaaa,dr651,"[{'key': 'status', 'value': 'Vulnerable'}, {'key': 'sourceStatus', 'value': 'Vulnerable'}, {'key': 'vernacular name', 'value': 'Hawksbill turtle'}, {'key': 'taxonRemarks', 'value': 'Reptile'}]",Vulnerable,Vulnerable,Hawksbill turtle,Reptile,
4029420,Divellomelon hillieri,Hillier's Keeled Snail,Divellomelon hillieri,https://biodiversity.org.au/afd/taxa/0db769ef-c73e-4eb9-9cae-75a00eb1092a,dr651,"[{'key': 'status', 'value': 'Vulnerable'}, {'key': 'sourceStatus', 'value': 'Vulnerable'}, {'key': 'vernacular name', 'value': ""Hillier's keeled snail""}, {'key': 'taxonRemarks', 'value': 'Invertebrate'}]",Vulnerable,Vulnerable,Hillier's keeled snail,Invertebrate,
4029279,Mirafra javanica melvillensis,Horsfield’s Bushlark (tiwi),Mirafra (Mirafra) javanica melvillensis,https://biodiversity.org.au/afd/taxa/9870b898-1858-464f-9a0f-39530a4a42ec,dr651,"[{'key': 'status', 'value': 'Vulnerable'}, {'key': 'sourceStatus', 'value': 'Vulnerable'}, {'key': 'vernacular name', 'value': 'Horsfield’s bushlark (Tiwi)'}, {'key': 'taxonRemarks', 'value': 'Bird'}]",Vulnerable,Vulnerable,Horsfield’s bushlark (Tiwi),Bird,
4029382,Uperoleia daviesae,Howard River Toadlet,Uperoleia daviesae,https://biodiversity.org.au/afd/taxa/6a2cbc44-60bb-4178-bd20-ee7c2f868a5c,dr651,"[{'key': 'status', 'value': 'Vulnerable'}, {'key': 'sourceStatus', 'value': 'Vulnerable'}, {'key': 'vernacular name', 'value': 'Howard River toadlet'}, {'key': 'taxonRemarks', 'value': 'Amphibian'}]",Vulnerable,Vulnerable,Howard River toadlet,Amphibian,
4029373,Semotrachia huckittana,Huckitta Ruins Squat Snail,Semotrachia huckittana,https://biodiversity.org.au/afd/taxa/aeaa8da0-146c-4688-b57f-30a460652e6d,dr651,"[{'key': 'status', 'value': 'Vulnerable'}, {'key': 'sourceStatus', 'value': 'Vulnerable'}, {'key': 'vernacular name', 'value': 'Huckitta Ruins squat snail'}, {'key': 'taxonRemarks', 'value': 'Invertebrate'}]",Vulnerable,Vulnerable,Huckitta Ruins squat snail,Invertebrate,
4029396,Semotrachia illarana,Illara Waterhole Squat Snail,Semotrachia illarana,https://biodiversity.org.au/afd/taxa/5588186f-227b-434e-a147-afa3e4d8452e,dr651,"[{'key': 'status', 'value': 'Vulnerable'}, {'key': 'sourceStatus', 'value': 'Vulnerable'}, {'key': 'vernacular name', 'value': 'Illara Waterhole squat snail'}, {'key': 'taxonRemarks', 'value': 'Invertebrate'}]",Vulnerable,Vulnerable,Illara Waterhole squat snail,Invertebrate,
4029265,Semotrachia jessieana,Jessie Gap Squat Snail,Semotrachia jessieana,https://biodiversity.org.au/afd/taxa/5858ce9a-800e-4b8d-a2fb-fb65e8961b3e,dr651,"[{'key': 'status', 'value': 'Vulnerable'}, {'key': 'sourceStatus', 'value': 'Vulnerable'}, {'key': 'vernacular name', 'value': 'Jessie Gap squat snail'}, {'key': 'taxonRemarks', 'value': 'Invertebrate'}]",Vulnerable,Vulnerable,Jessie Gap squat snail,Invertebrate,
4029232,Semotrachia jinkana,Jinka Spring Squat Snail,Semotrachia jinkana,https://biodiversity.org.au/afd/taxa/dc77ac41-d83c-44e0-b269-7139bb2c0662,dr651,"[{'key': 'status', 'value': 'Vulnerable'}, {'key': 'sourceStatus', 'value': 'Vulnerable'}, {'key': 'vernacular name', 'value': 'Jinka Spring squat snail'}, {'key': 'taxonRemarks', 'value': 'Invertebrate'}]",Vulnerable,Vulnerable,Jinka Spring squat snail,Invertebrate,
4029400,Semotrachia esau,Krichauff Ranges Snail,Semotrachia esau,https://biodiversity.org.au/afd/taxa/d0e65c91-8737-469d-ad02-69ef0b40185f,dr651,"[{'key': 'status', 'value': 'Vulnerable'}, {'key': 'sourceStatus', 'value': 'Vulnerable'}, {'key': 'vernacular name', 'value': 'Krichauff Ranges snail'}, {'key': 'taxonRemarks', 'value': 'Invertebrate'}]",Vulnerable,Vulnerable,Krichauff Ranges snail,Invertebrate,
4029377,Pristis pristis,Largetooth Sawfish,Pristis pristis,https://biodiversity.org.au/afd/taxa/4fc5aabd-2174-4c12-87ff-5e69007ecea2,dr651,"[{'key': 'status', 'value': 'Vulnerable'}, {'key': 'sourceStatus', 'value': 'Vulnerable'}, {'key': 'vernacular name', 'value': 'Largetooth sawfish'}, {'key': 'taxonRemarks', 'value': 'Fish'}]",Vulnerable,Vulnerable,Largetooth sawfish,Fish,
4029376,Caretta caretta,Loggerhead Turtle,Caretta caretta,https://biodiversity.org.au/afd/taxa/910b27e8-19c3-4194-b55a-fd95a80ccdf9,dr651,"[{'key': 'status', 'value': 'Vulnerable'}, {'key': 'sourceStatus', 'value': 'Vulnerable'}, {'key': 'vernacular name', 'value': 'Loggerhead turtle'}, {'key': 'taxonRemarks', 'value': 'Reptile'}]",Vulnerable,Vulnerable,Loggerhead turtle,Reptile,
4029418,Pingalla lorentzi,Lorentz Grunter,Pingalla lorentzi,https://biodiversity.org.au/afd/taxa/21f03177-b08e-45e0-a9bf-d550c592414b,dr651,"[{'key': 'status', 'value': 'Vulnerable'}, {'key': 'sourceStatus', 'value': 'Vulnerable'}, {'key': 'vernacular name', 'value': 'Lorentz grunter'}, {'key': 'taxonRemarks', 'value': 'Fish'}]",Vulnerable,Vulnerable,Lorentz grunter,Fish,
4029299,Tyto novaehollandiae kimberli,Masked Owl (northern Mainland),Tyto novaehollandiae kimberli,https://biodiversity.org.au/afd/taxa/d1a27333-c288-46d5-a034-f42920ddb1b8,dr651,"[{'key': 'status', 'value': 'Vulnerable'}, {'key': 'sourceStatus', 'value': 'Vulnerable'}, {'key': 'vernacular name', 'value': 'Masked owl (northern mainland)'}, {'key': 'taxonRemarks', 'value': 'Bird'}]",Vulnerable,Vulnerable,Masked owl (northern mainland),Bird,
4029358,Trochomorpha melvillensis,Melville Squat-keeled Snail,Trochomorpha melvillensis,https://biodiversity.org.au/afd/taxa/effb2b37-f9cf-4dfc-ad11-cfd530a66e0b,dr651,"[{'key': 'status', 'value': 'Vulnerable'}, {'key': 'sourceStatus', 'value': 'Vulnerable'}, {'key': 'vernacular name', 'value': 'Melville squat-keeled snail'}, {'key': 'taxonRemarks', 'value': 'Invertebrate'}]",Vulnerable,Vulnerable,Melville squat-keeled snail,Invertebrate,
4029237,Varanus mertensi,Mertens' Water Monitor,Varanus mertensi,https://biodiversity.org.au/afd/taxa/80775c81-177b-46f5-badb-1db904a06a21,dr651,"[{'key': 'status', 'value': 'Vulnerable'}, {'key': 'sourceStatus', 'value': 'Vulnerable'}, {'key': 'vernacular name', 'value': 'Merten’s water monitor'}, {'key': 'taxonRemarks', 'value': 'Reptile'}]",Vulnerable,Vulnerable,Merten’s water monitor,Reptile,
4029286,Varanus mitchelli,Mitchell's Water Monitor,Varanus mitchelli,https://biodiversity.org.au/afd/taxa/e95605b3-ef06-4a7e-9f58-f00196ba023f,dr651,"[{'key': 'status', 'value': 'Vulnerable'}, {'key': 'sourceStatus', 'value': 'Vulnerable'}, {'key': 'vernacular name', 'value': 'Mitchell’s water monitor'}, {'key': 'taxonRemarks', 'value': 'Reptile'}]",Vulnerable,Vulnerable,Mitchell’s water monitor,Reptile,
4029241,Notomys aquilo,Northern Hopping-mouse,Notomys aquilo,https://biodiversity.org.au/afd/taxa/6ac36ddd-54f5-4ab4-9ad4-1a5405307c26,dr651,"[{'key': 'status', 'value': 'Vulnerable'}, {'key': 'sourceStatus', 'value': 'Vulnerable'}, {'key': 'vernacular name', 'value': 'Northern hopping-mouse'}, {'key': 'taxonRemarks', 'value': 'Mammal'}]",Vulnerable,Vulnerable,Northern hopping-mouse,Mammal,
4029228,Simalia oenpelliensis,Oenpelli Python,Simalia oenpelliensis,https://biodiversity.org.au/afd/taxa/f5b75358-7204-40f9-9800-6f46c47ca546,dr651,"[{'key': 'status', 'value': 'Vulnerable'}, {'key': 'sourceStatus', 'value': 'Vulnerable'}, {'key': 'vernacular name', 'value': 'Oenpelli python'}, {'key': 'taxonRemarks', 'value': 'Reptile'}]",Vulnerable,Vulnerable,Oenpelli python,Reptile,
4029339,Lepidochelys olivacea,Olive Ridley,Lepidochelys olivacea,https://biodiversity.org.au/afd/taxa/9a977391-19d1-407a-b979-5d0fa4c49f32,dr651,"[{'key': 'status', 'value': 'Vulnerable'}, {'key': 'sourceStatus', 'value': 'Vulnerable'}, {'key': 'vernacular name', 'value': 'Olive ridley'}, {'key': 'taxonRemarks', 'value': 'Reptile'}]",Vulnerable,Vulnerable,Olive ridley,Reptile,
4029244,Grantiella picta,Painted Honeyeater,Grantiella picta,https://biodiversity.org.au/afd/taxa/6dad05af-065a-4b0f-ac18-ff00331a3f3e,dr651,"[{'key': 'status', 'value': 'Vulnerable'}, {'key': 'sourceStatus', 'value': 'Vulnerable'}, {'key': 'vernacular name', 'value': 'Painted honeyeater'}, {'key': 'taxonRemarks', 'value': 'Bird'}]",Vulnerable,Vulnerable,Painted honeyeater,Bird,
4029266,Rattus tunneyi,Pale Field-rat,Rattus tunneyi,https://biodiversity.org.au/afd/taxa/ee8f37fd-7222-411a-bb00-c121dd894db1,dr651,"[{'key': 'status', 'value': 'Vulnerable'}, {'key': 'sourceStatus', 'value': 'Vulnerable'}, {'key': 'vernacular name', 'value': 'Pale field-rat'}, {'key': 'taxonRemarks', 'value': 'Mammal'}]",Vulnerable,Vulnerable,Pale field-rat,Mammal,
4029302,Granulomelon squamulosum,Palm Valley Rocksnail,Granulomelon squamulosum,https://biodiversity.org.au/afd/taxa/d5078f1f-b697-4aa9-b8be-abe68eaab6c2,dr651,"[{'key': 'status', 'value': 'Vulnerable'}, {'key': 'sourceStatus', 'value': 'Vulnerable'}, {'key': 'vernacular name', 'value': 'Palm Valley rocksnail'}, {'key': 'taxonRemarks', 'value': 'Invertebrate'}]",Vulnerable,Vulnerable,Palm Valley rocksnail,Invertebrate,
4029253,Geophaps smithii smithii,Partridge Pidgeon (eastern),Geophaps (Geophaps) smithii smithii,https://biodiversity.org.au/afd/taxa/71feaa45-8cd2-4d09-968a-94baf51cdad6,dr651,"[{'key': 'status', 'value': 'Vulnerable'}, {'key': 'sourceStatus', 'value': 'Vulnerable'}, {'key': 'vernacular name', 'value': 'Partridge pidgeon (eastern)'}, {'key': 'taxonRemarks', 'value': 'Bird'}]",Vulnerable,Vulnerable,Partridge pidgeon (eastern),Bird,
4029320,Acanthophis hawkei,Plains Death Adder,Acanthophis hawkei,https://biodiversity.org.au/afd/taxa/c280fedf-63f2-4c5d-a4b4-ad6263dcaeba,dr651,"[{'key': 'status', 'value': 'Vulnerable'}, {'key': 'sourceStatus', 'value': 'Vulnerable'}, {'key': 'vernacular name', 'value': 'Plains death adder'}, {'key': 'taxonRemarks', 'value': 'Reptile'}]",Vulnerable,Vulnerable,Plains death adder,Reptile,
4029318,Polytelis alexandrae,Alexandra's Parrot,Polytelis alexandrae,https://biodiversity.org.au/afd/taxa/be7a08f5-387f-4156-91e2-77f0d3d09d8c,dr651,"[{'key': 'status', 'value': 'Vulnerable'}, {'key': 'sourceStatus', 'value': 'Vulnerable'}, {'key': 'vernacular name', 'value': 'Princess parrot'}, {'key': 'taxonRemarks', 'value': 'Bird'}]",Vulnerable,Vulnerable,Princess parrot,Bird,
4029325,Malurus coronatus coronatus,Purple-crowned Fairy-wren (western),Malurus (Malurus) coronatus coronatus,https://biodiversity.org.au/afd/taxa/13130ddb-b340-4197-a9e0-d565a63b4f2d,dr651,"[{'key': 'status', 'value': 'Vulnerable'}, {'key': 'sourceStatus', 'value': 'Vulnerable'}, {'key': 'vernacular name', 'value': 'Purple-crowned fairy-wren (western)'}, {'key': 'taxonRemarks', 'value': 'Bird'}]",Vulnerable,Vulnerable,Purple-crowned fairy-wren (western),Bird,
4029257,Tateropa aemula,Red Centre Pinwheel Snail,Tateropa aemula,https://biodiversity.org.au/afd/taxa/59e172cf-36c5-424f-8b77-0f983f7fb647,dr651,"[{'key': 'status', 'value': 'Vulnerable'}, {'key': 'sourceStatus', 'value': 'Vulnerable'}, {'key': 'vernacular name', 'value': 'Red Centre pinwheel snail'}, {'key': 'taxonRemarks', 'value': 'Invertebrate'}]",Vulnerable,Vulnerable,Red Centre pinwheel snail,Invertebrate,
4029367,Erythrotriorchis radiatus,Red Goshawk,Erythrotriorchis radiatus,https://biodiversity.org.au/afd/taxa/390a23b8-0097-4a2c-b068-283d2d4bd21f,dr651,"[{'key': 'status', 'value': 'Vulnerable'}, {'key': 'sourceStatus', 'value': 'Vulnerable'}, {'key': 'vernacular name', 'value': 'Red goshawk'}, {'key': 'taxonRemarks', 'value': 'Bird'}]",Vulnerable,Vulnerable,Red goshawk,Bird,
4029366,Semotrachia rossana,Ross River Squat Snail,Semotrachia rossana,https://biodiversity.org.au/afd/taxa/70547b7c-7d87-429d-a585-ad0264be5b9d,dr651,"[{'key': 'status', 'value': 'Vulnerable'}, {'key': 'sourceStatus', 'value': 'Vulnerable'}, {'key': 'vernacular name', 'value': 'Ross River squat snail'}, {'key': 'taxonRemarks', 'value': 'Invertebrate'}]",Vulnerable,Vulnerable,Ross River squat snail,Invertebrate,
4029243,Semotrachia runutjirbana,Runutjirbana Ridge Squat Snail,Semotrachia runutjirbana,https://biodiversity.org.au/afd/taxa/c8a75314-0fd1-4716-960e-78bf295c0cce,dr651,"[{'key': 'status', 'value': 'Vulnerable'}, {'key': 'sourceStatus', 'value': 'Vulnerable'}, {'key': 'vernacular name', 'value': 'Runutjirbana Ridge squat snail'}, {'key': 'taxonRemarks', 'value': 'Invertebrate'}]",Vulnerable,Vulnerable,Runutjirbana Ridge squat snail,Invertebrate,
4029423,Liopholis slateri,Slater's Egernia,Liopholis slateri,https://biodiversity.org.au/afd/taxa/0c067eab-4872-4eed-81d6-c9b0e18b764d,dr651,"[{'key': 'status', 'value': 'Vulnerable'}, {'key': 'sourceStatus', 'value': 'Vulnerable'}, {'key': 'vernacular name', 'value': 'Slater’s skink'}, {'key': 'taxonRemarks', 'value': 'Reptile'}]",Vulnerable,Vulnerable,Slater’s skink,Reptile,
4029401,Glyphis glyphis,Bizant River Shark,Glyphis glyphis,https://biodiversity.org.au/afd/taxa/0a55566b-830b-437e-8bc3-f9bc294bb47d,dr651,"[{'key': 'status', 'value': 'Vulnerable'}, {'key': 'sourceStatus', 'value': 'Vulnerable'}, {'key': 'vernacular name', 'value': 'Speartooth shark'}, {'key': 'taxonRemarks', 'value': 'Fish'}]",Vulnerable,Vulnerable,Speartooth shark,Fish,
4029386,Semotrachia winneckeana,Spencer Gorge Squat Snail,Semotrachia winneckeana,https://biodiversity.org.au/afd/taxa/49a61452-b676-4fa1-987f-172572e3198e,dr651,"[{'key': 'status', 'value': 'Vulnerable'}, {'key': 'sourceStatus', 'value': 'Vulnerable'}, {'key': 'vernacular name', 'value': 'Spencer Gorge squat snail'}, {'key': 'taxonRemarks', 'value': 'Invertebrate'}]",Vulnerable,Vulnerable,Spencer Gorge squat snail,Invertebrate,
4029416,Bothriembryon spenceri,Spencer’s Tapered Snail,Bothriembryon (Bothriembryon) spenceri,https://biodiversity.org.au/afd/taxa/de87fc4c-e45e-4843-9012-857a70c0c5de,dr651,"[{'key': 'status', 'value': 'Vulnerable'}, {'key': 'sourceStatus', 'value': 'Vulnerable'}, {'key': 'vernacular name', 'value': 'Spencer’s tapered snail'}, {'key': 'taxonRemarks', 'value': 'Invertebrate'}]",Vulnerable,Vulnerable,Spencer’s tapered snail,Invertebrate,
4029287,Semotrachia caupona,Temple Bar Squat Snail,Semotrachia caupona,https://biodiversity.org.au/afd/taxa/375010fc-2d15-45e9-b528-c061632dff78,dr651,"[{'key': 'status', 'value': 'Vulnerable'}, {'key': 'sourceStatus', 'value': 'Vulnerable'}, {'key': 'vernacular name', 'value': 'Temple Bar squat snail'}, {'key': 'taxonRemarks', 'value': 'Invertebrate'}]",Vulnerable,Vulnerable,Temple Bar squat snail,Invertebrate,
4029360,Amphidromus cognatus,Tiwi Islands Treesnail,Amphidromus (Syndromus) cognatus,https://biodiversity.org.au/afd/taxa/e7b52a3b-6575-495b-a2b3-e3f0e0e2fbc1,dr651,"[{'key': 'status', 'value': 'Vulnerable'}, {'key': 'sourceStatus', 'value': 'Vulnerable'}, {'key': 'vernacular name', 'value': 'Tiwi Islands treesnail'}, {'key': 'taxonRemarks', 'value': 'Invertebrate'}]",Vulnerable,Vulnerable,Tiwi Islands treesnail,Invertebrate,
4029288,Trachiopsis victoriana,Victoria River Squat Snail,Trachiopsis victoriana,https://biodiversity.org.au/afd/taxa/dc54f992-59d3-47f7-ae06-9064b28eceba,dr651,"[{'key': 'status', 'value': 'Vulnerable'}, {'key': 'sourceStatus', 'value': 'Vulnerable'}, {'key': 'vernacular name', 'value': 'Victoria River squat snail'}, {'key': 'taxonRemarks', 'value': 'Invertebrate'}]",Vulnerable,Vulnerable,Victoria River squat snail,Invertebrate,
4029308,Vidumelon wattii,Watt’s Multicoiled Snail,Vidumelon wattii,https://biodiversity.org.au/afd/taxa/3aedec6e-62ce-4644-b013-3bd55d50b6f5,dr651,"[{'key': 'status', 'value': 'Vulnerable'}, {'key': 'sourceStatus', 'value': 'Vulnerable'}, {'key': 'vernacular name', 'value': 'Watt’s multicoiled snail'}, {'key': 'taxonRemarks', 'value': 'Invertebrate'}]",Vulnerable,Vulnerable,Watt’s multicoiled snail,Invertebrate,
4029316,Amytornis woodwardi,White-throated Grasswren,Amytornis (Magnamytis) woodwardi,https://biodiversity.org.au/afd/taxa/efee8cb8-20c0-4d35-84b5-c0e904723697,dr651,"[{'key': 'status', 'value': 'Vulnerable'}, {'key': 'sourceStatus', 'value': 'Vulnerable'}, {'key': 'vernacular name', 'value': 'White-throated grasswren'}, {'key': 'taxonRemarks', 'value': 'Bird'}]",Vulnerable,Vulnerable,White-throated grasswren,Bird,
4029282,Lucasium occultum,Yellow-snouted Ground Gecko,Lucasium occultum,https://biodiversity.org.au/afd/taxa/7d4bcf92-97c8-4908-bc94-7e97c9ae4960,dr651,"[{'key': 'status', 'value': 'Vulnerable'}, {'key': 'sourceStatus', 'value': 'Vulnerable'}, {'key': 'vernacular name', 'value': 'Yellow-snouted ground gecko'}, {'key': 'taxonRemarks', 'value': 'Reptile'}]",Vulnerable,Vulnerable,Yellow-snouted ground gecko,Reptile,
4029233,Varanus panoptes,Yellow-spotted Monitor,Varanus panoptes,https://biodiversity.org.au/afd/taxa/fc42119f-8598-46ef-8d84-b2c5f80e819c,dr651,"[{'key': 'status', 'value': 'Vulnerable'}, {'key': 'sourceStatus', 'value': 'Vulnerable'}, {'key': 'vernacular name', 'value': 'Yellow-spotted monitor'}, {'key': 'taxonRemarks', 'value': 'Reptile'}]",Vulnerable,Vulnerable,Yellow-spotted monitor,Reptile,
4029250,Bettongia lesueur graii,Boodie,Bettongia lesueur graii,https://biodiversity.org.au/afd/taxa/7a019451-60d4-4925-82c9-2c3aaf3aeaf4,dr651,"[{'key': 'status', 'value': 'Extinct'}, {'key': 'sourceStatus', 'value': 'Extinct'}, {'key': 'vernacular name', 'value': 'Burrowing bettong (inland)'}, {'key': 'taxonRemarks', 'value': 'Mammal'}]",Extinct,Extinct,Burrowing bettong (inland),Mammal,
4029336,Lagorchestes asomatus,Kuluwarri,Lagorchestes asomatus,https://biodiversity.org.au/afd/taxa/c9421a1e-00a2-4b36-b8fd-2bd6462c4796,dr651,"[{'key': 'status', 'value': 'Extinct'}, {'key': 'sourceStatus', 'value': 'Extinct'}, {'key': 'vernacular name', 'value': 'Central hare-wallaby'}, {'key': 'taxonRemarks', 'value': 'Mammal'}]",Extinct,Extinct,Central hare-wallaby,Mammal,
4029403,Onychogalea lunata,Crescent Nailtail Wallaby,Onychogalea lunata,https://biodiversity.org.au/afd/taxa/366e5d80-562e-48a3-8213-8182054cd90d,dr651,"[{'key': 'status', 'value': 'Extinct'}, {'key': 'sourceStatus', 'value': 'Extinct'}, {'key': 'vernacular name', 'value': 'Crescent nailtail wallaby'}, {'key': 'taxonRemarks', 'value': 'Mammal'}]",Extinct,Extinct,Crescent nailtail wallaby,Mammal,
4029333,Perameles eremiana,Desert Bandicoot,Perameles eremiana,https://biodiversity.org.au/afd/taxa/59459401-eaa5-4eb2-8192-2217b271ecf4,dr651,"[{'key': 'status', 'value': 'Extinct'}, {'key': 'sourceStatus', 'value': 'Extinct'}, {'key': 'vernacular name', 'value': 'Desert bandicoot'}, {'key': 'taxonRemarks', 'value': 'Mammal'}]",Extinct,Extinct,Desert bandicoot,Mammal,
4029224,Bettongia anhydra,Desert Bettong,Bettongia anhydra,https://biodiversity.org.au/afd/taxa/d0417599-c203-433a-876f-f407565328ea,dr651,"[{'key': 'status', 'value': 'Extinct'}, {'key': 'sourceStatus', 'value': 'Extinct'}, {'key': 'vernacular name', 'value': 'Desert bettong'}, {'key': 'taxonRemarks', 'value': 'Mammal'}]",Extinct,Extinct,Desert bettong,Mammal,
4029337,Macrotis leucura,Lesser Bilby,Macrotis leucura,https://biodiversity.org.au/afd/taxa/284d8e3c-2ffe-4c46-a6f7-74d8c78dc9a9,dr651,"[{'key': 'status', 'value': 'Extinct'}, {'key': 'sourceStatus', 'value': 'Extinct'}, {'key': 'vernacular name', 'value': 'Lesser bilby'}, {'key': 'taxonRemarks', 'value': 'Mammal'}]",Extinct,Extinct,Lesser bilby,Mammal,
4029410,Leporillus apicalis,Lesser Stick-nest Rat,Leporillus apicalis,https://biodiversity.org.au/afd/taxa/5ac0db97-0266-442f-86b3-f21c3f98f58a,dr651,"[{'key': 'status', 'value': 'Extinct'}, {'key': 'sourceStatus', 'value': 'Extinct'}, {'key': 'vernacular name', 'value': 'Lesser stick-nest rat'}, {'key': 'taxonRemarks', 'value': 'Mammal'}]",Extinct,Extinct,Lesser stick-nest rat,Mammal,
4029369,Notomys longicaudatus,Long-tailed Hopping-mouse,Notomys longicaudatus,https://biodiversity.org.au/afd/taxa/b90c3bf4-a12a-4123-9ae6-d798cb716380,dr651,"[{'key': 'status', 'value': 'Extinct'}, {'key': 'sourceStatus', 'value': 'Extinct'}, {'key': 'vernacular name', 'value': 'Long-tailed hopping-mouse'}, {'key': 'taxonRemarks', 'value': 'Mammal'}]",Extinct,Extinct,Long-tailed hopping-mouse,Mammal,
4029300,Chaeropus ecaudatus,Pig-footed Bandicoot,Chaeropus ecaudatus,https://biodiversity.org.au/afd/taxa/83f8084f-9d2a-4a75-8396-e2159d6f7691,dr651,"[{'key': 'status', 'value': 'Extinct'}, {'key': 'sourceStatus', 'value': 'Extinct'}, {'key': 'vernacular name', 'value': 'Pig-footed bandicoot'}, {'key': 'taxonRemarks', 'value': 'Mammal'}]",Extinct,Extinct,Pig-footed bandicoot,Mammal,
4029347,Notomys amplus,Short-tailed Hopping-mouse,Notomys amplus,https://biodiversity.org.au/afd/taxa/a84b9233-458d-41ca-ace8-b77fbe9753ef,dr651,"[{'key': 'status', 'value': 'Extinct'}, {'key': 'sourceStatus', 'value': 'Extinct'}, {'key': 'vernacular name', 'value': 'Short-tailed hopping-mouse'}, {'key': 'taxonRemarks', 'value': 'Mammal'}]",Extinct,Extinct,Short-tailed hopping-mouse,Mammal,
4029235,Amytornis modestus modestus,Thick-billed Grasswren (macdonnell Ranges),Amytornis (Amytornis) modestus modestus,https://biodiversity.org.au/afd/taxa/8e0e9a30-6fc4-43fe-951f-0c6ca468e2ef,dr651,"[{'key': 'status', 'value': 'Extinct'}, {'key': 'sourceStatus', 'value': 'Extinct'}, {'key': 'vernacular name', 'value': 'Thick-billed grasswren (MacDonnell Ranges)'}, {'key': 'taxonRemarks', 'value': 'Bird'}]",Extinct,Extinct,Thick-billed grasswren (MacDonnell Ranges),Bird,
4029231,Lagorchestes hirsutus Central Australian subspecies,Mala,Lagorchestes hirsutus Central Australian subspecies,ALA_DR656_1045,dr651,"[{'key': 'status', 'value': 'Endangered'}, {'key': 'sourceStatus', 'value': 'Endangered (extinct in wild in NT)'}, {'key': 'vernacular name', 'value': 'Mala'}, {'key': 'taxonRemarks', 'value': 'Mammal'}]",Endangered,Endangered (extinct in wild in NT),Mala,Mammal,
4029264,Bettongia penicillata,Brush-tailed Bettong,Bettongia penicillata,https://biodiversity.org.au/afd/taxa/f0a35454-d304-42db-b3d9-b03a863e6223,dr651,"[{'key': 'status', 'value': 'Endangered'}, {'key': 'sourceStatus', 'value': 'Endangered (extinct in NT)'}, {'key': 'vernacular name', 'value': 'Brush-tailed bettong'}, {'key': 'taxonRemarks', 'value': 'Mammal'}]",Endangered,Endangered (extinct in NT),Brush-tailed bettong,Mammal,
4029263,Myrmecobius fasciatus,Numbat,Myrmecobius fasciatus,https://biodiversity.org.au/afd/taxa/6c72d199-f0f1-44d3-8197-224a2f7cff5f,dr651,"[{'key': 'status', 'value': 'Endangered'}, {'key': 'sourceStatus', 'value': 'Endangered (extinct in NT)'}, {'key': 'vernacular name', 'value': 'Numbat'}, {'key': 'taxonRemarks', 'value': 'Mammal'}]",Endangered,Endangered (extinct in NT),Numbat,Mammal,
4029324,Abrodictyum obscurum,,Abrodictyum obscurum,https://id.biodiversity.org.au/node/apni/7402565,dr651,"[{'key': 'family', 'value': 'Hymenophyllaceae'}, {'key': 'status', 'value': 'Endangered'}, {'key': 'sourceStatus', 'value': 'Endangered'}]",Endangered,Endangered,,,Hymenophyllaceae
4029292,Acacia peuce,Ironwood,Acacia peuce,https://id.biodiversity.org.au/node/apni/2906202,dr651,"[{'key': 'family', 'value': 'Fabaceae'}, {'key': 'status', 'value': 'Endangered'}, {'key': 'sourceStatus', 'value': 'Endangered'}, {'key': 'vernacular name', 'value': 'Waddy-wood'}]",Endangered,Endangered,Waddy-wood,,Fabaceae
4029397,Baumea arthrophylla,,Baumea arthrophylla,https://id.biodiversity.org.au/node/apni/2890775,dr651,"[{'key': 'family', 'value': 'Cyperaceae'}, {'key': 'status', 'value': 'Endangered'}, {'key': 'sourceStatus', 'value': 'Endangered'}]",Endangered,Endangered,,,Cyperaceae
4029414,Burmannia sp. Bathurst Island,,Burmannia sp. Bathurst Island,ALA_DR651_139,dr651,"[{'key': 'family', 'value': 'Burmanniaceae'}, {'key': 'status', 'value': 'Endangered'}, {'key': 'sourceStatus', 'value': 'Endangered'}]",Endangered,Endangered,,,Burmanniaceae
4029276,Cryptocarya hypospodia,Northern Laurel,Cryptocarya hypospodia,https://id.biodiversity.org.au/node/apni/2888165,dr651,"[{'key': 'family', 'value': 'Lauraceae'}, {'key': 'status', 'value': 'Endangered'}, {'key': 'sourceStatus', 'value': 'Endangered'}]",Endangered,Endangered,,,Lauraceae
4029404,Erythroxylum sp. Cholmondely Creek,,Erythroxylum sp. Cholmondely Creek,ALA_DR651_141,dr651,"[{'key': 'family', 'value': 'Erythroxylaceae'}, {'key': 'status', 'value': 'Endangered'}, {'key': 'sourceStatus', 'value': 'Endangered'}]",Endangered,Endangered,,,Erythroxylaceae
4029269,Garcinia warrenii,Warrens Mangosteen,Garcinia warrenii,https://id.biodiversity.org.au/node/apni/2898201,dr651,"[{'key': 'family', 'value': 'Clusiaceae'}, {'key': 'status', 'value': 'Endangered'}, {'key': 'sourceStatus', 'value': 'Endangered'}]",Endangered,Endangered,,,Clusiaceae
4029256,Habenaria rumphii,,Habenaria rumphii,https://id.biodiversity.org.au/taxon/apni/51406339,dr651,"[{'key': 'family', 'value': 'Orchidaceae'}, {'key': 'status', 'value': 'Endangered'}, {'key': 'sourceStatus', 'value': 'Endangered'}]",Endangered,Endangered,,,Orchidaceae
4029417,Helicteres macrothrix,,Helicteres macrothrix,https://id.biodiversity.org.au/node/apni/2900948,dr651,"[{'key': 'family', 'value': 'Malvaceae'}, {'key': 'status', 'value': 'Endangered'}, {'key': 'sourceStatus', 'value': 'Endangered'}]",Endangered,Endangered,,,Malvaceae
4029305,Livistona mariae subsp. Mariae,,Livistona mariae subsp. mariae,https://id.biodiversity.org.au/node/apni/8570955,dr651,"[{'key': 'family', 'value': 'Arecaceae'}, {'key': 'status', 'value': 'Endangered'}, {'key': 'sourceStatus', 'value': 'Endangered'}, {'key': 'vernacular name', 'value': 'Red cabbage palm'}]",Endangered,Endangered,Red cabbage palm,,Arecaceae
4029398,Macrothelypteris torresiana,Pale Wood Fern,Macrothelypteris torresiana,https://id.biodiversity.org.au/taxon/apni/51283745,dr651,"[{'key': 'family', 'value': 'Thelypteridaceae'}, {'key': 'status', 'value': 'Endangered'}, {'key': 'sourceStatus', 'value': 'Endangered'}]",Endangered,Endangered,,,Thelypteridaceae
4029378,Mischocarpus stipitatus,Purple-aril Mischocarp,Mischocarpus stipitatus,https://id.biodiversity.org.au/taxon/apni/51389366,dr651,"[{'key': 'family', 'value': 'Sapindaceae'}, {'key': 'status', 'value': 'Endangered'}, {'key': 'sourceStatus', 'value': 'Endangered'}]",Endangered,Endangered,,,Sapindaceae
4029412,Olearia macdonnellensis,,Olearia macdonnellensis,https://id.biodiversity.org.au/node/apni/2893519,dr651,"[{'key': 'family', 'value': 'Asteraceae'}, {'key': 'status', 'value': 'Endangered'}, {'key': 'sourceStatus', 'value': 'Endangered'}]",Endangered,Endangered,,,Asteraceae
4029298,Ptychosperma macarthurii,Macarthur Palm,Ptychosperma macarthurii,https://id.biodiversity.org.au/node/apni/2889661,dr651,"[{'key': 'family', 'value': 'Arecaceae'}, {'key': 'status', 'value': 'Endangered'}, {'key': 'sourceStatus', 'value': 'Endangered'}, {'key': 'vernacular name', 'value': 'Darwin palm'}]",Endangered,Endangered,Darwin palm,,Arecaceae
4029293,Schoutenia ovata,,Schoutenia ovata,https://id.biodiversity.org.au/taxon/apni/51335951,dr651,"[{'key': 'family', 'value': 'Malvaceae'}, {'key': 'status', 'value': 'Endangered'}, {'key': 'sourceStatus', 'value': 'Endangered'}]",Endangered,Endangered,,,Malvaceae
4029419,Stylidium ensatum,A Triggerplant,Stylidium ensatum,https://id.biodiversity.org.au/node/apni/2916606,dr651,"[{'key': 'family', 'value': 'Stylidiaceae'}, {'key': 'status', 'value': 'Endangered'}, {'key': 'sourceStatus', 'value': 'Endangered'}]",Endangered,Endangered,,,Stylidiaceae
4029387,Tarennoidea wallichii,,Tarennoidea wallichii,https://id.biodiversity.org.au/node/apni/2910947,dr651,"[{'key': 'family', 'value': 'Rubiaceae'}, {'key': 'status', 'value': 'Endangered'}, {'key': 'sourceStatus', 'value': 'Endangered'}]",Endangered,Endangered,,,Rubiaceae
4029411,Typhonium jonesii,A Herb,Typhonium jonesii,https://id.biodiversity.org.au/node/apni/2904931,dr651,"[{'key': 'family', 'value': 'Araceae'}, {'key': 'status', 'value': 'Endangered'}, {'key': 'sourceStatus', 'value': 'Endangered'}]",Endangered,Endangered,,,Araceae
4029385,Typhonium mirabile,A Herb,Typhonium mirabile,https://id.biodiversity.org.au/node/apni/2900370,dr651,"[{'key': 'family', 'value': 'Araceae'}, {'key': 'status', 'value': 'Endangered'}, {'key': 'sourceStatus', 'value': 'Endangered'}]",Endangered,Endangered,,,Araceae
4029362,Typhonium taylori,A Herb,Typhonium taylorii,https://id.biodiversity.org.au/node/apni/2906352,dr651,"[{'key': 'family', 'value': 'Araceae'}, {'key': 'status', 'value': 'Endangered'}, {'key': 'sourceStatus', 'value': 'Endangered'}]",Endangered,Endangered,,,Araceae
4029405,Xylopia monosperma,A Shrub,Xylopia monosperma,https://id.biodiversity.org.au/node/apni/2903202,dr651,"[{'key': 'family', 'value': 'Annonaceae'}, {'key': 'status', 'value': 'Endangered'}, {'key': 'sourceStatus', 'value': 'Endangered'}]",Endangered,Endangered,,,Annonaceae
4029342,Papasula abbotti,Abbott's Booby,Papasula abbotti,https://biodiversity.org.au/afd/taxa/98dbf46a-2d65-4d23-b1d1-e5f31efe94e0,dr651,"[{'key': 'status', 'value': 'Endangered'}, {'key': 'sourceStatus', 'value': 'Endangered'}, {'key': 'vernacular name', 'value': ""Abbot's booby""}, {'key': 'taxonRemarks', 'value': 'Bird'}]",Endangered,Endangered,Abbot's booby,Bird,
4029261,Semotrachia euzyga,Alice Springs Squat Snail,Semotrachia euzyga,https://biodiversity.org.au/afd/taxa/21575a3e-0937-4e6b-8f35-5c2e9e85a1d1,dr651,"[{'key': 'status', 'value': 'Endangered'}, {'key': 'sourceStatus', 'value': 'Endangered'}, {'key': 'vernacular name', 'value': 'Alice Springs squat snail'}, {'key': 'taxonRemarks', 'value': 'Invertebrate'}]",Endangered,Endangered,Alice Springs squat snail,Invertebrate,
4029392,Cryptoblepharus gurrmul,Arafura Snake-eyed Skink,Cryptoblepharus gurrmul,https://biodiversity.org.au/afd/taxa/1ce6b1ce-3f76-4a3e-8b45-9a9894e01d8c,dr651,"[{'key': 'status', 'value': 'Endangered'}, {'key': 'sourceStatus', 'value': 'Endangered'}, {'key': 'vernacular name', 'value': 'Arafura snake-eyed skink'}, {'key': 'taxonRemarks', 'value': 'Reptile'}]",Endangered,Endangered,Arafura snake-eyed skink,Reptile,
4029329,Bellatorias obiri,Arnhem Land Egernia,Bellatorias obiri,https://biodiversity.org.au/afd/taxa/2afc8501-f330-4973-84d9-94dc817d793c,dr651,"[{'key': 'status', 'value': 'Endangered'}, {'key': 'sourceStatus', 'value': 'Endangered'}, {'key': 'vernacular name', 'value': 'Arnhem land gorges skink'}, {'key': 'taxonRemarks', 'value': 'Reptile'}]",Endangered,Endangered,Arnhem land gorges skink,Reptile,
4029319,Rostratula australis,Australian Painted-snipe,Rostratula australis,https://biodiversity.org.au/afd/taxa/0e647393-fbcb-470a-994f-068aebecfceb,dr651,"[{'key': 'status', 'value': 'Endangered'}, {'key': 'sourceStatus', 'value': 'Endangered'}, {'key': 'vernacular name', 'value': 'Australian painted-snipe'}, {'key': 'taxonRemarks', 'value': 'Bird'}]",Endangered,Endangered,Australian painted-snipe,Bird,
4029384,Ordtrachia australis,Behn River Keeled Snail,Ordtrachia australis,https://biodiversity.org.au/afd/taxa/5b6f8a40-c263-4563-9063-2fc215b6eb5e,dr651,"[{'key': 'status', 'value': 'Endangered'}, {'key': 'sourceStatus', 'value': 'Endangered'}, {'key': 'vernacular name', 'value': 'Behn River keeled snail'}, {'key': 'taxonRemarks', 'value': 'Invertebrate'}]",Endangered,Endangered,Behn River keeled snail,Invertebrate,
4029310,Mesembriomys gouldii gouldii,Djintamoonga,Mesembriomys gouldii gouldii,https://biodiversity.org.au/afd/taxa/b2c60891-9871-4425-b3f5-81bab922129a,dr651,"[{'key': 'status', 'value': 'Endangered'}, {'key': 'sourceStatus', 'value': 'Endangered'}, {'key': 'vernacular name', 'value': 'Black-footed tree-rat (Kimberley and mainland NT)'}, {'key': 'taxonRemarks', 'value': 'Mammal'}]",Endangered,Endangered,Black-footed tree-rat (Kimberley and mainland NT),Mammal,
4029395,Ophidiocephalus taeniatus,Bronzeback Snake-lizard,Ophidiocephalus taeniatus,https://biodiversity.org.au/afd/taxa/464d5453-faa9-44ed-b8b4-9e637e3966cd,dr651,"[{'key': 'status', 'value': 'Endangered'}, {'key': 'sourceStatus', 'value': 'Endangered'}, {'key': 'vernacular name', 'value': 'Bronzeback'}, {'key': 'taxonRemarks', 'value': 'Reptile'}]",Endangered,Endangered,Bronzeback,Reptile,
4029390,Conilurus penicillatus,Brush-tailed Rabbit-rat,Conilurus penicillatus,https://biodiversity.org.au/afd/taxa/f2453962-1dcf-49f4-944a-dbad66765ca7,dr651,"[{'key': 'status', 'value': 'Endangered'}, {'key': 'sourceStatus', 'value': 'Endangered'}, {'key': 'vernacular name', 'value': 'Brush-tailed rabbit-rat'}, {'key': 'taxonRemarks', 'value': 'Mammal'}]",Endangered,Endangered,Brush-tailed rabbit-rat,Mammal,
4029280,Amytornis dorotheae,Carpentarian Grasswren,Amytornis (Magnamytis) dorotheae,https://biodiversity.org.au/afd/taxa/425c0e16-780d-44da-b916-e0c4cf9ecd1d,dr651,"[{'key': 'status', 'value': 'Endangered'}, {'key': 'sourceStatus', 'value': 'Endangered'}, {'key': 'vernacular name', 'value': 'Carpentarian grasswren'}, {'key': 'taxonRemarks', 'value': 'Bird'}]",Endangered,Endangered,Carpentarian grasswren,Bird,
4029275,Zyzomys palatalis,Carpentarian Rock-rat,Zyzomys palatalis,https://biodiversity.org.au/afd/taxa/54aa72cc-525b-4134-bf48-d9de4d905fa5,dr651,"[{'key': 'status', 'value': 'Endangered'}, {'key': 'sourceStatus', 'value': 'Endangered'}, {'key': 'vernacular name', 'value': 'Carpentarian rock-rat'}, {'key': 'taxonRemarks', 'value': 'Mammal'}]",Endangered,Endangered,Carpentarian rock-rat,Mammal,
4029278,Fregata andrewsi,Christmas Island Frigatebird,Fregata andrewsi,https://biodiversity.org.au/afd/taxa/a34dfb52-93d0-4e83-a8e6-470a98ba7d64,dr651,"[{'key': 'status', 'value': 'Endangered'}, {'key': 'sourceStatus', 'value': 'Endangered'}, {'key': 'vernacular name', 'value': 'Christmas Island frigatebird'}, {'key': 'taxonRemarks', 'value': 'Bird'}]",Endangered,Endangered,Christmas Island frigatebird,Bird,
4029375,Trichosurus vulpecula vulpecula,Common Brushtail Possum (central And South Eastern),Trichosurus vulpecula vulpecula,https://biodiversity.org.au/afd/taxa/a133593b-99d3-41dc-a7f6-43e70ec6ac35,dr651,"[{'key': 'status', 'value': 'Endangered'}, {'key': 'sourceStatus', 'value': 'Endangered'}, {'key': 'vernacular name', 'value': 'Common brushtail possum (central and south eastern)'}, {'key': 'taxonRemarks', 'value': 'Mammal'}]",Endangered,Endangered,Common brushtail possum (central and south eastern),Mammal,
4029363,Ogyris iphis doddi,Dodd’s Azure,Ogyris iphis doddi,https://biodiversity.org.au/afd/taxa/ae3ab4c9-9308-4ac8-84d7-e0f0b7fb9712,dr651,"[{'key': 'status', 'value': 'Endangered'}, {'key': 'sourceStatus', 'value': 'Endangered'}, {'key': 'vernacular name', 'value': 'Dodd’s azure'}, {'key': 'taxonRemarks', 'value': 'Invertebrate'}]",Endangered,Endangered,Dodd’s azure,Invertebrate,
4029252,Notomys fuscus,Dusky Hopping-mouse,Notomys fuscus,https://biodiversity.org.au/afd/taxa/dbb2125e-bf71-4388-b129-562e4d7a8eb4,dr651,"[{'key': 'status', 'value': 'Endangered'}, {'key': 'sourceStatus', 'value': 'Endangered'}, {'key': 'vernacular name', 'value': 'Dusky hopping-mouse'}, {'key': 'taxonRemarks', 'value': 'Mammal'}]",Endangered,Endangered,Dusky hopping-mouse,Mammal,
4029422,Antechinus bellus,Fawn Antechinus,Antechinus bellus,https://biodiversity.org.au/afd/taxa/b57ff121-94f2-4aaf-b29c-149c58a4fdc9,dr651,"[{'key': 'status', 'value': 'Endangered'}, {'key': 'sourceStatus', 'value': 'Endangered'}, {'key': 'vernacular name', 'value': 'Fawn Antechinus'}, {'key': 'taxonRemarks', 'value': 'Mammal'}]",Endangered,Endangered,Fawn Antechinus,Mammal,
4029383,Isoodon auratus,Golden Bandicoot,Isoodon auratus,https://biodiversity.org.au/afd/taxa/1be76afe-2bb9-4ef0-a5c2-6e1f944e0847,dr651,"[{'key': 'status', 'value': 'Endangered'}, {'key': 'sourceStatus', 'value': 'Endangered'}, {'key': 'vernacular name', 'value': 'Golden bandicoot'}, {'key': 'taxonRemarks', 'value': 'Mammal'}]",Endangered,Endangered,Golden bandicoot,Mammal,
4029322,Charadrius mongolus,Lesser Sand Plover,Charadrius (Charadrius) mongolus mongolus,https://biodiversity.org.au/afd/taxa/bc2f1f65-2844-4e3c-a07e-b60717967b78,dr651,"[{'key': 'status', 'value': 'Endangered'}, {'key': 'sourceStatus', 'value': 'Endangered'}, {'key': 'vernacular name', 'value': 'Lesser sand plover'}, {'key': 'taxonRemarks', 'value': 'Bird'}]",Endangered,Endangered,Lesser sand plover,Bird,
4029341,Tyto novaehollandiae melvillensis,Masked Owl (tiwi),Tyto novaehollandiae melvillensis,https://biodiversity.org.au/afd/taxa/b656fdb9-e0bc-4acb-ad99-5c6a57ae76a9,dr651,"[{'key': 'status', 'value': 'Endangered'}, {'key': 'sourceStatus', 'value': 'Endangered'}, {'key': 'vernacular name', 'value': 'Masked owl (Tiwi)'}, {'key': 'taxonRemarks', 'value': 'Bird'}]",Endangered,Endangered,Masked owl (Tiwi),Bird,
4029338,Petrogale concinna canescens,Nabarlek (top End),Petrogale concinna canescens,https://biodiversity.org.au/afd/taxa/32e80463-95f8-4eb7-9f8e-fe75d58fb768,dr651,"[{'key': 'status', 'value': 'Endangered'}, {'key': 'sourceStatus', 'value': 'Endangered'}, {'key': 'vernacular name', 'value': 'Nabarlek (Top End)'}, {'key': 'taxonRemarks', 'value': 'Mammal'}]",Endangered,Endangered,Nabarlek (Top End),Mammal,
4029346,Pezoporus occidentalis,Night Parrot,Pezoporus occidentalis,https://biodiversity.org.au/afd/taxa/c630f3b0-528a-4686-a2a1-73113135f214,dr651,"[{'key': 'status', 'value': 'Endangered'}, {'key': 'sourceStatus', 'value': 'Endangered'}, {'key': 'vernacular name', 'value': 'Night parrot'}, {'key': 'taxonRemarks', 'value': 'Bird'}]",Endangered,Endangered,Night parrot,Bird,
4029321,Phascogale pirata,Northern Brush-tailed Phascogale,Phascogale pirata,https://biodiversity.org.au/afd/taxa/3a56cfa7-f2f1-4eb2-9f4b-33c0b57b5a4c,dr651,"[{'key': 'status', 'value': 'Endangered'}, {'key': 'sourceStatus', 'value': 'Endangered'}, {'key': 'vernacular name', 'value': 'Northern brush-tailed phascogale'}, {'key': 'taxonRemarks', 'value': 'Mammal'}]",Endangered,Endangered,Northern brush-tailed phascogale,Mammal,
4029348,Glyphis garricki,Northern River Shark,Glyphis garricki,https://biodiversity.org.au/afd/taxa/1359a50e-ae00-4a2a-9e59-772664b293cd,dr651,"[{'key': 'status', 'value': 'Endangered'}, {'key': 'sourceStatus', 'value': 'Endangered'}, {'key': 'vernacular name', 'value': 'Northern river shark'}, {'key': 'taxonRemarks', 'value': 'Fish'}]",Endangered,Endangered,Northern river shark,Fish,
4029359,Pseudomys australis,Plains Rat,Pseudomys australis,https://biodiversity.org.au/afd/taxa/87497f45-a52b-4ee2-9472-8566cfdce22a,dr651,"[{'key': 'status', 'value': 'Endangered'}, {'key': 'sourceStatus', 'value': 'Endangered'}, {'key': 'vernacular name', 'value': 'Plains mouse'}, {'key': 'taxonRemarks', 'value': 'Mammal'}]",Endangered,Endangered,Plains mouse,Mammal,
4029230,Calidris canutus,Red Knot,Calidris (Calidris) canutus,https://biodiversity.org.au/afd/taxa/e2b8086f-fb5a-41ac-9003-d9aed827dfe3,dr651,"[{'key': 'status', 'value': 'Endangered'}, {'key': 'sourceStatus', 'value': 'Endangered'}, {'key': 'vernacular name', 'value': 'Red knot'}, {'key': 'taxonRemarks', 'value': 'Bird'}]",Endangered,Endangered,Red knot,Bird,
4029353,Ordtrachia septentrionalis,Rosewood Keeled Snail,Ordtrachia septentrionalis,https://biodiversity.org.au/afd/taxa/1022fd12-0ad0-419c-8714-8ad319112b5a,dr651,"[{'key': 'status', 'value': 'Endangered'}, {'key': 'sourceStatus', 'value': 'Endangered'}, {'key': 'vernacular name', 'value': 'Rosewood keeled snail'}, {'key': 'taxonRemarks', 'value': 'Invertebrate'}]",Endangered,Endangered,Rosewood keeled snail,Invertebrate,
4029391,Sminthopsis psammophila,Sandhill Dunnart,Sminthopsis psammophila,https://biodiversity.org.au/afd/taxa/c8204326-242d-4c03-adf5-8c32d60cff6c,dr651,"[{'key': 'status', 'value': 'Endangered'}, {'key': 'sourceStatus', 'value': 'Endangered'}, {'key': 'vernacular name', 'value': 'Sandhill dunnart'}, {'key': 'taxonRemarks', 'value': 'Mammal'}]",Endangered,Endangered,Sandhill dunnart,Mammal,
4029313,Epthianura crocea tunneyi,Yellow Chat (alligator Rivers),Epthianura (Aurepthianura) crocea tunneyi,https://biodiversity.org.au/afd/taxa/ddbd8b01-aeed-404b-a198-fa2a9b25ae3e,dr651,"[{'key': 'status', 'value': 'Endangered'}, {'key': 'sourceStatus', 'value': 'Endangered'}, {'key': 'vernacular name', 'value': 'Yellow chat (Alligator Rivers)'}, {'key': 'taxonRemarks', 'value': 'Bird'}]",Endangered,Endangered,Yellow chat (Alligator Rivers),Bird,
4029424,Petrogale concinna concinna,Nabarlek (victoria River District),Petrogale concinna concinna,https://biodiversity.org.au/afd/taxa/67a0861b-0647-4a20-a7b3-2d3c1c2cc025,dr651,"[{'key': 'status', 'value': 'Critically Endangered'}, {'key': 'sourceStatus', 'value': 'Critically Endangered (possibly extinct)'}, {'key': 'vernacular name', 'value': 'Nabarlek (Victoria River district)'}, {'key': 'taxonRemarks', 'value': 'Mammal'}]",Critically Endangered,Critically Endangered (possibly extinct),Nabarlek (Victoria River district),Mammal,
4029301,Acacia equisetifolia,A Shrub,Acacia equisetifolia,https://id.biodiversity.org.au/node/apni/2890781,dr651,"[{'key': 'family', 'value': 'Fabaceae'}, {'key': 'status', 'value': 'Critically Endangered'}, {'key': 'sourceStatus', 'value': 'Critically Endangered'}]",Critically Endangered,Critically Endangered,,,Fabaceae
4029402,Atalaya brevialata,,Atalaya brevialata,https://id.biodiversity.org.au/node/apni/2915822,dr651,"[{'key': 'family', 'value': 'Sapindaceae'}, {'key': 'status', 'value': 'Critically Endangered'}, {'key': 'sourceStatus', 'value': 'Critically Endangered'}]",Critically Endangered,Critically Endangered,,,Sapindaceae
4029408,Clausena excavata,,Clausena excavata,https://id.biodiversity.org.au/taxon/apni/51264674,dr651,"[{'key': 'family', 'value': 'Rutaceae'}, {'key': 'status', 'value': 'Critically Endangered'}, {'key': 'sourceStatus', 'value': 'Critically Endangered'}]",Critically Endangered,Critically Endangered,,,Rutaceae
4029351,Elaeocarpus miegei,,Elaeocarpus miegei,https://id.biodiversity.org.au/node/apni/2890315,dr651,"[{'key': 'family', 'value': 'Elaeocarpaceae'}, {'key': 'status', 'value': 'Critically Endangered'}, {'key': 'sourceStatus', 'value': 'Critically Endangered'}]",Critically Endangered,Critically Endangered,,,Elaeocarpaceae
4029295,Intsia bijuga,Scrub Mahogany,Intsia bijuga,https://id.biodiversity.org.au/node/apni/2893539,dr651,"[{'key': 'family', 'value': 'Fabaceae'}, {'key': 'status', 'value': 'Critically Endangered'}, {'key': 'sourceStatus', 'value': 'Critically Endangered'}]",Critically Endangered,Critically Endangered,,,Fabaceae
4029356,Limosa lapponica menzbieri,Bar-tailed Godwit (northern Siberian),Limosa lapponica menzbieri,https://biodiversity.org.au/afd/taxa/585f6243-c390-4f82-a844-f020c7b02675,dr651,"[{'key': 'status', 'value': 'Critically Endangered'}, {'key': 'sourceStatus', 'value': 'Critically Endangered'}, {'key': 'vernacular name', 'value': 'Bar-tailed godwit (northern Siberian)'}, {'key': 'taxonRemarks', 'value': 'Bird'}]",Critically Endangered,Critically Endangered,Bar-tailed godwit (northern Siberian),Bird,
4029332,Zyzomys pedunculatus,Central Rock-rat,Zyzomys pedunculatus,https://biodiversity.org.au/afd/taxa/33ab483d-5bec-45a4-857a-f0a1bbd36bfe,dr651,"[{'key': 'status', 'value': 'Critically Endangered'}, {'key': 'sourceStatus', 'value': 'Critically Endangered'}, {'key': 'vernacular name', 'value': 'Central rock-rat'}, {'key': 'taxonRemarks', 'value': 'Mammal'}]",Critically Endangered,Critically Endangered,Central rock-rat,Mammal,
4029354,Calidris ferruginea,Curlew Sandpiper,Calidris (Erolia) ferruginea,https://biodiversity.org.au/afd/taxa/e6ea1087-ce34-4cf8-be85-546a9d732965,dr651,"[{'key': 'status', 'value': 'Critically Endangered'}, {'key': 'sourceStatus', 'value': 'Critically Endangered'}, {'key': 'vernacular name', 'value': 'Curlew sandpiper'}, {'key': 'taxonRemarks', 'value': 'Bird'}]",Critically Endangered,Critically Endangered,Curlew sandpiper,Bird,
4029315,Numenius madagascariensis,Far Eastern Curlew,Numenius (Numenius) madagascariensis,https://biodiversity.org.au/afd/taxa/5ff29bca-f02f-468f-9f96-9ae956015e01,dr651,"[{'key': 'status', 'value': 'Critically Endangered'}, {'key': 'sourceStatus', 'value': 'Critically Endangered'}, {'key': 'vernacular name', 'value': 'Far eastern curlew'}, {'key': 'taxonRemarks', 'value': 'Bird'}]",Critically Endangered,Critically Endangered,Far eastern curlew,Bird,
4029294,Mesodontrachia fitzroyana,Fitzroy Land Snail,Mesodontrachia fitzroyana,https://biodiversity.org.au/afd/taxa/6ec7e2f6-df78-4609-86e9-c4b27e83674d,dr651,"[{'key': 'status', 'value': 'Critically Endangered'}, {'key': 'sourceStatus', 'value': 'Critically Endangered'}, {'key': 'vernacular name', 'value': 'Fitzroy Station rocksnail'}, {'key': 'taxonRemarks', 'value': 'Invertebrate'}]",Critically Endangered,Critically Endangered,Fitzroy Station rocksnail,Invertebrate,
4029297,Mesembriomys macrurus,Golden-backed Tree-rat,Mesembriomys macrurus,https://biodiversity.org.au/afd/taxa/8884b130-b6cb-4b2e-87ed-98367734f02d,dr651,"[{'key': 'status', 'value': 'Critically Endangered'}, {'key': 'sourceStatus', 'value': 'Critically Endangered'}, {'key': 'vernacular name', 'value': 'Golden-backed tree-rat'}, {'key': 'taxonRemarks', 'value': 'Mammal'}]",Critically Endangered,Critically Endangered,Golden-backed tree-rat,Mammal,
4029372,Calidris tenuirostris,Great Knot,Calidris (Calidris) tenuirostris,https://biodiversity.org.au/afd/taxa/3e9c17c9-270f-4a74-9ed8-7ccabd575be9,dr651,"[{'key': 'status', 'value': 'Critically Endangered'}, {'key': 'sourceStatus', 'value': 'Critically Endangered'}, {'key': 'vernacular name', 'value': 'Great knot'}, {'key': 'taxonRemarks', 'value': 'Bird'}]",Critically Endangered,Critically Endangered,Great knot,Bird,
4029234,Melanodryas cucullata melvillensis,Hooded Robin (tiwi),Melanodryas (Melanodryas) cucullata melvillensis,https://biodiversity.org.au/afd/taxa/2f2ceb96-42de-4259-8a84-a7733ffc14fb,dr651,"[{'key': 'status', 'value': 'Critically Endangered'}, {'key': 'sourceStatus', 'value': 'Critically Endangered'}, {'key': 'vernacular name', 'value': 'Hooded robin (Tiwi)'}, {'key': 'taxonRemarks', 'value': 'Bird'}]",Critically Endangered,Critically Endangered,Hooded robin (Tiwi),Bird,
4029328,Dermochelys coriacea,Leatherback Turtle,Dermochelys coriacea,https://biodiversity.org.au/afd/taxa/9b31383c-4745-4b8f-a3bd-8b9e91619e47,dr651,"[{'key': 'status', 'value': 'Critically Endangered'}, {'key': 'sourceStatus', 'value': 'Critically Endangered'}, {'key': 'vernacular name', 'value': 'Leatherback turtle'}, {'key': 'taxonRemarks', 'value': 'Reptile'}]",Critically Endangered,Critically Endangered,Leatherback turtle,Reptile,
4029304,Leipoa ocellata,Malleefowl,Leipoa ocellata,https://biodiversity.org.au/afd/taxa/c44c9098-c4fc-4f64-884c-e367389b194f,dr651,"[{'key': 'status', 'value': 'Critically Endangered'}, {'key': 'sourceStatus', 'value': 'Critically Endangered'}, {'key': 'vernacular name', 'value': 'Malleefowl'}, {'key': 'taxonRemarks', 'value': 'Bird'}]",Critically Endangered,Critically Endangered,Malleefowl,Bird,
4029285,Dasyurus hallucatus,Northern Quoll,Dasyurus hallucatus,https://biodiversity.org.au/afd/taxa/5d7aeda8-2ec1-4111-830e-847f34321f88,dr651,"[{'key': 'status', 'value': 'Critically Endangered'}, {'key': 'sourceStatus', 'value': 'Critically Endangered'}, {'key': 'vernacular name', 'value': 'Northern quoll'}, {'key': 'taxonRemarks', 'value': 'Mammal'}]",Critically Endangered,Critically Endangered,Northern quoll,Mammal,
4029371,Pedionomus torquatus,Plains-wanderer,Pedionomus torquatus,https://biodiversity.org.au/afd/taxa/30b4b2e5-0d5b-46cb-bddb-a2137a35fa2c,dr651,"[{'key': 'status', 'value': 'Critically Endangered'}, {'key': 'sourceStatus', 'value': 'Critically Endangered'}, {'key': 'vernacular name', 'value': 'Plains-wanderer'}, {'key': 'taxonRemarks', 'value': 'Bird'}]",Critically Endangered,Critically Endangered,Plains-wanderer,Bird,
4029227,Vincentrachia desmonda,Saddle Creek Rocksnail,Vincentrachia desmonda,https://biodiversity.org.au/afd/taxa/2ff5b7ab-699a-49c4-b23e-e8ce991bc32f,dr651,"[{'key': 'status', 'value': 'Critically Endangered'}, {'key': 'sourceStatus', 'value': 'Critically Endangered'}, {'key': 'vernacular name', 'value': 'Saddle Creek rocksnail'}, {'key': 'taxonRemarks', 'value': 'Invertebrate'}]",Critically Endangered,Critically Endangered,Saddle Creek rocksnail,Invertebrate,
4029364,Amytornis modestus indulkanna,Thick-billed Grasswren (western),Amytornis (Amytornis) modestus indulkanna,https://biodiversity.org.au/afd/taxa/1309cbb2-5187-4687-9045-042c371100f9,dr651,"[{'key': 'status', 'value': 'Critically Endangered'}, {'key': 'sourceStatus', 'value': 'Critically Endangered'}, {'key': 'vernacular name', 'value': 'Thick-billed grasswren (western)'}, {'key': 'taxonRemarks', 'value': 'Bird'}]",Critically Endangered,Critically Endangered,Thick-billed grasswren (western),Bird,
