taxonRank,kingdom,class,order,family,genus,scientificName,specificEpithet,vernacularName,establishmentMeans,sourceStatus,protectedInNSW,sensitivityClass,tsProfileID,countryConservation,dcterms_Modified,speciesID,taxonID,generalisation,status
Species,Animalia,Aves,Psittaciformes,Cacatuidae,Callocephalon,Callocephalon fimbriatum,fimbriatum,Gang-gang Cockatoo,"Alive in NSW, Native",Vulnerable,True,Category 3,10975.0,Endangered,2011-11-11T11:23:09+11:00,6,6,1km,Vulnerable
Species,Animalia,Aves,Strigiformes,Strigidae,Ninox,Ninox strenua,strenua,Powerful Owl,"Alive in NSW, Native",Vulnerable,True,Category 3,10562.0,Not Listed,2011-11-11T11:23:06+11:00,162,162,1km,Vulnerable
Species,Animalia,Aves,Strigiformes,Tytonidae,Tyto,Tyto tenebricosa,tenebricosa,Sooty Owl,"Alive in NSW, Native",Vulnerable,True,Category 3,10821.0,Not Listed,2012-07-23T18:04:52.683+10:00,333,333,1km,Vulnerable
Species,Animalia,Aves,Strigiformes,Strigidae,Ninox,Ninox connivens,connivens,Barking Owl,"Alive in NSW, Native",Vulnerable,True,Category 3,10561.0,Not Listed,2011-11-11T11:23:06+11:00,363,363,1km,Vulnerable
Species,Animalia,Reptilia,Squamata,Elapidae,Hoplocephalus,Hoplocephalus bungaroides,bungaroides,Broad-headed Snake,"Alive in NSW, Native",Endangered,True,Category 2,10413.0,Vulnerable,2011-11-11T11:23:04+11:00,390,390,10km,Endangered
Species,Animalia,Aves,Psittaciformes,Psittacidae,Neophema,Neophema chrysogaster,chrysogaster,Orange-bellied Parrot,Not Known from NSW,Critically Endangered,True,Category 3,10554.0,Critically Endangered,2011-11-11T11:23:06+11:00,418,418,1km,Critically Endangered
Species,Animalia,Aves,Psittaciformes,Psittacidae,Glossopsitta,Glossopsitta porphyrocephala,porphyrocephala,Purple-crowned Lorikeet,"Alive in NSW, Native",Vulnerable,True,Category 3,10352.0,Not Listed,2011-11-11T11:23:03+11:00,479,479,1km,Vulnerable
Species,Animalia,Aves,Psittaciformes,Psittacidae,Lathamus,Lathamus discolor,discolor,Swift Parrot,"Alive in NSW, Native",Endangered,True,Category 3,10455.0,Critically Endangered,2011-11-11T11:23:05+11:00,613,613,1km,Endangered
Species,Animalia,Amphibia,Anura,Limnodynastidae,Philoria,Philoria loveridgei,loveridgei,Loveridge's Frog,"Alive in NSW, Native",Endangered,True,Category 2,10619.0,Not Listed,2021-02-01T18:08:25.693+11:00,633,633,10km,Endangered
Species,Animalia,Aves,Passeriformes,Dasyornithidae,Dasyornis,Dasyornis brachypterus,brachypterus,Eastern Bristlebird,"Alive in NSW, Native",Endangered,True,Category 2,10206.0,Endangered,2017-04-19T11:38:54.04+10:00,707,707,10km,Endangered
Species,Animalia,Aves,Falconiformes,Accipitridae,Hamirostra,Hamirostra melanosternon,melanosternon,Black-breasted Buzzard,"Alive in NSW, Native",Vulnerable,True,Category 3,10395.0,Not Listed,2011-11-11T11:23:04+11:00,805,805,1km,Vulnerable
Species,Animalia,Aves,Psittaciformes,Psittacidae,Neophema,Neophema pulchella,pulchella,Turquoise Parrot,"Alive in NSW, Native",Vulnerable,True,Category 3,10555.0,Not Listed,2011-11-11T11:23:06+11:00,924,924,1km,Vulnerable
Species,Animalia,Aves,Strigiformes,Tytonidae,Tyto,Tyto novaehollandiae,novaehollandiae,Masked Owl,"Alive in NSW, Native",Vulnerable,True,Category 3,10820.0,Not Listed,2011-11-11T11:23:09+11:00,941,941,1km,Vulnerable
Subspecies,Animalia,Aves,Psittaciformes,Psittacidae,Cyclopsitta,Cyclopsitta diophthalma coxeni,diophthalma,Coxen's Fig-Parrot,"Alive in NSW, Native",Critically Endangered,True,Category 2,10195.0,Endangered,2017-05-31T10:50:40.32+10:00,1135,1135,10km,Critically Endangered
Species,Animalia,Aves,Falconiformes,Accipitridae,Lophoictinia,Lophoictinia isura,isura,Square-tailed Kite,"Alive in NSW, Native",Vulnerable,True,Category 3,10495.0,Not Listed,2011-11-11T11:23:05+11:00,1201,1201,1km,Vulnerable
Species,Animalia,Aves,Falconiformes,Accipitridae,Erythrotriorchis,Erythrotriorchis radiatus,radiatus,Red Goshawk,"Alive in NSW, Native",Critically Endangered,True,Category 2,10279.0,Vulnerable,2012-07-30T12:40:50.847+10:00,1220,1220,10km,Critically Endangered
Species,Animalia,Aves,Psittaciformes,Cacatuidae,Lophochroa,Lophochroa leadbeateri,leadbeateri,Major Mitchell's Cockatoo,"Alive in NSW, Native",Vulnerable,True,Category 2,10116.0,Not Listed,2011-12-22T12:05:55.11+11:00,1225,1225,10km,Vulnerable
Species,Animalia,Aves,Psittaciformes,Cacatuidae,Calyptorhynchus,Calyptorhynchus lathami,lathami,Glossy Black-Cockatoo,"Alive in NSW, Native",Vulnerable,True,Category 2,10140.0,Not Listed,2011-11-11T11:23:00+11:00,1332,1332,10km,Vulnerable
Species,Animalia,Amphibia,Anura,Myobatrachidae,Mixophyes,Mixophyes balbus,balbus,Stuttering Frog,"Alive in NSW, Native",Endangered,True,Category 2,10536.0,Vulnerable,2011-11-11T11:23:05+11:00,1398,1398,10km,Endangered
Species,Animalia,Amphibia,Anura,Myobatrachidae,Mixophyes,Mixophyes fleayi,fleayi,Fleay's Barred Frog,"Alive in NSW, Native",Endangered,True,Category 2,10537.0,Endangered,2011-11-11T11:23:05+11:00,1409,1409,10km,Endangered
Subspecies,Animalia,Aves,Psittaciformes,Psittacidae,Polytelis,Polytelis anthopeplus monarchoides,anthopeplus,Regent Parrot (eastern subspecies),"Alive in NSW, Native",Endangered,True,Category 3,10644.0,Vulnerable,2011-11-11T11:23:09+11:00,1504,1504,1km,Endangered
Species,Animalia,Amphibia,Anura,Limnodynastidae,Philoria,Philoria kundagungan,kundagungan,Mountain Frog,"Alive in NSW, Native",Endangered,True,Category 2,10618.0,Not Listed,2021-02-01T18:08:25.49+11:00,1510,1510,10km,Endangered
Species,Animalia,Amphibia,Anura,Myobatrachidae,Mixophyes,Mixophyes iteratus,iteratus,Giant Barred Frog,"Alive in NSW, Native",Endangered,True,Category 2,10538.0,Endangered,2011-11-11T11:23:05+11:00,1710,1710,10km,Endangered
Species,Animalia,Aves,Falconiformes,Falconidae,Falco,Falco hypoleucos,hypoleucos,Grey Falcon,"Alive in NSW, Native",Endangered,True,Category 2,10330.0,Not Listed,2011-11-11T11:23:03+11:00,1931,1931,10km,Endangered
Species,Animalia,Amphibia,Anura,Myobatrachidae,Pseudophryne,Pseudophryne corroboree,corroboree,Southern Corroboree Frog,"Alive in NSW, Native",Critically Endangered,True,Category 2,10693.0,Critically Endangered,2011-11-11T11:23:07+11:00,2111,2111,10km,Critically Endangered
Species,Animalia,Aves,Psittaciformes,Psittacidae,Polytelis,Polytelis swainsonii,swainsonii,Superb Parrot,"Alive in NSW, Native",Vulnerable,True,Category 3,10645.0,Vulnerable,2011-11-11T11:23:09+11:00,2124,2124,1km,Vulnerable
Species,Plantae,Flora,Flora,Orchidaceae,Pterostylis,Pterostylis oreophila,oreophila,Blue-tongued Greenhood,"Alive in NSW, Native",Critically Endangered,True,Category 2,20059.0,Critically Endangered,2017-10-04T17:36:00.173+11:00,2549,2549,10km,Critically Endangered
Species,Plantae,Flora,Flora,Orchidaceae,Genoplesium,Genoplesium baueri,baueri,Bauer's Midge Orchid,"Alive in NSW, Native",Endangered,True,Category 2,10875.0,Endangered,2017-10-04T17:35:48.657+11:00,2587,2587,10km,Endangered
Species,Plantae,Flora,Flora,Proteaceae,Banksia,Banksia conferta,conferta,,"Alive in NSW, Native",Critically Endangered,False,Category 2,20063.0,Not Listed,2021-10-22T13:19:08.207+11:00,2632,2632,10km,Critically Endangered
Species,Plantae,Flora,Flora,Orchidaceae,Diuris,Diuris tricolor,tricolor,Pine Donkey Orchid,"Alive in NSW, Native",Vulnerable,True,Category 2,10243.0,Not Listed,2017-10-04T17:35:47.533+11:00,2646,2646,10km,Vulnerable
Species,Plantae,Flora,Flora,Orchidaceae,Cryptostylis,Cryptostylis hunteriana,hunteriana,Leafless Tongue Orchid,"Alive in NSW, Native",Vulnerable,True,Category 2,10187.0,Vulnerable,2017-10-04T17:35:40+11:00,2705,2705,10km,Vulnerable
Species,Plantae,Flora,Flora,Orchidaceae,Peristeranthus,Peristeranthus hillii,hillii,Brown Fairy-chain Orchid,"Alive in NSW, Native",Vulnerable,True,Category 2,10868.0,Not Listed,2017-10-04T17:35:50.423+11:00,2711,2711,10km,Vulnerable
Species,Plantae,Flora,Flora,Orchidaceae,Thelymitra,Thelymitra epipactoides,epipactoides,,"Extinct in NSW, Native",Extinct,True,Category 2,20227.0,Endangered,2020-01-22T14:19:13.297+11:00,3010,3010,10km,Extinct
Species,Plantae,Flora,Flora,Davalliaceae,Arthropteris,Arthropteris palisotii,palisotii,Lesser Creeping Fern,"Alive in NSW, Native",Endangered,False,Category 3,10067.0,Not Listed,2017-10-04T17:43:54.903+11:00,3103,3103,1km,Endangered
Species,Plantae,Flora,Flora,Lindsaeaceae,Lindsaea,Lindsaea fraseri,fraseri,Fraser's Screw Fern,"Alive in NSW, Native",Endangered,False,Category 3,10481.0,Not Listed,2017-10-04T17:43:59.823+11:00,3396,3396,1km,Endangered
Species,Plantae,Flora,Flora,Myrtaceae,Callistemon,Callistemon linearifolius,linearifolius,Netted Bottle Brush,"Alive in NSW, Native",Vulnerable,False,Category 3,10129.0,Not Listed,2017-10-04T17:34:20.733+11:00,3619,3619,1km,Vulnerable
Species,Plantae,Flora,Flora,Polypodiaceae,Drynaria,Drynaria rigidula,rigidula,Basket Fern,"Alive in NSW, Native",Endangered,False,Category 3,10253.0,Not Listed,2017-10-04T17:44:04.323+11:00,3802,3802,1km,Endangered
Species,Plantae,Flora,Flora,Lindsaeaceae,Lindsaea,Lindsaea incisa,incisa,Slender Screw Fern,"Alive in NSW, Native",Endangered,False,Category 3,10482.0,Not Listed,2017-10-04T17:43:59.607+11:00,3875,3875,1km,Endangered
Species,Plantae,Flora,Flora,Lamiaceae,Prostanthera,Prostanthera marifolia,marifolia,Seaforth Mintbush,"Alive in NSW, Native",Critically Endangered,False,Category 3,20101.0,Critically Endangered,2017-10-04T17:32:28.78+11:00,3992,3992,1km,Critically Endangered
Species,Plantae,Flora,Flora,Orchidaceae,Chiloglottis,Chiloglottis platyptera,platyptera,Barrington Tops Ant Orchid,"Alive in NSW, Native",Vulnerable,True,Category 2,10165.0,Not Listed,2017-10-04T17:46:04.95+11:00,4021,4021,10km,Vulnerable
Species,Plantae,Flora,Flora,Orobanchaceae,Euphrasia,Euphrasia scabra,scabra,Rough Eyebright,"Alive in NSW, Native",Endangered,False,Category 3,10329.0,Not Listed,2017-10-04T17:39:05.583+11:00,4070,4070,1km,Endangered
Species,Plantae,Flora,Flora,Orchidaceae,Diuris,Diuris praecox,praecox,Rough Doubletail,"Alive in NSW, Native",Vulnerable,True,Category 2,10240.0,Vulnerable,2017-10-04T17:46:05.843+11:00,4094,4094,10km,Vulnerable
Species,Plantae,Flora,Flora,Casuarinaceae,Allocasuarina,Allocasuarina portuensis,portuensis,Nielsen Park She-oak,"Alive in NSW, Native",Endangered,False,Category 3,10039.0,Endangered,2017-10-04T17:44:24.747+11:00,4206,4206,1km,Endangered
Species,Plantae,Flora,Flora,Elaeocarpaceae,Elaeocarpus,Elaeocarpus williamsianus,williamsianus,Hairy Quandong,"Alive in NSW, Native",Endangered,False,Category 3,10262.0,Endangered,2017-10-04T17:30:10.79+11:00,4248,4248,1km,Endangered
Species,Plantae,Flora,Flora,Myrtaceae,Eucalyptus,Eucalyptus imlayensis,imlayensis,Imlay Mallee,"Alive in NSW, Native",Critically Endangered,False,Category 3,10296.0,Endangered,2017-10-04T17:34:44.33+11:00,4256,4256,1km,Critically Endangered
Species,Plantae,Flora,Flora,Fabaceae (Faboideae),Indigofera,Indigofera efoliata,efoliata,Leafless Indigo,"Alive in NSW, Native",Endangered,False,Category 3,10429.0,Endangered,2017-10-04T17:31:10.98+11:00,4366,4366,1km,Endangered
Species,Plantae,Flora,Flora,Proteaceae,Hakea,Hakea pulvinifera,pulvinifera,Lake Keepit Hakea,"Alive in NSW, Native",Endangered,False,Category 2,10390.0,Endangered,2017-10-04T17:37:45.58+11:00,4403,4403,10km,Endangered
Species,Plantae,Flora,Flora,Orchidaceae,Rhizanthella,Rhizanthella slateri,slateri,Eastern Australian Underground Orchid,"Alive in NSW, Native",Vulnerable,True,Category 2,10730.0,Endangered,2018-10-26T23:43:16.47+11:00,4465,4465,10km,Vulnerable
Species,Plantae,Flora,Flora,Gentianaceae,Gentiana,Gentiana bredboensis,bredboensis,Bredbo Gentian,"Alive in NSW, Native",Critically Endangered,False,Category 2,10346.0,Vulnerable,2017-10-04T17:42:22.51+11:00,4740,4740,10km,Critically Endangered
Species,Plantae,Flora,Flora,Orchidaceae,Sarcochilus,Sarcochilus dilatatus,dilatatus,Brown Butterfly Orchid,"Alive in NSW, Native",Endangered,True,Category 2,10743.0,Not Listed,2017-10-04T17:36:03.58+11:00,4818,4818,10km,Endangered
Species,Plantae,Flora,Flora,Orchidaceae,Diuris,Diuris venosa,venosa,Veined Doubletail,"Alive in NSW, Native",Vulnerable,True,Category 2,10244.0,Vulnerable,2017-10-04T17:35:47.767+11:00,4836,4836,10km,Vulnerable
Species,Plantae,Flora,Flora,Orchidaceae,Bulbophyllum,Bulbophyllum globuliforme,globuliforme,Hoop Pine Orchid,"Alive in NSW, Native",Vulnerable,True,Category 2,10112.0,Vulnerable,2011-11-11T11:23:01+11:00,4861,4861,10km,Vulnerable
Species,Plantae,Flora,Flora,Gentianaceae,Gentiana,Gentiana wingecarribiensis,wingecarribiensis,Wingecarribee Gentian,"Alive in NSW, Native",Critically Endangered,False,Category 3,10347.0,Endangered,2021-03-05T12:53:47.673+11:00,5147,5147,1km,Critically Endangered
Species,Plantae,Flora,Flora,Orchidaceae,Pterostylis,Pterostylis cobarensis,cobarensis,Greenhood Orchid,"Alive in NSW, Native",Vulnerable,True,Category 2,10698.0,Not Listed,2017-10-04T17:42:28.447+11:00,5189,5189,10km,Vulnerable
Species,Plantae,Flora,Flora,Orchidaceae,Sarcochilus,Sarcochilus weinthalii,weinthalii,Blotched Sarcochilus,"Alive in NSW, Native",Vulnerable,True,Category 2,10746.0,Vulnerable,2017-12-04T10:30:31.6+11:00,5278,5278,10km,Vulnerable
Species,Plantae,Flora,Flora,Orchidaceae,Sarcochilus,Sarcochilus fitzgeraldii,fitzgeraldii,Ravine Orchid,"Alive in NSW, Native",Vulnerable,True,Category 2,10744.0,Vulnerable,2017-10-04T17:36:04.08+11:00,5297,5297,10km,Vulnerable
Species,Plantae,Flora,Flora,Orchidaceae,Phaius,Phaius australis,australis,Southern Swamp Orchid,"Alive in NSW, Native",Endangered,True,Category 2,10610.0,Endangered,2017-10-04T17:35:50.61+11:00,5361,5361,10km,Endangered
Species,Plantae,Flora,Flora,Sapindaceae,Diploglottis,Diploglottis campbellii,campbellii,Small-leaved Tamarind,"Alive in NSW, Native",Endangered,False,Category 2,10231.0,Endangered,2017-10-04T17:38:54.74+11:00,5558,5558,10km,Endangered
Species,Plantae,Flora,Flora,Orchidaceae,Sarcochilus,Sarcochilus hartmannii,hartmannii,Hartman's Sarcochilus,"Alive in NSW, Native",Vulnerable,True,Category 2,10745.0,Vulnerable,2017-10-04T17:36:04.283+11:00,5596,5596,10km,Vulnerable
Species,Plantae,Flora,Flora,Orchidaceae,Chiloglottis,Chiloglottis anaticeps,anaticeps,Bird Orchid,"Alive in NSW, Native",Endangered,True,Category 2,10164.0,Not Listed,2017-10-04T17:46:04.53+11:00,7166,7166,10km,Endangered
Species,Plantae,Flora,Flora,Orchidaceae,Diuris,Diuris pedunculata,pedunculata,Small Snake Orchid,"Alive in NSW, Native",Endangered,True,Category 2,10239.0,Endangered,2017-10-04T17:35:46.64+11:00,7186,7186,10km,Endangered
Species,Plantae,Flora,Flora,Proteaceae,Grevillea,Grevillea mollis,mollis,Soft Grevillea,"Alive in NSW, Native",Endangered,False,Category 3,10370.0,Endangered,2017-10-04T17:46:47.843+11:00,7243,7243,1km,Endangered
Species,Plantae,Flora,Flora,Proteaceae,Grevillea,Grevillea iaspicula,iaspicula,Wee Jasper Grevillea,"Alive in NSW, Native",Critically Endangered,False,Category 2,10366.0,Endangered,2017-10-04T17:44:20.95+11:00,7315,7315,10km,Critically Endangered
Species,Plantae,Flora,Flora,Dryopteridaceae,Lastreopsis,Lastreopsis hispida,hispida,Bristly Shield Fern,"Alive in NSW, Native",Endangered,False,Category 3,10454.0,Not Listed,2017-10-04T17:43:43.62+11:00,7384,7384,1km,Endangered
Species,Plantae,Flora,Flora,Orchidaceae,Prasophyllum,Prasophyllum fuscum,fuscum,Slaty Leek Orchid,"Alive in NSW, Native",Critically Endangered,True,Category 2,10664.0,Vulnerable,2018-10-26T23:43:18.033+11:00,7596,7596,10km,Critically Endangered
Species,Plantae,Flora,Flora,Marattiaceae,Angiopteris,Angiopteris evecta,evecta,Giant Fern,"Alive in NSW, Native",Endangered,False,Category 2,10051.0,Not Listed,2017-12-04T09:49:48.957+11:00,7642,7642,10km,Endangered
Species,Plantae,Flora,Flora,Orchidaceae,Pterostylis,Pterostylis alpina,alpina,Alpine Greenhood,"Alive in NSW, Native",Vulnerable,True,Category 2,20305.0,Not Listed,2020-09-08T19:38:01.433+10:00,7653,7653,10km,Vulnerable
Species,Plantae,Flora,Flora,Orchidaceae,Prasophyllum,Prasophyllum affine,affine,Jervis Bay Leek Orchid,"Alive in NSW, Native",Endangered,True,Category 2,10663.0,Endangered,2017-10-04T17:43:10.01+11:00,7958,7958,10km,Endangered
Species,Plantae,Flora,Flora,Orchidaceae,Pterostylis,Pterostylis pulchella,pulchella,Waterfall Greenhood,"Alive in NSW, Native",Vulnerable,True,Category 2,10704.0,Vulnerable,2017-10-04T17:36:01.313+11:00,8077,8077,10km,Vulnerable
Species,Plantae,Flora,Flora,Platyzomataceae,Platyzoma,Platyzoma microphyllum,microphyllum,Braid Fern,"Alive in NSW, Native",Endangered,False,Category 3,10636.0,Not Listed,2017-10-04T17:44:03.637+11:00,8406,8406,1km,Endangered
Species,Plantae,Flora,Flora,Orchidaceae,Genoplesium,Genoplesium rhyoliticum,rhyoliticum,Rhyolite Midge Orchid,"Alive in NSW, Native",Endangered,True,Category 2,10342.0,Endangered,2017-10-04T17:44:27.933+11:00,8541,8541,10km,Endangered
Species,Plantae,Flora,Flora,Marsileaceae,Pilularia,Pilularia novae-hollandiae,novae-hollandiae,Austral Pillwort,"Alive in NSW, Native",Endangered,False,Category 3,10628.0,Not Listed,2017-10-04T17:44:01.34+11:00,8552,8552,1km,Endangered
Species,Plantae,Flora,Flora,Orchidaceae,Geodorum,Geodorum densiflorum,densiflorum,Pink Nodding Orchid,"Alive in NSW, Native",Endangered,True,Category 2,10349.0,Not Listed,2017-10-04T17:40:46.133+11:00,8628,8628,10km,Endangered
Species,Plantae,Flora,Flora,Lindsaeaceae,Lindsaea,Lindsaea brachypoda,brachypoda,Short-footed Screw Fern,"Alive in NSW, Native",Endangered,False,Category 3,10480.0,Not Listed,2017-10-04T17:43:59.167+11:00,8676,8676,1km,Endangered
Species,Plantae,Flora,Flora,Rutaceae,Zieria,Zieria adenophora,adenophora,Araluen Zieria,"Alive in NSW, Native",Critically Endangered,False,Category 2,10849.0,Endangered,2017-10-04T17:44:20.73+11:00,8685,8685,10km,Critically Endangered
Species,Plantae,Flora,Flora,Orchidaceae,Cymbidium,Cymbidium canaliculatum,canaliculatum,Tiger Orchid,"Alive in NSW, Native",Not Listed,True,Category 2,,Not Listed,2017-10-04T17:40:11.49+11:00,8783,8783,10km,Not Listed
Species,Plantae,Flora,Flora,Myrtaceae,Eucalyptus,Eucalyptus copulans,copulans,,"Alive in NSW, Native",Endangered,False,Category 3,10291.0,Endangered,2017-10-04T17:45:38.78+11:00,8876,8876,1km,Endangered
Species,Plantae,Flora,Flora,Orchidaceae,Pterostylis,Pterostylis nigricans,nigricans,Dark Greenhood,"Alive in NSW, Native",Vulnerable,True,Category 2,10703.0,Not Listed,2017-10-04T17:42:10.23+11:00,9279,9279,10km,Vulnerable
Species,Plantae,Flora,Flora,Apiaceae,Trachymene,Trachymene scapigera,scapigera,Mountain Trachymene,"Alive in NSW, Native",Endangered,False,Category 3,10811.0,Endangered,2017-10-04T17:42:24.73+11:00,9368,9368,1km,Endangered
Species,Plantae,Flora,Flora,Orchidaceae,Diuris,Diuris disposita,disposita,Willawarrin Doubletail,"Alive in NSW, Native",Endangered,True,Category 2,10237.0,Not Listed,2017-10-04T17:46:05.39+11:00,9385,9385,10km,Endangered
Species,Plantae,Flora,Flora,Psilotaceae,Psilotum,Psilotum complanatum,complanatum,Flat Fork Fern,"Alive in NSW, Native",Endangered,False,Category 3,10695.0,Not Listed,2017-10-04T17:44:05.48+11:00,9621,9621,1km,Endangered
Species,Plantae,Flora,Flora,Haloragaceae,Myriophyllum,Myriophyllum implicatum,implicatum,,"Alive in NSW, Native",Critically Endangered,False,Category 2,20146.0,Not Listed,2012-09-04T16:44:28.56+10:00,9665,9665,10km,Critically Endangered
Species,Plantae,Flora,Flora,Orchidaceae,Caladenia,Caladenia arenaria,arenaria,Sand-hill Spider Orchid,"Alive in NSW, Native",Endangered,True,Category 2,10121.0,Endangered,2017-10-04T17:41:01.9+11:00,9746,9746,10km,Endangered
Variety,Plantae,Flora,Flora,Primulaceae,Lysimachia,Lysimachia vulgaris var. davurica,vulgaris,Yellow Loosestrife,"Alive in NSW, Native",Endangered,False,Category 3,10498.0,Not Listed,2018-07-11T12:44:01.023+10:00,9833,9833,1km,Endangered
Species,Plantae,Flora,Flora,Orchidaceae,Diuris,Diuris bracteata,bracteata,,"Alive in NSW, Native",Endangered,True,Category 2,20036.0,Extinct,2020-09-14T14:44:23.97+10:00,9839,9839,10km,Endangered
Species,Plantae,Flora,Flora,Orchidaceae,Diuris,Diuris aequalis,aequalis,Buttercup Doubletail,"Alive in NSW, Native",Endangered,True,Category 2,10235.0,Vulnerable,2017-10-04T17:35:45.033+11:00,10157,10157,10km,Endangered
Species,Plantae,Flora,Flora,Gyrostemonaceae,Gyrostemon,Gyrostemon thesioides,thesioides,,"Alive in NSW, Native",Endangered,False,Category 3,10384.0,Not Listed,2017-10-04T17:46:58.14+11:00,10214,10214,1km,Endangered
Species,Plantae,Flora,Flora,Orchidaceae,Oberonia,Oberonia complanata,complanata,Yellow-flowered King of the Fairies,"Alive in NSW, Native",Endangered,True,Category 2,10570.0,Not Listed,2017-10-04T17:41:25.993+11:00,10331,10331,10km,Endangered
Species,Plantae,Flora,Flora,Ericaceae,Leucopogon,Leucopogon confertus,confertus,Torrington Beard-heath,"Alive in NSW, Native",Endangered,False,Category 3,10472.0,Endangered,2017-10-04T17:30:20.43+11:00,10552,10552,1km,Endangered
Species,Plantae,Flora,Flora,Proteaceae,Grevillea,Grevillea divaricata,divaricata,,"Alive in NSW, Native",Endangered,False,Category 3,10362.0,Not Listed,2017-10-04T17:37:31.347+11:00,10599,10599,1km,Endangered
Species,Plantae,Flora,Flora,Proteaceae,Grevillea,Grevillea beadleana,beadleana,Beadle's Grevillea,"Alive in NSW, Native",Endangered,False,Category 3,10360.0,Endangered,2017-10-04T17:44:19.12+11:00,10676,10676,1km,Endangered
Species,Plantae,Flora,Flora,Orchidaceae,Diuris,Diuris flavescens,flavescens,Pale Yellow Doubletail,"Alive in NSW, Native",Critically Endangered,True,Category 2,10238.0,Critically Endangered,2017-10-04T17:46:05.623+11:00,10832,10832,10km,Critically Endangered
Species,Plantae,Flora,Flora,Lamiaceae,Prostanthera,Prostanthera staurophylla,staurophylla,Tenterfield Mint-bush,"Alive in NSW, Native",Endangered,False,Category 2,10680.0,Vulnerable,2021-03-17T13:45:16.64+11:00,10840,10840,10km,Endangered
Species,Plantae,Flora,Flora,Orchidaceae,Pterostylis,Pterostylis chaetophora,chaetophora,,"Alive in NSW, Native",Vulnerable,True,Category 2,20280.0,Not Listed,2018-10-26T23:43:18.813+11:00,10971,10971,10km,Vulnerable
Species,Plantae,Flora,Flora,Proteaceae,Persoonia,Persoonia hirsuta,hirsuta,Hairy Geebung,"Alive in NSW, Native",Endangered,True,Category 3,10595.0,Endangered,2017-10-04T17:37:52.66+11:00,11014,11014,1km,Endangered
Species,Plantae,Flora,Flora,Orchidaceae,Caladenia,Caladenia tessellata,tessellata,Thick Lip Spider Orchid,"Alive in NSW, Native",Endangered,True,Category 2,10124.0,Vulnerable,2017-10-04T17:35:31.063+11:00,11109,11109,10km,Endangered
Species,Plantae,Flora,Flora,Orchidaceae,Dendrobium,Dendrobium melaleucaphilum,melaleucaphilum,Spider orchid,"Alive in NSW, Native",Endangered,True,Category 2,10213.0,Not Listed,2017-10-04T17:40:41.367+11:00,11238,11238,10km,Endangered
Species,Plantae,Flora,Flora,Fabaceae (Mimosoideae),Acacia,Acacia dangarensis,dangarensis,,"Alive in NSW, Native",Critically Endangered,False,Category 3,20028.0,Not Listed,2017-10-04T17:45:55.983+11:00,11394,11394,1km,Critically Endangered
Species,Plantae,Flora,Flora,Euphorbiaceae,Fontainea,Fontainea oraria,oraria,Coastal Fontainea,"Alive in NSW, Native",Critically Endangered,False,Category 2,10334.0,Endangered,2017-10-04T17:44:27.497+11:00,11667,11667,10km,Critically Endangered
Species,Plantae,Flora,Flora,Orchidaceae,Pterostylis,Pterostylis foliata,foliata,Slender Greenhood,"Alive in NSW, Native",Vulnerable,True,Category 2,20321.0,Not Listed,2018-10-26T23:43:19.8+11:00,11689,11689,10km,Vulnerable
Species,Plantae,Flora,Flora,Thymelaeaceae,Pimelea,Pimelea venosa,venosa,Bolivia Hill Rice-flower,"Alive in NSW, Native",Endangered,False,Category 3,10633.0,Endangered,2020-09-08T19:03:37.473+10:00,11698,11698,1km,Endangered
Species,Plantae,Flora,Flora,Orchidaceae,Oberonia,Oberonia titania,titania,Red-flowered King of the Fairies,"Alive in NSW, Native",Vulnerable,True,Category 2,10571.0,Not Listed,2017-10-04T17:41:39.273+11:00,11705,11705,10km,Vulnerable
Species,Plantae,Flora,Flora,Orchidaceae,Pterostylis,Pterostylis gibbosa,gibbosa,Illawarra Greenhood,"Alive in NSW, Native",Endangered,True,Category 2,10701.0,Endangered,2017-10-04T17:35:57.377+11:00,11960,11960,10km,Endangered
Species,Plantae,Flora,Flora,Proteaceae,Grevillea,Grevillea caleyi,caleyi,Caley's Grevillea,"Alive in NSW, Native",Critically Endangered,False,Category 3,10361.0,Critically Endangered,2017-10-04T17:37:30.643+11:00,11971,11971,1km,Critically Endangered
Species,Plantae,Flora,Flora,Orchidaceae,Caladenia,Caladenia concolor,concolor,Crimson Spider Orchid,"Alive in NSW, Native",Endangered,True,Category 2,10122.0,Vulnerable,2017-10-04T17:47:13.61+11:00,12051,12051,10km,Endangered
Species,Plantae,Flora,Flora,Orchidaceae,Caladenia,Caladenia rosella,rosella,Rosella Spider Orchid,"Extinct in NSW, Native",Extinct,True,Category 2,10123.0,Endangered,2020-01-22T14:49:05.617+11:00,12052,12052,10km,Extinct
Subspecies,Plantae,Flora,Flora,Pteridaceae,Cheilanthes,Cheilanthes sieberi subsp. pseudovellea,sieberi,,"Alive in NSW, Native",Endangered,False,Category 3,10163.0,Not Listed,2017-10-04T17:47:10.11+11:00,12054,12054,1km,Endangered
Species,Plantae,Flora,Flora,Grammitidaceae,Grammitis,Grammitis stenophylla,stenophylla,Narrow-leaf Finger Fern,"Alive in NSW, Native",Endangered,False,Category 3,10356.0,Not Listed,2017-10-04T17:47:05.767+11:00,12069,12069,1km,Endangered
Species,Plantae,Flora,Flora,Proteaceae,Grevillea,Grevillea masonii,masonii,Mason's Grevillea,"Alive in NSW, Native",Endangered,False,Category 3,10369.0,Endangered,2017-10-04T17:47:07.14+11:00,12071,12071,1km,Endangered
Species,Plantae,Flora,Flora,Orchidaceae,Prasophyllum,Prasophyllum petilum,petilum,Tarengo Leek Orchid,"Alive in NSW, Native",Endangered,True,Category 2,10666.0,Endangered,2017-10-04T17:47:06.453+11:00,12086,12086,10km,Endangered
Species,Plantae,Flora,Flora,Orchidaceae,Pterostylis,Pterostylis sp. Botany Bay,sp. Botany Bay,Botany Bay Bearded Orchid,"Alive in NSW, Native",Endangered,True,Category 2,10706.0,Endangered,2017-10-04T17:47:06.687+11:00,12090,12090,10km,Endangered
Species,Plantae,Flora,Flora,Violaceae,Viola,Viola cleistogamoides,cleistogamoides,Hidden Violet,"Alive in NSW, Native",Endangered,False,Category 3,10830.0,Not Listed,2017-10-04T17:47:10.33+11:00,12097,12097,1km,Endangered
Species,Plantae,Flora,Flora,Rutaceae,Zieria,Zieria buxijugum,buxijugum,Box Range Zieria,"Alive in NSW, Native",Critically Endangered,False,Category 2,10851.0,Endangered,2017-10-04T17:47:08.53+11:00,12102,12102,10km,Critically Endangered
Species,Plantae,Flora,Flora,Rutaceae,Zieria,Zieria formosa,formosa,Shapely Zieria,"Alive in NSW, Native",Critically Endangered,False,Category 2,10855.0,Endangered,2017-10-04T17:47:08.97+11:00,12106,12106,10km,Critically Endangered
Species,Plantae,Flora,Flora,Rutaceae,Zieria,Zieria parrisiae,parrisiae,Parris' Zieria,"Alive in NSW, Native",Critically Endangered,False,Category 2,10862.0,Critically Endangered,2017-10-04T17:47:25.797+11:00,12109,12109,10km,Critically Endangered
Species,Plantae,Flora,Flora,Orchidaceae,Genoplesium,Genoplesium superbum,superbum,Superb Midge Orchid,"Alive in NSW, Native",Endangered,True,Category 2,20029.0,Not Listed,2017-10-04T17:47:19.157+11:00,12144,12144,10km,Endangered
Species,Plantae,Flora,Flora,Orchidaceae,Microtis,Microtis angusii,angusii,Angus's Onion Orchid,"Alive in NSW, Native",Endangered,True,Category 2,10531.0,Endangered,2017-10-04T17:47:29.5+11:00,12206,12206,10km,Endangered
Species,Plantae,Flora,Flora,Myrtaceae,Micromyrtus,Micromyrtus grandis,grandis,Severn River Heath-myrtle,"Alive in NSW, Native",Endangered,False,Category 3,10528.0,Endangered,2017-10-04T17:47:29.72+11:00,12207,12207,1km,Endangered
Species,Plantae,Flora,Flora,Orchidaceae,Pterostylis,Pterostylis saxicola,saxicola,Sydney Plains Greenhood,"Alive in NSW, Native",Endangered,True,Category 2,10705.0,Endangered,2017-10-04T17:47:29.25+11:00,12212,12212,10km,Endangered
Species,Animalia,Amphibia,Anura,Myobatrachidae,Pseudophryne,Pseudophryne pengilleyi,pengilleyi,Northern Corroboree Frog,"Alive in NSW, Native",Critically Endangered,True,Category 2,10694.0,Critically Endangered,2011-11-11T11:23:07+11:00,12285,12285,10km,Critically Endangered
Species,Plantae,Flora,Flora,Orchidaceae,Genoplesium,Genoplesium plumosum,plumosum,Tallong Midge Orchid,"Alive in NSW, Native",Critically Endangered,True,Category 2,10341.0,Endangered,2017-10-04T17:47:39.407+11:00,12287,12287,10km,Critically Endangered
Species,Plantae,Flora,Flora,Myrtaceae,Angophora,Angophora exul,exul,Gibraltar Rock Apple,"Alive in NSW, Native",Endangered,False,Category 3,10052.0,Not Listed,2017-10-04T17:47:47.22+11:00,12355,12355,1km,Endangered
Species,Plantae,Flora,Flora,Myrtaceae,Eucalyptus,Eucalyptus dissita,dissita,Gibraltar Mallee,"Alive in NSW, Native",Vulnerable,False,Category 3,10293.0,Not Listed,2017-10-04T17:47:47.5+11:00,12356,12356,1km,Vulnerable
Species,Plantae,Flora,Flora,Myrtaceae,Baeckea,Baeckea kandos,kandos,,"Alive in NSW, Native",Endangered,False,Category 3,10086.0,Endangered,2017-10-04T17:48:02.69+11:00,12474,12474,1km,Endangered
Species,Plantae,Flora,Flora,Rhamnaceae,Pomaderris,Pomaderris adnata,adnata,Sublime Point Pomaderris,"Alive in NSW, Native",Endangered,False,Category 3,10646.0,Not Listed,2017-10-04T17:48:05.64+11:00,12493,12493,1km,Endangered
Species,Plantae,Flora,Flora,Lamiaceae,Prostanthera,Prostanthera palustris,palustris,Swamp Mint-bush,"Alive in NSW, Native",Vulnerable,False,Category 3,10679.0,Vulnerable,2017-10-04T17:48:10.08+11:00,12525,12525,1km,Vulnerable
Subspecies,Plantae,Flora,Flora,Thymelaeaceae,Pimelea,Pimelea axiflora subsp. pubescens,axiflora,Bungonia Rice-flower,"Alive in NSW, Native",Endangered,False,Category 2,20055.0,Not Listed,2017-10-04T17:48:10.563+11:00,12529,12529,10km,Endangered
Species,Plantae,Flora,Flora,Orchidaceae,Pterostylis,Pterostylis elegans,elegans,Elegant Greenhood,"Alive in NSW, Native",Vulnerable,True,Category 2,10700.0,Not Listed,2017-10-04T17:48:13.11+11:00,12552,12552,10km,Vulnerable
Species,Plantae,Flora,Flora,Orchidaceae,Pterostylis,Pterostylis metcalfei,metcalfei,Metcalfe's Greenhood,"Alive in NSW, Native",Endangered,True,Category 2,10702.0,Not Listed,2017-10-04T17:48:13.377+11:00,12553,12553,10km,Endangered
Subspecies,Plantae,Flora,Flora,Myrtaceae,Eucalyptus,Eucalyptus pachycalyx subsp. banyabba,pachycalyx,Banyabba Shiny-barked Gum,"Alive in NSW, Native",Endangered,False,Category 3,10304.0,Endangered,2017-10-04T17:48:14.423+11:00,12563,12563,1km,Endangered
Species,Plantae,Flora,Flora,Fabaceae (Faboideae),Pultenaea,Pultenaea sp. Olinda,sp. Olinda,,"Alive in NSW, Native",Endangered,False,Category 3,10718.0,Not Listed,2017-10-04T17:48:21.377+11:00,12660,12660,1km,Endangered
Species,Plantae,Flora,Flora,Proteaceae,Persoonia,Persoonia pauciflora,pauciflora,North Rothbury Persoonia,"Alive in NSW, Native",Critically Endangered,True,Category 3,10599.0,Critically Endangered,2017-10-04T17:20:12.48+11:00,13441,13441,1km,Critically Endangered
Species,Plantae,Flora,Flora,Araceae,Typhonium,Typhonium sp. aff. brownii,sp. aff. brownii,Stinky Lily,"Alive in NSW, Native",Endangered,False,Category 3,10818.0,Not Listed,2017-10-04T17:20:18.123+11:00,13469,13469,1km,Endangered
Species,Plantae,Flora,Flora,Rutaceae,Boronia,Boronia boliviensis,boliviensis,Bolivia Hill Boronia,"Alive in NSW, Native",Endangered,True,Category 3,10096.0,Not Listed,2017-10-04T17:20:18.53+11:00,13471,13471,1km,Endangered
Species,Plantae,Flora,Flora,Orchidaceae,Diuris,Diuris arenaria,arenaria,Sand Doubletail,"Alive in NSW, Native",Endangered,True,Category 2,10236.0,Not Listed,2017-10-04T17:20:19.873+11:00,13485,13485,10km,Endangered
Species,Plantae,Flora,Flora,Proteaceae,Hakea,Hakea archaeoides,archaeoides,Big Nellie Hakea,"Alive in NSW, Native",Vulnerable,False,Category 3,10387.0,Vulnerable,2017-10-04T17:20:26.263+11:00,13521,13521,1km,Vulnerable
Subspecies,Plantae,Flora,Flora,Rutaceae,Leionema,Leionema lamprophyllum subsp. obovatum,lamprophyllum,,"Alive in NSW, Native",Not Listed,False,Category 2,,Not Listed,2018-10-22T16:57:54.663+11:00,13645,13645,10km,Not Listed
Species,Plantae,Flora,Flora,Orchidaceae,Caladenia,Caladenia porphyrea,porphyrea,,"Alive in NSW, Native",Not Listed,True,Category 2,20045.0,Not Listed,2017-10-04T17:20:52.357+11:00,13667,13667,10km,Not Listed
Species,Plantae,Flora,Flora,Orchidaceae,Prasophyllum,Prasophyllum canaliculatum,canaliculatum,Summer Leek Orchid,"Alive in NSW, Native",Critically Endangered,True,Category 2,20064.0,Not Listed,2017-10-04T17:20:52.983+11:00,13671,13671,10km,Critically Endangered
Species,Plantae,Flora,Flora,Cunoniaceae,Davidsonia,Davidsonia jerseyana,jerseyana,Davidson's Plum,"Alive in NSW, Native",Endangered,False,Category 2,10208.0,Endangered,2017-10-04T17:20:54.28+11:00,13681,13681,10km,Endangered
Species,Plantae,Flora,Flora,Fabaceae (Mimosoideae),Acacia,Acacia atrox,atrox,Myall Creek Wattle,"Alive in NSW, Native",Endangered,False,Category 3,10003.0,Not Listed,2020-01-21T10:58:52.833+11:00,13734,13734,1km,Endangered
Species,Animalia,Insecta,Coleoptera,Carabidae,Nurus,Nurus atlas,atlas,Atlas Rainforest Ground-beetle,"Alive in NSW, Native",Endangered,False,Category 3,10564.0,Not Listed,2012-11-05T16:32:20.143+11:00,13783,13783,1km,Endangered
Species,Animalia,Insecta,Coleoptera,Carabidae,Nurus,Nurus brevis,brevis,Shorter Rainforest Ground-beetle,"Alive in NSW, Native",Endangered,False,Category 3,10565.0,Not Listed,2012-11-05T16:33:09.093+11:00,13784,13784,1km,Endangered
Species,Plantae,Flora,Flora,Araucariaceae,Wollemia,Wollemia nobilis,nobilis,Wollemi Pine,"Alive in NSW, Native",Critically Endangered,True,Category 1,10840.0,Critically Endangered,2018-10-26T23:43:22.22+11:00,13940,13940,WITHHOLD,Critically Endangered
Species,Plantae,Flora,Flora,Orchidaceae,Diuris,"Diuris sp. (Oaklands, D.L. Jones 5380)","sp. (Oaklands, D.L. Jones 5380)",Oaklands Diuris,"Alive in NSW, Native",Endangered,True,Category 2,10242.0,Not Listed,2017-10-04T17:21:30.623+11:00,13945,13945,10km,Endangered
Species,Plantae,Flora,Flora,Orchidaceae,Caladenia,Caladenia attenuata,attenuata,Duramana Fingers,"Alive in NSW, Native",Critically Endangered,True,Category 2,20276.0,Critically Endangered,2018-10-26T23:43:22.487+11:00,13987,13987,10km,Critically Endangered
Subspecies,Animalia,Aves,Psittaciformes,Cacatuidae,Calyptorhynchus,Calyptorhynchus banksii banksii,banksii,Red-tailed Black-Cockatoo (coastal subspecies),"Alive in NSW, Native",Critically Endangered,True,Category 2,20109.0,Not Listed,2015-06-10T16:52:21.32+10:00,14270,14270,10km,Critically Endangered
Subspecies,Animalia,Aves,Psittaciformes,Cacatuidae,Calyptorhynchus,Calyptorhynchus banksii samueli,banksii,Red-tailed Black-Cockatoo (inland subspecies),"Alive in NSW, Native",Vulnerable,True,Category 2,10138.0,Not Listed,2015-06-10T16:50:14.917+10:00,14272,14272,10km,Vulnerable
Subspecies,Animalia,Aves,Psittaciformes,Psittacidae,Pezoporus,Pezoporus wallicus wallicus,wallicus,Eastern Ground Parrot,"Alive in NSW, Native",Vulnerable,True,Category 3,10608.0,Not Listed,2011-11-11T11:23:07+11:00,14891,14891,1km,Vulnerable
Species,Animalia,Aves,Strigiformes,Tytonidae,Tyto,Tyto longimembris,longimembris,Eastern Grass Owl,"Alive in NSW, Native",Vulnerable,True,Category 3,10819.0,Not Listed,2012-11-05T14:57:16.61+11:00,14999,14999,1km,Vulnerable
Species,Plantae,Flora,Flora,Orchidaceae,Genoplesium,Genoplesium vernale,vernale,East Lynne Midge Orchid,"Alive in NSW, Native",Vulnerable,True,Category 2,10343.0,Vulnerable,2017-10-04T17:21:42.56+11:00,15017,15017,10km,Vulnerable
Species,Plantae,Flora,Flora,Orchidaceae,Prasophyllum,Prasophyllum retroflexum,retroflexum,Kiandra Leek Orchid,"Alive in NSW, Native",Vulnerable,True,Category 2,10667.0,Vulnerable,2017-10-04T17:21:49.64+11:00,15679,15679,10km,Vulnerable
Species,Plantae,Flora,Flora,Proteaceae,Eidothea,Eidothea hardeniana,hardeniana,Nightcap Oak,"Alive in NSW, Native",Endangered,False,Category 2,10260.0,Critically Endangered,2017-10-04T17:21:54+11:00,15755,15755,10km,Endangered
Species,Plantae,Flora,Flora,Orchidaceae,Thelymitra,Thelymitra adorata,adorata,Wyong Sun Orchid,"Alive in NSW, Native",Critically Endangered,True,Category 2,20099.0,Critically Endangered,2017-10-04T17:22:04+11:00,15870,15870,10km,Critically Endangered
Species,Animalia,Reptilia,Squamata,Scincidae,Liopholis,Liopholis guthega,guthega,Guthega Skink,"Alive in NSW, Native",Endangered,True,Category 2,20251.0,Endangered,2021-10-13T15:28:51.313+11:00,15968,15968,10km,Endangered
Species,Plantae,Flora,Flora,Orchidaceae,Thelymitra,Thelymitra atronitida,atronitida,Black-hooded Sun Orchid,"Alive in NSW, Native",Critically Endangered,True,Category 2,20060.0,Not Listed,2017-10-04T17:22:16.61+11:00,16128,16128,10km,Critically Endangered
Species,Plantae,Flora,Flora,Orchidaceae,Diuris,Diuris ochroma,ochroma,Pale Golden Moths,"Alive in NSW, Native",Endangered,True,Category 2,10926.0,Vulnerable,2017-10-04T17:22:18.623+11:00,16141,16141,10km,Endangered
Species,Animalia,Amphibia,Anura,Limnodynastidae,Philoria,Philoria pughi,pughi,,"Alive in NSW, Native",Endangered,True,Category 2,10971.0,Not Listed,2021-02-01T18:08:26.567+11:00,16143,16143,10km,Endangered
Species,Animalia,Amphibia,Anura,Limnodynastidae,Philoria,Philoria richmondensis,richmondensis,,"Alive in NSW, Native",Endangered,True,Category 2,10972.0,Not Listed,2021-02-01T18:08:26.757+11:00,16144,16144,10km,Endangered
Species,Plantae,Flora,Flora,Orchidaceae,Corybas,Corybas dowlingii,dowlingii,Red Helmet Orchid,"Alive in NSW, Native",Endangered,True,Category 2,20058.0,Not Listed,2017-10-04T17:22:27.03+11:00,16397,16397,10km,Endangered
Species,Plantae,Flora,Flora,Orchidaceae,Pterostylis,Pterostylis despectans,despectans,,"Alive in NSW, Native",Critically Endangered,True,Category 2,20086.0,Endangered,2017-10-04T17:22:28.937+11:00,16424,16424,10km,Critically Endangered
Species,Plantae,Flora,Flora,Orchidaceae,Caladenia,Caladenia montana,montana,,"Alive in NSW, Native",Vulnerable,True,Category 2,20302.0,Not Listed,2018-10-26T23:43:22.957+11:00,16463,16463,10km,Vulnerable
Species,Plantae,Flora,Flora,Fabaceae (Faboideae),Pultenaea,Pultenaea sp. Genowlan Point,sp. Genowlan Point,,"Alive in NSW, Native",Critically Endangered,False,Category 3,10717.0,Critically Endangered,2017-10-04T17:22:42.313+11:00,16520,16520,1km,Critically Endangered
Species,Plantae,Flora,Flora,Fabaceae (Faboideae),Pultenaea,Pultenaea elusa,elusa,Elusive Bush-pea,"Alive in NSW, Native",Critically Endangered,False,Category 3,10713.0,Endangered,2021-03-05T12:50:07.29+11:00,17497,17497,1km,Critically Endangered
Species,Plantae,Flora,Flora,Orchidaceae,Genoplesium,Genoplesium littorale,littorale,Tuncurry Midge Orchid,"Alive in NSW, Native",Critically Endangered,True,Category 2,20110.0,Critically Endangered,2017-10-04T17:23:38.987+11:00,17637,17637,10km,Critically Endangered
Species,Plantae,Flora,Flora,Rhamnaceae,Pomaderris,Pomaderris walshii,walshii,Carrington Falls Pomaderris,"Alive in NSW, Native",Critically Endangered,False,Category 2,20054.0,Not Listed,2021-03-05T13:48:59.15+11:00,17755,17755,10km,Critically Endangered
Species,Animalia,Aves,Falconiformes,Accipitridae,Pandion,Pandion cristatus,cristatus,Eastern Osprey,"Alive in NSW, Native",Vulnerable,True,Category 3,10585.0,Not Listed,2020-10-13T08:59:11.34+11:00,17828,17828,1km,Vulnerable
Species,Plantae,Flora,Flora,Orchidaceae,Prasophyllum,Prasophyllum innubum,innubum,,"Alive in NSW, Native",Critically Endangered,True,Category 2,20084.0,Critically Endangered,2017-10-04T17:23:58.347+11:00,17978,17978,10km,Critically Endangered
Species,Plantae,Flora,Flora,Orchidaceae,Prasophyllum,Prasophyllum keltonii,keltonii,Kelton's Leek Orchid,"Alive in NSW, Native",Critically Endangered,True,Category 2,20085.0,Critically Endangered,2017-10-04T17:23:58.703+11:00,17979,17979,10km,Critically Endangered
Species,Plantae,Flora,Flora,Orchidaceae,Thelymitra,Thelymitra kangaloonica,kangaloonica,Kangaloon Sun Orchid,"Alive in NSW, Native",Critically Endangered,True,Category 2,20168.0,Critically Endangered,2017-10-04T17:25:21.38+11:00,18750,18750,10km,Critically Endangered
Species,Plantae,Flora,Flora,Orchidaceae,Calochilus,Calochilus pulchellus,pulchellus,Pretty Beard Orchid,"Alive in NSW, Native",Endangered,True,Category 2,20092.0,Not Listed,2017-10-04T17:25:53.643+11:00,19043,19043,10km,Endangered
Species,Plantae,Flora,Flora,Orchidaceae,Prasophyllum,Prasophyllum sp. Moama,sp. Moama,,"Alive in NSW, Native",Critically Endangered,True,Category 2,20103.0,Not Listed,2017-10-04T17:25:55.787+11:00,19133,19133,10km,Critically Endangered
Species,Animalia,Insecta,Lepidoptera,Lycaenidae,Jalmenus,Jalmenus eubulus,eubulus,Pale Imperial Hairstreak,"Alive in NSW, Native",Critically Endangered,False,Category 2,20123.0,Not Listed,2011-11-11T11:22:59+11:00,19440,19440,10km,Critically Endangered
Species,Plantae,Flora,Flora,Orchidaceae,Prasophyllum,Prasophyllum pallens,pallens,Musty Leek Orchid,"Alive in NSW, Native",Vulnerable,True,Category 2,20132.0,Not Listed,2012-09-04T17:17:29.873+10:00,19622,19622,10km,Vulnerable
Species,Plantae,Flora,Flora,Orchidaceae,Pterostylis,Pterostylis bicornis,bicornis,Horned Greenhood,"Alive in NSW, Native",Endangered,True,Category 2,20167.0,Vulnerable,2017-10-04T17:26:13.35+11:00,19775,19775,10km,Endangered
Species,Plantae,Flora,Flora,Orchidaceae,Genoplesium,Genoplesium insigne,insigne,Variable Midge Orchid,"Alive in NSW, Native",Critically Endangered,True,Category 2,10340.0,Critically Endangered,2018-10-26T23:43:24.847+11:00,19875,19875,10km,Critically Endangered
Species,Plantae,Flora,Flora,Orchidaceae,Prasophyllum,Prasophyllum bagoense,bagoense,,"Alive in NSW, Native",Critically Endangered,True,Category 2,10938.0,Critically Endangered,2018-10-26T23:43:25.113+11:00,19905,19905,10km,Critically Endangered
Species,Plantae,Flora,Flora,Orchidaceae,Diuris,Diuris eborensis,eborensis,,"Alive in NSW, Native",Endangered,True,Category 2,20293.0,Endangered,2018-10-26T23:43:25.33+11:00,20184,20184,10km,Endangered
Species,Plantae,Flora,Flora,Orchidaceae,Pterostylis,Pterostylis riparia,riparia,,"Alive in NSW, Native",Vulnerable,True,Category 2,10699.0,Vulnerable,2020-09-14T14:46:10.13+10:00,20187,20187,10km,Vulnerable
Species,Plantae,Flora,Flora,Orchidaceae,Pterostylis,Pterostylis ventricosa,ventricosa,,"Alive in NSW, Native",Critically Endangered,True,Category 2,20162.0,Not Listed,2020-09-14T14:47:26.687+10:00,20264,20264,10km,Critically Endangered
Species,Plantae,Flora,Flora,Orchidaceae,Pterostylis,Pterostylis vernalis,vernalis,,"Alive in NSW, Native",Critically Endangered,True,Category 2,20163.0,Critically Endangered,2017-10-04T17:26:47.833+11:00,20265,20265,10km,Critically Endangered
Species,Plantae,Flora,Flora,Orchidaceae,Corunastylis,Corunastylis sp. Charmhaven (NSW896673),sp. Charmhaven (NSW896673),,"Alive in NSW, Native",Critically Endangered,True,Category 2,20266.0,Critically Endangered,2018-10-22T18:03:18.47+11:00,20623,20623,10km,Critically Endangered
Species,Plantae,Flora,Flora,Elaeocarpaceae,Elaeocarpus,Elaeocarpus sedentarius,sedentarius,Minyon Quandong,"Alive in NSW, Native",Endangered,False,Category 3,10261.0,Endangered,2017-10-04T17:27:12.223+11:00,20749,20749,1km,Endangered
Species,Plantae,Flora,Flora,Orchidaceae,Thelymitra,Thelymitra alpicola,alpicola,Alpine Sun-orchid,"Alive in NSW, Native",Vulnerable,True,Category 2,20296.0,Not Listed,2020-09-08T19:35:47.397+10:00,21113,21113,10km,Vulnerable
Species,Plantae,Flora,Flora,Proteaceae,Banksia,Banksia vincentia,vincentia,,"Alive in NSW, Native",Critically Endangered,False,Category 2,20291.0,Critically Endangered,2018-10-26T23:43:27.613+11:00,21116,21116,10km,Critically Endangered
Species,Animalia,Reptilia,Testudines,Chelidae,Myuchelys,Myuchelys georgesi,georgesi,Bellinger River Snapping Turtle,"Alive in NSW, Native",Critically Endangered,True,Category 2,20301.0,Critically Endangered,2018-08-29T14:35:54.777+10:00,21275,21275,10km,Critically Endangered
Species,Plantae,Flora,Flora,Lamiaceae,Prostanthera,Prostanthera gilesii,gilesii,,"Alive in NSW, Native",Critically Endangered,False,Category 2,20332.0,Not Listed,2018-10-26T23:43:28.113+11:00,21315,21315,10km,Critically Endangered
Species,Plantae,Flora,Flora,Orchidaceae,Diuris,Diuris byronensis,byronensis,Byron Bay Diuris,"Alive in NSW, Native",Endangered,True,Category 2,10241.0,Not Listed,2019-06-24T13:49:21.473+10:00,21481,21481,10km,Endangered
Species,Plantae,Flora,Flora,Dilleniaceae,Hibbertia,Hibbertia spanantha,spanantha,Julian's Hibbertia,"Alive in NSW, Native",Critically Endangered,False,Category 2,20279.0,Critically Endangered,2016-11-28T10:11:41.093+11:00,21483,21483,10km,Critically Endangered
Species,Plantae,Flora,Flora,Apiaceae,Gingidia,Gingidia rupicola,rupicola,,"Alive in NSW, Native",Endangered,False,Category 3,10351.0,Endangered,2020-01-23T17:13:55.44+11:00,21529,21529,1km,Endangered
Subspecies,Animalia,Aves,Passeriformes,Maluridae,Amytornis,Amytornis modestus inexpectatus,modestus,Thick-billed Grasswren (central NSW subspecies),"Alive in NSW, Native",Extinct,True,Category 2,20329.0,Not Listed,2018-08-29T16:22:31.857+10:00,21535,21535,10km,Extinct
Subspecies,Animalia,Aves,Passeriformes,Maluridae,Amytornis,Amytornis modestus obscurior,modestus,Thick-billed Grasswren (north-west NSW subspecies),"Alive in NSW, Native",Critically Endangered,True,Category 2,10049.0,Critically Endangered,2018-08-29T16:26:40.91+10:00,21541,21541,10km,Critically Endangered
Subspecies,Plantae,Flora,Flora,Poaceae,Anthosachne,Anthosachne kingiana subsp. kingiana,kingiana,Philip Island Wheat Grass,"Alive in NSW, Native",Critically Endangered,False,Category 3,20148.0,Critically Endangered,2020-01-23T17:14:13.01+11:00,23014,23014,1km,Critically Endangered
Species,Plantae,Flora,Flora,Orchidaceae,Caladenia,Caladenia tensa,tensa,Rigid Spider-orchid,"Alive in NSW, Native",Not Listed,True,Category 2,,Not Listed,2020-06-23T19:56:43.85+10:00,23737,23737,10km,Not Listed
Species,Plantae,Flora,Flora,Orchidaceae,Caladenia,Caladenia atroclavia,atroclavia,Black-clubbed Spider-orchid,"Alive in NSW, Native",Not Listed,True,Category 2,20365.0,Endangered,2020-06-23T19:51:08.733+10:00,23738,23738,10km,Not Listed
Species,Plantae,Flora,Flora,Orchidaceae,Prasophyllum,Prasophyllum sandrae,sandrae,Majors Creek Leek Orchid,"Alive in NSW, Native",Critically Endangered,False,Category 2,10668.0,Not Listed,2021-12-31T11:53:58.467+11:00,24268,24268,10km,Critically Endangered
Species,Plantae,Flora,Flora,Myrtaceae,Backhousia,Backhousia subargentea,subargentea,Giant Ironwood,"Alive in NSW, Native",Endangered,False,Category 3,10166.0,Not Listed,2021-03-17T14:00:40.507+11:00,24270,24270,1km,Endangered
