scientificName,family,genus,vernacularName,generalisation
Acacia atrox,Fabaceae (Mimosoideae),Acacia,Myall Creek Wattle,1km
Acacia dangarensis,Fabaceae (Mimosoideae),Acacia,,1km
Allocasuarina portuensis,Casuarinaceae,Allocasuarina,Nielsen Park She-oak,1km
Amytornis modestus inexpectatus,Maluridae,Amytornis,Thick-billed Grasswren (central NSW subspecies),10km
Amytornis modestus obscurior,Maluridae,Amytornis,Thick-billed Grasswren (north-west NSW subspecies),10km
Angiopteris evecta,Marattiaceae,Angiopteris,Giant Fern,10km
Angophora exul,Myrtaceae,Angophora,Gibraltar Rock Apple,1km
Anthochaera phrygia,Meliphagidae,Anthochaera,Regent Honeyeater,10km
Anthosachne kingiana subsp. kingiana,Poaceae,Anthosachne,Philip Island Wheat Grass,1km
Arthropteris palisotii,Davalliaceae,Arthropteris,Lesser Creeping Fern,1km
Backhousia subargentea,Myrtaceae,Backhousia,Giant Ironwood,1km
Baeckea kandos,Myrtaceae,Baeckea,,1km
Banksia conferta,Proteaceae,Banksia,,10km
Banksia vincentia,Proteaceae,Banksia,,10km
Boronia boliviensis,Rutaceae,Boronia,Bolivia Hill Boronia,1km
Bulbophyllum globuliforme,Orchidaceae,Bulbophyllum,Hoop Pine Orchid,10km
Caladenia arenaria,Orchidaceae,Caladenia,Sand-hill Spider Orchid,10km
Caladenia atroclavia,Orchidaceae,Caladenia,Black-clubbed Spider-orchid,10km
Caladenia attenuata,Orchidaceae,Caladenia,Duramana Fingers,10km
Caladenia concolor,Orchidaceae,Caladenia,Crimson Spider Orchid,10km
Caladenia montana,Orchidaceae,Caladenia,,10km
Caladenia porphyrea,Orchidaceae,Caladenia,,10km
Caladenia rosella,Orchidaceae,Caladenia,Rosella Spider Orchid,10km
Caladenia tensa,Orchidaceae,Caladenia,Rigid Spider-orchid,10km
Caladenia tessellata,Orchidaceae,Caladenia,Thick Lip Spider Orchid,10km
Callistemon linearifolius,Myrtaceae,Callistemon,Netted Bottle Brush,1km
Callocephalon fimbriatum,Cacatuidae,Callocephalon,Gang-gang Cockatoo,1km
Calochilus pulchellus,Orchidaceae,Calochilus,Pretty Beard Orchid,10km
Calyptorhynchus banksii banksii,Cacatuidae,Calyptorhynchus,Red-tailed Black-Cockatoo (coastal subspecies),10km
Calyptorhynchus banksii samueli,Cacatuidae,Calyptorhynchus,Red-tailed Black-Cockatoo (inland subspecies),10km
Calyptorhynchus lathami,Cacatuidae,Calyptorhynchus,Glossy Black-Cockatoo,10km
Cheilanthes sieberi subsp. pseudovellea,Pteridaceae,Cheilanthes,,1km
Chiloglottis anaticeps,Orchidaceae,Chiloglottis,Bird Orchid,10km
Chiloglottis platyptera,Orchidaceae,Chiloglottis,Barrington Tops Ant Orchid,10km
Corunastylis sp. Charmhaven (NSW896673),Orchidaceae,Corunastylis,,10km
Corybas dowlingii,Orchidaceae,Corybas,Red Helmet Orchid,10km
Cryptostylis hunteriana,Orchidaceae,Cryptostylis,Leafless Tongue Orchid,10km
Cyclodomorphus praealtus,Scincidae,Cyclodomorphus,Alpine She-oak Skink,10km
Cyclopsitta diophthalma coxeni,Psittacidae,Cyclopsitta,Coxen's Fig-Parrot,10km
Cymbidium canaliculatum,Orchidaceae,Cymbidium,Tiger Orchid,10km
Dasyornis brachypterus,Dasyornithidae,Dasyornis,Eastern Bristlebird,10km
Davidsonia jerseyana,Cunoniaceae,Davidsonia,Davidson's Plum,10km
Dendrobium melaleucaphilum,Orchidaceae,Dendrobium,Spider orchid,10km
Diploglottis campbellii,Sapindaceae,Diploglottis,Small-leaved Tamarind,10km
Diuris aequalis,Orchidaceae,Diuris,Buttercup Doubletail,10km
Diuris arenaria,Orchidaceae,Diuris,Sand Doubletail,10km
Diuris bracteata,Orchidaceae,Diuris,,10km
Diuris byronensis,Orchidaceae,Diuris,Byron Bay Diuris,10km
Diuris disposita,Orchidaceae,Diuris,Willawarrin Doubletail,10km
Diuris eborensis,Orchidaceae,Diuris,,10km
Diuris flavescens,Orchidaceae,Diuris,Pale Yellow Doubletail,10km
Diuris ochroma,Orchidaceae,Diuris,Pale Golden Moths,10km
Diuris pedunculata,Orchidaceae,Diuris,Small Snake Orchid,10km
Diuris praecox,Orchidaceae,Diuris,Rough Doubletail,10km
"Diuris sp. (Oaklands, D.L. Jones 5380)",Orchidaceae,Diuris,Oaklands Diuris,10km
Diuris tricolor,Orchidaceae,Diuris,Pine Donkey Orchid,10km
Diuris venosa,Orchidaceae,Diuris,Veined Doubletail,10km
Drynaria rigidula,Polypodiaceae,Drynaria,Basket Fern,1km
Eidothea hardeniana,Proteaceae,Eidothea,Nightcap Oak,10km
Elaeocarpus sedentarius,Elaeocarpaceae,Elaeocarpus,Minyon Quandong,1km
Elaeocarpus williamsianus,Elaeocarpaceae,Elaeocarpus,Hairy Quandong,1km
Erythrotriorchis radiatus,Accipitridae,Erythrotriorchis,Red Goshawk,10km
Eucalyptus copulans,Myrtaceae,Eucalyptus,,1km
Eucalyptus dissita,Myrtaceae,Eucalyptus,Gibraltar Mallee,1km
Eucalyptus imlayensis,Myrtaceae,Eucalyptus,Imlay Mallee,1km
Eucalyptus pachycalyx subsp. banyabba,Myrtaceae,Eucalyptus,Banyabba Shiny-barked Gum,1km
Euphrasia scabra,Orobanchaceae,Euphrasia,Rough Eyebright,1km
Falco hypoleucos,Falconidae,Falco,Grey Falcon,10km
Fontainea oraria,Euphorbiaceae,Fontainea,Coastal Fontainea,10km
Genoplesium baueri,Orchidaceae,Genoplesium,Bauer's Midge Orchid,10km
Genoplesium insigne,Orchidaceae,Genoplesium,Variable Midge Orchid,10km
Genoplesium littorale,Orchidaceae,Genoplesium,Tuncurry Midge Orchid,10km
Genoplesium plumosum,Orchidaceae,Genoplesium,Tallong Midge Orchid,10km
Genoplesium rhyoliticum,Orchidaceae,Genoplesium,Rhyolite Midge Orchid,10km
Genoplesium superbum,Orchidaceae,Genoplesium,Superb Midge Orchid,10km
Genoplesium vernale,Orchidaceae,Genoplesium,East Lynne Midge Orchid,10km
Gentiana bredboensis,Gentianaceae,Gentiana,Bredbo Gentian,10km
Gentiana wingecarribiensis,Gentianaceae,Gentiana,Wingecarribee Gentian,1km
Geodorum densiflorum,Orchidaceae,Geodorum,Pink Nodding Orchid,10km
Gingidia rupicola,Apiaceae,Gingidia,,1km
Glossopsitta porphyrocephala,Psittacidae,Glossopsitta,Purple-crowned Lorikeet,1km
Grammitis stenophylla,Grammitidaceae,Grammitis,Narrow-leaf Finger Fern,1km
Grevillea beadleana,Proteaceae,Grevillea,Beadle's Grevillea,1km
Grevillea caleyi,Proteaceae,Grevillea,Caley's Grevillea,1km
Grevillea divaricata,Proteaceae,Grevillea,,1km
Grevillea iaspicula,Proteaceae,Grevillea,Wee Jasper Grevillea,10km
Grevillea masonii,Proteaceae,Grevillea,Mason's Grevillea,1km
Grevillea mollis,Proteaceae,Grevillea,Soft Grevillea,1km
Gyrostemon thesioides,Gyrostemonaceae,Gyrostemon,,1km
Hakea archaeoides,Proteaceae,Hakea,Big Nellie Hakea,1km
Hakea pulvinifera,Proteaceae,Hakea,Lake Keepit Hakea,10km
Hamirostra melanosternon,Accipitridae,Hamirostra,Black-breasted Buzzard,1km
Hibbertia spanantha,Dilleniaceae,Hibbertia,Julian's Hibbertia,10km
Hoplocephalus bungaroides,Elapidae,Hoplocephalus,Broad-headed Snake,10km
Indigofera efoliata,Fabaceae (Faboideae),Indigofera,Leafless Indigo,1km
Isotoma fluviatilis subsp. fluviatilis,Campanulaceae,Isotoma,,1km
Jalmenus eubulus,Lycaenidae,Jalmenus,Pale Imperial Hairstreak,10km
Lastreopsis hispida,Dryopteridaceae,Lastreopsis,Bristly Shield Fern,1km
Leionema lamprophyllum subsp. obovatum,Rutaceae,Leionema,,10km
Leucopogon confertus,Ericaceae,Leucopogon,Torrington Beard-heath,1km
Lindsaea brachypoda,Lindsaeaceae,Lindsaea,Short-footed Screw Fern,1km
Lindsaea fraseri,Lindsaeaceae,Lindsaea,Fraser's Screw Fern,1km
Lindsaea incisa,Lindsaeaceae,Lindsaea,Slender Screw Fern,1km
Liopholis guthega,Scincidae,Liopholis,Guthega Skink,10km
Lophochroa leadbeateri,Cacatuidae,Lophochroa,Major Mitchell's Cockatoo,10km
Lophoictinia isura,Accipitridae,Lophoictinia,Square-tailed Kite,1km
Lysimachia vulgaris var. davurica,Primulaceae,Lysimachia,Yellow Loosestrife,1km
Micromyrtus grandis,Myrtaceae,Micromyrtus,Severn River Heath-myrtle,1km
Microtis angusii,Orchidaceae,Microtis,Angus's Onion Orchid,10km
Mixophyes balbus,Myobatrachidae,Mixophyes,Stuttering Frog,10km
Mixophyes fleayi,Myobatrachidae,Mixophyes,Fleay's Barred Frog,10km
Mixophyes iteratus,Myobatrachidae,Mixophyes,Giant Barred Frog,10km
Myriophyllum implicatum,Haloragaceae,Myriophyllum,,10km
Myuchelys georgesi,Chelidae,Myuchelys,Bellinger River Snapping Turtle,10km
Neophema chrysogaster,Psittacidae,Neophema,Orange-bellied Parrot,1km
Neophema pulchella,Psittacidae,Neophema,Turquoise Parrot,1km
Ninox connivens,Strigidae,Ninox,Barking Owl,1km
Ninox strenua,Strigidae,Ninox,Powerful Owl,1km
Nurus atlas,Carabidae,Nurus,Atlas Rainforest Ground-beetle,1km
Nurus brevis,Carabidae,Nurus,Shorter Rainforest Ground-beetle,1km
Oberonia complanata,Orchidaceae,Oberonia,Yellow-flowered King of the Fairies,10km
Oberonia titania,Orchidaceae,Oberonia,Red-flowered King of the Fairies,10km
Pandion cristatus,Accipitridae,Pandion,Eastern Osprey,1km
Pedionomus torquatus,Pedionomidae,Pedionomus,Plains-wanderer,1km
Peristeranthus hillii,Orchidaceae,Peristeranthus,Brown Fairy-chain Orchid,10km
Persoonia hirsuta,Proteaceae,Persoonia,Hairy Geebung,1km
Persoonia pauciflora,Proteaceae,Persoonia,North Rothbury Persoonia,1km
Pezoporus wallicus wallicus,Psittacidae,Pezoporus,Eastern Ground Parrot,1km
Phaius australis,Orchidaceae,Phaius,Southern Swamp Orchid,10km
Philoria kundagungan,Limnodynastidae,Philoria,Mountain Frog,10km
Philoria loveridgei,Limnodynastidae,Philoria,Loveridge's Frog,10km
Philoria pughi,Limnodynastidae,Philoria,,10km
Philoria richmondensis,Limnodynastidae,Philoria,,10km
Pilularia novae-hollandiae,Marsileaceae,Pilularia,Austral Pillwort,1km
Pimelea axiflora subsp. pubescens,Thymelaeaceae,Pimelea,Bungonia Rice-flower,10km
Pimelea venosa,Thymelaeaceae,Pimelea,Bolivia Hill Rice-flower,1km
Platyzoma microphyllum,Pteridaceae,Platyzoma,Braid Fern,1km
Polytelis anthopeplus monarchoides,Psittacidae,Polytelis,Regent Parrot (eastern subspecies),1km
Polytelis swainsonii,Psittacidae,Polytelis,Superb Parrot,1km
Pomaderris adnata,Rhamnaceae,Pomaderris,Sublime Point Pomaderris,1km
Pomaderris walshii,Rhamnaceae,Pomaderris,Carrington Falls Pomaderris,10km
Prasophyllum affine,Orchidaceae,Prasophyllum,Jervis Bay Leek Orchid,10km
Prasophyllum bagoense,Orchidaceae,Prasophyllum,,10km
Prasophyllum canaliculatum,Orchidaceae,Prasophyllum,Summer Leek Orchid,10km
Prasophyllum fuscum,Orchidaceae,Prasophyllum,Slaty Leek Orchid,10km
Prasophyllum innubum,Orchidaceae,Prasophyllum,,10km
Prasophyllum keltonii,Orchidaceae,Prasophyllum,Kelton's Leek Orchid,10km
Prasophyllum pallens,Orchidaceae,Prasophyllum,Musty Leek Orchid,10km
Prasophyllum petilum,Orchidaceae,Prasophyllum,Tarengo Leek Orchid,10km
Prasophyllum retroflexum,Orchidaceae,Prasophyllum,Kiandra Leek Orchid,10km
Prasophyllum sandrae,Orchidaceae,Prasophyllum,Majors Creek Leek Orchid,10km
Prasophyllum sp. Moama,Orchidaceae,Prasophyllum,,10km
Prostanthera gilesii,Lamiaceae,Prostanthera,,10km
Prostanthera marifolia,Lamiaceae,Prostanthera,Seaforth Mintbush,1km
Prostanthera palustris,Lamiaceae,Prostanthera,Swamp Mint-bush,1km
Prostanthera staurophylla,Lamiaceae,Prostanthera,Tenterfield Mint-bush,10km
Pseudophryne corroboree,Myobatrachidae,Pseudophryne,Southern Corroboree Frog,10km
Pseudophryne pengilleyi,Myobatrachidae,Pseudophryne,Northern Corroboree Frog,10km
Psilotum complanatum,Psilotaceae,Psilotum,Flat Fork Fern,1km
Pterostylis alpina,Orchidaceae,Pterostylis,Alpine Greenhood,10km
Pterostylis bicornis,Orchidaceae,Pterostylis,Horned Greenhood,10km
Pterostylis chaetophora,Orchidaceae,Pterostylis,,10km
Pterostylis cobarensis,Orchidaceae,Pterostylis,Greenhood Orchid,10km
Pterostylis despectans,Orchidaceae,Pterostylis,,10km
Pterostylis elegans,Orchidaceae,Pterostylis,Elegant Greenhood,10km
Pterostylis foliata,Orchidaceae,Pterostylis,Slender Greenhood,10km
Pterostylis gibbosa,Orchidaceae,Pterostylis,Illawarra Greenhood,10km
Pterostylis metcalfei,Orchidaceae,Pterostylis,Metcalfe's Greenhood,10km
Pterostylis nigricans,Orchidaceae,Pterostylis,Dark Greenhood,10km
Pterostylis oreophila,Orchidaceae,Pterostylis,Blue-tongued Greenhood,10km
Pterostylis pulchella,Orchidaceae,Pterostylis,Waterfall Greenhood,10km
Pterostylis riparia,Orchidaceae,Pterostylis,,10km
Pterostylis saxicola,Orchidaceae,Pterostylis,Sydney Plains Greenhood,10km
Pterostylis sp. Botany Bay,Orchidaceae,Pterostylis,Botany Bay Bearded Orchid,10km
Pterostylis ventricosa,Orchidaceae,Pterostylis,,10km
Pterostylis vernalis,Orchidaceae,Pterostylis,,10km
Pultenaea elusa,Fabaceae (Faboideae),Pultenaea,Elusive Bush-pea,1km
Pultenaea sp. Genowlan Point,Fabaceae (Faboideae),Pultenaea,,1km
Pultenaea sp. Olinda,Fabaceae (Faboideae),Pultenaea,,1km
Rhizanthella slateri,Orchidaceae,Rhizanthella,Eastern Australian Underground Orchid,10km
Sarcochilus dilatatus,Orchidaceae,Sarcochilus,Brown Butterfly Orchid,10km
Sarcochilus fitzgeraldii,Orchidaceae,Sarcochilus,Ravine Orchid,10km
Sarcochilus hartmannii,Orchidaceae,Sarcochilus,Hartman's Sarcochilus,10km
Sarcochilus weinthalii,Orchidaceae,Sarcochilus,Blotched Sarcochilus,10km
Thelymitra adorata,Orchidaceae,Thelymitra,Wyong Sun Orchid,10km
Thelymitra alpicola,Orchidaceae,Thelymitra,Alpine Sun-orchid,10km
Thelymitra atronitida,Orchidaceae,Thelymitra,Black-hooded Sun Orchid,10km
Thelymitra epipactoides,Orchidaceae,Thelymitra,,10km
Thelymitra kangaloonica,Orchidaceae,Thelymitra,Kangaloon Sun Orchid,10km
Trachymene scapigera,Araliaceae,Trachymene,Mountain Trachymene,1km
Typhonium sp. aff. brownii,Araceae,Typhonium,Stinky Lily,1km
Tyto longimembris,Tytonidae,Tyto,Eastern Grass Owl,1km
Tyto novaehollandiae,Tytonidae,Tyto,Masked Owl,1km
Tyto tenebricosa,Tytonidae,Tyto,Sooty Owl,1km
Viola cleistogamoides,Violaceae,Viola,Hidden Violet,1km
Wollemia nobilis,Araucariaceae,Wollemia,Wollemi Pine,WITHHOLD
Zieria adenophora,Rutaceae,Zieria,Araluen Zieria,10km
Zieria buxijugum,Rutaceae,Zieria,Box Range Zieria,10km
Zieria formosa,Rutaceae,Zieria,Shapely Zieria,10km
Zieria parrisiae,Rutaceae,Zieria,Parris' Zieria,10km
